rating,title,text,images,asin,parent_asin,user_id,timestamp,helpful_vote,verified_purchase
1.0,don't waste your $,Very poor quality and flat as a pancake. Bought others that day and what a difference. Not stuffed very well at all. Does not plump up as the fillers inside are very little. Very disappointed with this company,[],B01K69SDY4,B09T3QS13Q,AHCKSJ26QBDYUSFDQBRHHBOZ2KWQ,1477220325000,3,True
5.0,I am very please with this purchase!,"This chair is super easy to assemble, and comes with the tools you need. It took me about 2 minutes. It’s very sturdy. I love it!","[{'attachment_type': 'IMAGE', 'large_image_url': 'https://images-na.ssl-images-amazon.com/images/I/7111JbAMMvL.jpg', 'medium_image_url': 'https://images-na.ssl-images-amazon.com/images/I/7111JbAMMvL._SL800_.jpg', 'small_image_url': 'https://images-na.ssl-images-amazon.com/images/I/7111JbAMMvL._SL256_.jpg'}]",B01N5KG39E,B07P5WVHVJ,AGSAIHANTWSUQ7GVKQ3JRNTWMZBQ,1520696234583,0,True
5.0,Soft!,Love it,[],B07GRMYVV4,B07GRMYVV4,AF3J65JTGQ55552R4EOXIKI27IZQ,1546266820583,0,True
5.0,"Perfect for corralling my ""take during meals"" bottles.","For my purposes, it would work better without the dividers, but its beauty and solid craftsmanship make up for that! Perhaps they'll sell another with a different form factor. That would be ideal!<br /><br />THIS divider is on my kitchen table, which is a mix of grey and brown stained wood. The divider's colors echoe the long curvy lines of natural wood with its delicately carved body, and grey and brown finish.<br /><br />The wood and handles are solid, making this one of the highest quality items you could buy to perform whatever function you have in mind. Each section is lined with a very thin very soft material. It's luxurious.",[],B08SSTR3Y8,B09CJX61MZ,AFW4KVBYU63WKKAJSRQAMALDRRHQ,1665731335141,0,True
3.0,it's a pillow,got this to go with my Minnie themed bedding and it fits right in. I'm not a big throw pillow fan but it was Minnie so hey,[],B006TU2940,B006TU2940,AHAMORDGL3SZ76YF3WYY5N246EAA,1377787917000,0,True
3.0,Not for petite people,Quality of material is average. Easy to put together. Definitely not for petite people. I am 5’3” and when I put the wheels and sit down my feet do not touch the floor on the lowest setting Also when I sit back.,[],B0BCD884LG,B0BCD9BLXC,AER6I2DVQ6VK7EAAP6D7VB6PTQ4A,1670874795889,0,True
5.0,Strong stainless steel and easy cleaning. I'm using it for chicken wings and ...,Strong stainless steel and easy cleaning. I'm using it for chicken wings and jerky in the oven. I also received a free recipe ebook as a bonus gift! Great buy.,[],B01IS02O9S,B08L5CVWKC,AGS77DFJ5LLYMI7G52BNX2KMNUHQ,1506986162174,0,True
1.0,falling apart,I loved this product when I first received it. however it is falling apart. I would not purchase another one,[],B07PXBN9YQ,B0B2CSPLS4,AFOQOJ75RJAXQPA4PELUCJBZLCPQ,1610385286676,1,True
5.0,Worth it,Compact and powerful,[],B07S9R3HFQ,B07S9R3HFQ,AHPBBQ2JB4TEFB64OLFFQVKII3KQ,1565107172429,0,True
5.0,Can't beat Cutco for quality and durability. I wish ...,Can't beat Cutco for quality and durability. I wish a larger board were available. These are the only cutting boards I will use.,[],B00EX94UL4,B00EX94UL4,AFJYFBQSGV4AA7ERCJ22MMGQISDA,1458483932000,1,True
5.0,I love these sheets,I have been looking for bamboo sheets for a while. A friend recommended these. I literally don't want to get out of bed in the morning because they are so comfortable. Worth every penny to have the coolness and comfort that I needed in sheets. Plus them being organic is a winner too!,[],B0B8JNC7GP,B0BZF9183Q,AHBVOZDSMA4CA7A6RPQHBARTYVWA,1672606292916,0,True
5.0,very nice quality,soft and good quality. I buy alot of these and this is; be of the nicer ones for the price,[],B075HZCK77,B0828GYBF1,AGW6VI2EEQYTWFBI2JZETTYIV3SQ,1645377590740,0,True
5.0,Love them.,Love them.  Pockets very deep.  Thought they were going to be hot because of the texture-but not hot.  Very soft!,[],B07F97N85W,B084TBSL2C,AEHOIONUYAZD7CYWRBWEIY77MEKQ,1561909670300,0,True
4.0,Does the job,"Does a good job of being a desk in a small space. Slide out keyboard shelf broke almost immediately, but I was able to fix it. Its a bit short and I plan to raise it up, but it fits the small space and looks nice. Does not react well with water or condensation off glasses(surface bubbles and paint comes off), but overall it works and I like it.",[],B00E3V3YX2,B09XDSF8VV,AFNGBJK6SVNQSR6CVFNVZFAUVAKA,1611524851654,0,True
2.0,Does not work well,I liked that this item was invisible once applied. Followed the instructions on the packaging. Cleaned showers throughly and I am OCD so it was cleaned and rinsed well. Read instructions twice to be thorough. Application was easy. Make sure to go over strips several several times for a good adherence to the surface. However after only two bathes they started peeling up and would be floating in the tub. Also very scratchy on bum.,[],B09K3XSWRM,B09K3XSWRM,AGPUPDZ6FCJXBVL6HHZKP2NTS3LA,1641833345587,1,True
5.0,Great product,The product was exactly what I needed. Great quality.,[],B07F6QPR54,B07F6QPR54,AH3DRCHBMN3VKHE33ONIHDM7EA3A,1573642345857,0,True
5.0,So comfy with your comforter. Doesn’t wrinkle after washing.,This is my favorite duvet cover!  I won’t sleep in anything other than 100% cotton. Did not wrinkle when I washed it for the first time and put it in the dryer. Very comfortable with your comforter.,[],B07J4M9LRJ,B07J4PBM9V,AHNDUGQI6QSCLNWKY47U3UZV5AEA,1574313699229,0,True
5.0,Fits our cabin guest bath perfectly!,Lovely design! Soft & absorbent. Good value.,[],B008NMOLIY,B09XY9M1GY,AFUEPXJFNYRODDBUWSN5Y6DRFNQA,1657045512895,0,True
5.0,Superb espresso machine for the price,"We researched other espresso machines and chose the DeLonghi EC702 due to price and design.  It heats up quite quickly and does an awesome job.  Great frother great tasting espresso.  Easy to learn and easy to use.  Of course, it isn't the highest priced espresso machine but for the price we are quite happy.  Smaller footprint for the counter, but that's a good thing.",[],B001CNG7RY,B0BFZRSBP7,AEQR45LTFA5S2WNU7GGNIXDFPA4Q,1419223090000,1,True
4.0,It's good. Holds a couple shots.,Little pricey but it's what I wanted. Small flask to hold a couple shots.,[],B00CA1GD9O,B00CA1GD9O,AEC7TDXXZQEAUNF5L2AZKBV3ZXDA,1647195504164,0,True
5.0,Narrow space shelving,"This product was as advertised.  I miscalculated the measurement when I ordered the shelving unit, and it was too narrow for my purpose.  It is a nice unit for the size, however it probably would be best used with the support of a wall.  Due to the narrow, high measurements, it is not sturdy enough as a stand-alone, in my opinion.  It was very easy to put together with no tools.  I believe it would be very serviceable if used properly.",[],B07D6SX2GH,B07D6SX2GH,AEYUW4QSW43ZCNY3KFRMD75BXKYQ,1549674212511,0,True
5.0,Quick setup,Easy way to spray olive oil on veggies before roasting. My daughter recommended it & it’s a convenient gadget for the kitchen.,[],B00004SPZV,B09MN4KW9C,AGEJHK2OOWBWRTCZQCVTPC4HJ3XQ,1640030284806,0,True
5.0,Great product,"This is a great product, I have used it on my curtains . Easy to use, fast and did not burn myself at all!  Lightweight and easy!",[],B01N1QE5ME,B0BDDPGF7N,AFC3LCWJNTWQPYVD6PH3TBJHPENA,1646764580117,0,True
1.0,"Cheap, do not buy this. Hot to sleep on. Impressions","We have had this topper king for only 1 month.<br />There are impressions already where my husband and I lay.<br />I'm so disappointed!<br />It's also very uncomfortable,  VERY HOT . I DO NOT RECOMMEND THIS PRODUCT.",[],B075MRNL79,B09HN8WPRW,AGWRTQIJ5FAWSGDOA5QLJVZRTE4Q,1600253092698,4,True
5.0,Best wooden spoons set,These wooden spoon set is light weight as well as durable. Best purchase I’ve made toward a cooking set of spoons.,[],B0989G1P8J,B0989G1P8J,AFVHKGR7333TQPDJBPRXC7Z64MGA,1657652163818,0,True
3.0,Shrinks bad when wet,I decided to go with this product for the value of the money. I didnt realise that it would get very small when wet. It shrinks to half its size when wet. Even after washing in washing machine it is half its size. It can be stretched back to its regular size but it is such a hassel keeping it in your hand when taking a bath and its shrinking. I am looking for a larger one and maybe if it shrinks I wont have to fight with it.,[],B00LGLOKLM,B0BMQTXVJ5,AH6KFH6JKP6ZK76HSGQZS7PLBOXA,1577290924360,0,True
5.0,It really works! It removes stain very well.,It really works!  It removes stain very well.,[],B0126C9A5K,B087HGJJSQ,AFMOKEL6NR2KKQP32FOPGRK56BTQ,1504287468936,0,True
5.0,Beautiful,Beautiful worth paying,[],B0B6GRTGJG,B08F92Q1YT,AFCYAH3E2M6YPG5FBY6ZJN7HDHWA,1671059862691,2,True
5.0,Great value,This was great value for my low budget needs.  Better ones out there but this price hard to beat after searching awhile.,[],B07T9LDWD1,B09B6MCGY2,AFY5H4VKGO4IFKCOZ47BZMCMZ7GQ,1608253762531,0,True
5.0,Love this!  Not just for kids.,"I’m 75 years old with multiple joint replacements and it’s been harder and harder to get up into bed. Then I got this idea and it’s wonderful. Doesn’t slip all on the hardwood floor, and is simply well-made.","[{'attachment_type': 'IMAGE', 'large_image_url': 'https://images-na.ssl-images-amazon.com/images/I/C1mm3kkSXcS._SL1600_.jpg', 'medium_image_url': 'https://images-na.ssl-images-amazon.com/images/I/C1mm3kkSXcS._SL800_.jpg', 'small_image_url': 'https://images-na.ssl-images-amazon.com/images/I/C1mm3kkSXcS._SL256_.jpg'}]",B0039MIUXA,B08X8DXQ5M,AEGJH4BTNK5VLSITFVEW532EI76Q,1607727869309,0,True
5.0,Love it!,This looks great in our bedroom and I love that we actually sort our laundry now. The only problem is that the velcro that holds the bags together inside completely ripped off after about two times of pulling the bags out (not that it really makes a difference). I'd recommend the hamper if you're considering buying one.,[],B00A4NOQJO,B08S582942,AGRFAW4JOXVJPGXAZ2BLFDMCTV5Q,1397232195000,0,True
5.0,Fast relief,Worked wonderful,[],B074DWGBH5,B0BY2FL3ZX,AGNQ42TAJ6ACAH47GBCTG4UNJXYA,1579897827861,0,True
1.0,Horrible quality,Have only had these towels for 24 hours and they are already becoming undone,[],B00GQP0XTQ,B0BGLZXZQ6,AFSI5UDUXLXNOOCNSWJ5TKKAH5AA,1679783529470,0,True
5.0,Realistic,Beautiful and realistic,[],B07M9NR6Q8,B07RRWWVPF,AHMH5OBTYFLYHE4R3OKECXF6L6EA,1617677898274,0,True
5.0,May the force be with your sushi!,"LOL.  What can I say, if you like sushi and Star Wars then this is for you.  Just a blast!!!",[],B003GXF94U,B003GXF94U,AHREYXKVN2WWPNHOD5PAUODOUXQA,1367241715000,0,True
2.0,"Design flaw, seat support broke","The fiber board seat spport broke in half within 3 months. Assembled easily, looks good, but must have a design flaw in the force of the seat.",[],B072HYJBSM,B072316C67,AHUVYSWFODFL6JZKEXL3BSUM2HSA,1569192671586,0,True
1.0,Makes bitter coffee.,The coffee is Just bitter when I use this. It’s terrible.,[],B008YS1WXE,B008YS1WXE,AGGEUDWPUX2MHQDBXTABQPUJCTOA,1614852462274,0,True
5.0,Five Stars,This mold is absolutely beautiful.,[],B014QI46P6,B014QI46P6,AHEIHUEHKW4FPI2R47UGPVPCSGGA,1485520057000,0,True
5.0,Bookcases,The bookcases came on time and we're just the  right color and went great in our family room.  They are very well built and would recommend them to anyone .,[],B0030HIJ4Y,B07GZL1G35,AHK5453PH3OED4GQBSEV6HJ3OXBA,1466952102000,3,True
5.0,Nice,Base is very sturdy and strong.<br />Had some trouble with aligning as the knobs/hinges  were a little tight but my husband helped me with some straightening . Looks good. But the durability of the wood I am not sure also not sure if it is scratch /stain resistant. Bought it for my home office.  For now I am pleased with it.,"[{'attachment_type': 'IMAGE', 'large_image_url': 'https://images-na.ssl-images-amazon.com/images/I/71ulc55UkjL.jpg', 'medium_image_url': 'https://images-na.ssl-images-amazon.com/images/I/71ulc55UkjL._SL800_.jpg', 'small_image_url': 'https://images-na.ssl-images-amazon.com/images/I/71ulc55UkjL._SL256_.jpg'}]",B075KJPRC4,B075KJPRC4,AHL7PFUESXOPHFKT62N7FKPRZH7Q,1532290354831,0,True
5.0,Great.,Great and easy to use,[],B07QX4N4ZN,B0C5T33WLY,AHJCTDB3VD65ERCJTMDHNIW7R4AQ,1608919779080,0,True
5.0,Perfect for everyday wine drinking!,Beautiful and sturdy. Dishwasher safe. What more can you ask for?!,[],B015OSB0E2,B09NFHPZ36,AE6RSOBHQJW7LEP562SLA2O6DJZA,1576003321346,0,True
1.0,These are awful,It’s fun trying to get ice out of this and getting like five at a time and having to twist and turn it nonstop to maybe get five more and then by the time you get all of them out the ice you already put in the glass is melted. What an ordeal.,[],B08XH663GH,B08XH663GH,AFZRPIANM2NBRREW4JRE5F7746NA,1646120644081,0,True
1.0,no better,no better than cardboard  flimsy,[],B00563202M,B07R6TNTP3,AEOITXHD5KFFFN2G3VFOXPV5B5ZA,1562276252565,0,True
5.0,Best shoe storage ever!,Holds all my shoes perfectly!,[],B075CHGW59,B075CHGW59,AFOJQ3JHBQZGBFM4VY5WGLJFR2JQ,1577045642534,0,True
1.0,Weak Immersion blender and noisy,"Immersion blender is wo weak. Just after 2 months its broken. U just use for this for my baby puree food, not even use for hard stuff like ice or nuts! For the first time use, it was quite, but 3 times usage later noise is getting worse, soooo loud..i dont know how to replace immersion blender :(",[],B076BRPNJ1,B0C5K1MF9X,AGZDFCIVH4DMKKE4XWLPWSSEBWPA,1540525922583,5,True
4.0,"Fits fine, just beware to read the description: has no illumination","Easy to adjust to fit head, I had no problem adjusting it to my large head.  The long rectangular lens in the front works great, the view & clarity of what looking at is the equivalent of looking through a dissecting scope, without the illumination.  Be aware this has no illumination with it (understandable because this item is so inexpensive), so you'll need to be using it near a bright light. I doubt I could get accustomed to using the monacle round lens,  But the long rectangular lens in the front is sufficient.",[],B0009VYPK6,B0009VYPK6,AH6UBP6YOEDB3V43NYE2FGHBHEJA,1404898004000,0,True
5.0,Fantastic Knife,"This knife feels great in your hands and cuts like a dream. The weighted full tang handle ensures that the knife always feels balanced in your hands, and it is up to the task of heavy duty work in your kitchen. With this knife I can easily break down a chicken for pan fried chicken, it's delightful.<br /><br />This knife holds an edge well, so with proper maintenance this knife will last a lifetime.<br /><br />I would buy it again",[],B0009J3P8Q,B0009J3P8Q,AGZHHCED3VT4A3KQUPGMXUHGZQDQ,1364649397000,0,True
5.0,Best. Scent. Ever.  (IMO),Bought the small to try it; absolutely adore the smell.  I have to put this at the top of my list even above autumn leaves!  Will be buying larger candle for sure.,[],B07D39L4Z8,B07R4PQX6X,AGJMR7MIWSIGTHP2BKXA7OCDOB4A,1582414403718,1,True
3.0,Cute little thing,"Cute teapot for one, not suitable for sharing  if you like a proper mug full of tea as you will only get one and half out. Really was tinier than I expected. Would be great if they had a 2.5l option now that would be lovely. 10 points for cuteness, 5 for size but then again it IS 800ml","[{'attachment_type': 'IMAGE', 'large_image_url': 'https://images-na.ssl-images-amazon.com/images/I/61YrzrLcNBL.jpg', 'medium_image_url': 'https://images-na.ssl-images-amazon.com/images/I/61YrzrLcNBL._SL800_.jpg', 'small_image_url': 'https://images-na.ssl-images-amazon.com/images/I/61YrzrLcNBL._SL256_.jpg'}, {'attachment_type': 'IMAGE', 'large_image_url': 'https://images-na.ssl-images-amazon.com/images/I/71XpnkGsuzL.jpg', 'medium_image_url': 'https://images-na.ssl-images-amazon.com/images/I/71XpnkGsuzL._SL800_.jpg', 'small_image_url': 'https://images-na.ssl-images-amazon.com/images/I/71XpnkGsuzL._SL256_.jpg'}, {'attachment_type': 'IMAGE', 'large_image_url': 'https://images-na.ssl-images-amazon.com/images/I/71tc48P9RAL.jpg', 'medium_image_url': 'https://images-na.ssl-images-amazon.com/images/I/71tc48P9RAL._SL800_.jpg', 'small_image_url': 'https://images-na.ssl-images-amazon.com/images/I/71tc48P9RAL._SL256_.jpg'}, {'attachment_type': 'IMAGE', 'large_image_url': 'https://images-na.ssl-images-amazon.com/images/I/81WfFIOwhAL.jpg', 'medium_image_url': 'https://images-na.ssl-images-amazon.com/images/I/81WfFIOwhAL._SL800_.jpg', 'small_image_url': 'https://images-na.ssl-images-amazon.com/images/I/81WfFIOwhAL._SL256_.jpg'}]",B00ZOLU1VI,B09S5P8DQ4,AGRZSHNQW2NWDB2AQXO7TRZRTX6Q,1555069069340,0,True
1.0,Not try to description,After weeks of searching I decided this stool pair would be great for the price and it’s tall. Most of all the weight capacity. They item I’d like cardboard. Very light weight. If you’re over 150lbs this wouldn’t be a good option other than decoration. The metal bends easy. My fault for buying two pair. I’m finally trying to return one pair since I put one of them together.,[],B09NNLX8LT,B0BZCVFJN5,AGQVMXR2RRCXVCZNMMFB3OAFR2AQ,1687048671641,0,True
5.0,Love it,Never knew I needed this until I got one. Beats using a cup. I love it! So easy to use and clean.,[],B0788G8H6V,B083K8YJGN,AFZPCDYW3UJT5CW3HZK2RAKTQEAA,1643224162818,0,True
1.0,Not sweat proof and sounds swishy,Not waterproof or stain proof at all. After 2 years of use mattress has stains from sweat. Also feels like plastic and moves around at night,[],B00MW50EDY,B0B5235P58,AH7YCN5TBR7JKYLCFFOHQ7MYWYUQ,1566237344999,0,True
4.0,Nice quality,"Nice quality, love the fact you get 2 heart molds I have not use them but will update after I do. Excited to see what I can crest with these.","[{'attachment_type': 'IMAGE', 'large_image_url': 'https://m.media-amazon.com/images/I/81CtsB7BbML._SL1600_.jpg', 'medium_image_url': 'https://m.media-amazon.com/images/I/81CtsB7BbML._SL800_.jpg', 'small_image_url': 'https://m.media-amazon.com/images/I/81CtsB7BbML._SL256_.jpg'}, {'attachment_type': 'IMAGE', 'large_image_url': 'https://m.media-amazon.com/images/I/81VKAfx4ZXL._SL1600_.jpg', 'medium_image_url': 'https://m.media-amazon.com/images/I/81VKAfx4ZXL._SL800_.jpg', 'small_image_url': 'https://m.media-amazon.com/images/I/81VKAfx4ZXL._SL256_.jpg'}]",B09KRTCXH2,B09KRTCXH2,AFIY4QKQCLBBLFZ2RKA76Q2Z4KFA,1643824207151,0,True
5.0,Pretty!,My girls love these on their wall.,[],B07RBD5PVN,B07RBD5PVN,AFJMD4MAUGDZNP4U3LBGHWN3WMRQ,1616379590310,0,True
1.0,this item came all broken and is a piece of garbage,not worth 1 dollar this is the second item that has come all broken,[],B081SHJZCH,B0C65Q75C5,AGQ24MNDVKPDCX24ARG6PPBETJDQ,1590092192269,0,True
1.0,Little rug. I thought it was bigger,It covered just enough area for my feet. I was misled by the photos presented,[],B00TFBQBTO,B08VW13K4G,AFIS5JNB6L2ZRBSRV6JS6C2URDHA,1650158643410,0,True
1.0,Not rust resistant,These rusted in less than 6 months.,[],B0042ZB1YI,B0BZ5N3LZL,AFDS73HXZVLXXXF45KGYN5EYZACA,1571505745408,0,True
5.0,"simple, easy, cute","This is a great basic mini rice cooker. Small and easy to carry for lunch at work. Consistently cooks rice well after many uses, and very easy to clean. A perfect gift for the guy who has to have rice with every meal.",[],B09FJS2LDX,B09FJS2LDX,AHA6CUOZHSKY7IQRSQFCXVV3DLYA,1639428883776,0,True
3.0,Sofa,This sofa is very hard. Even though I like the look of the sofa I would not purchase it again.,[],B077FR9ZS8,B07D3NR66X,AFIEDOI22LZ6VHA766IZLC74VRXA,1688053234454,0,True
5.0,Much better than I expected,"Much better than I expected. It makes my cheapo, water stained plastic veneer table top look like a wood table.",[],B01EVNVRZ8,B078M58CVT,AFNZSOKLJ7IX3LOBVRSFETXAAFIA,1520997403882,0,True
4.0,Four Stars,Not for dolce gosto,[],B00KNPJ378,B0BQG36KCM,AGLJ7KKX3LV6UDWIV7YAV6M7IW4Q,1457342626000,0,True
5.0,Can do!,Great for organizing.,[],B06ZZ3L8GN,B07FDP1B6B,AEFQG2NEH7TAQZTDJWWBMKKMUJ7Q,1611019335570,0,True
5.0,Perfect Fit!😊,"Fits perfectly, easy to put on. Great fabric, like soft suede! Love the look, not sloppy looking. Better price than similar cover I purchased in a department store. My recliner is a big chair, and it fits like a glove with plenty of stretch. Very nice looking cover! My camera did not give true color, true color is beautiful teal, like in advertised description, but you can see the nice fit😊","[{'attachment_type': 'IMAGE', 'large_image_url': 'https://m.media-amazon.com/images/I/718PsSkQOHL._SL1600_.jpg', 'medium_image_url': 'https://m.media-amazon.com/images/I/718PsSkQOHL._SL800_.jpg', 'small_image_url': 'https://m.media-amazon.com/images/I/718PsSkQOHL._SL256_.jpg'}]",B08BY8MLQR,B08BY8MLQR,AGMRLMFLHTVAAPYAZMIPVMV452CA,1641849241600,0,True
5.0,best coffee maker,flavor of coffee better than starbucks,[],B07B83DGMV,B08Q6HHLHX,AF2LPD6UCA2S667O52C34KKARTWQ,1579238609105,0,True
5.0,Quality,5 stars,[],B07V23KX9K,B0C4FWD4DB,AEPFSONI7I3BPEEIDXAGEPCMQL3A,1615123684817,0,True
5.0,Five Stars,Fits into an alcove in my Grandson's room perfectly. I used Quakehold straps to secure it to the wall!,[],B00CJUPCS4,B07CFWDN5W,AEEYB7VPWJPPEURP5Q3WW2OW4SPA,1432468792000,0,True
5.0,Great buy!,"I bought the 14” stockings. Perfect size, love the knit feel. These are good and chunky. Absolutely can’t beat this deal! Perfect addition to my decor this holiday season.","[{'attachment_type': 'IMAGE', 'large_image_url': 'https://m.media-amazon.com/images/I/71phE9XdGhL._SL1600_.jpg', 'medium_image_url': 'https://m.media-amazon.com/images/I/71phE9XdGhL._SL800_.jpg', 'small_image_url': 'https://m.media-amazon.com/images/I/71phE9XdGhL._SL256_.jpg'}]",B07HR8GBH6,B08PYWWNQT,AHISVNFLNRMTTW6CKSFT3W5HTVYA,1671325815631,0,True
5.0,Not really a toy,I consider item more of an ornament than a toy.  As an ornament it is very nicely done and granddaughter was pleased to receive it we plan on making a special tree at christmas with all her barbie ornamets,[],B000JNVKGG,B000JNVKGG,AG4FFFFBLXORGA5JMHKUXMP4SPVQ,1320093835000,0,True
4.0,I like the height,"Seems wobbly. I like the height, look, and ease of this frame. But yes it does sway some when one person re-positions it wakes the other up. We will have to find a way to fix this either by anchoring it to wall or a headboard somehow. I have the king size frame.",[],B017YETI16,B0BZJP9VGZ,AGXZAVWGMDPBG7DX5MX4CIIFOAUQ,1475596370000,1,True
1.0,Junk construction,Put four new batteries and nothing worked.  It was total inferior construction; should not even be marketed at all.,[],B00MIFOJMK,B0BT55Z39M,AFZF55ZXSRQYCQ6RCB77C7GQBBDQ,1661771438450,0,True
5.0,Softness,The only dislike was how small they were,[],B08MSYMP9N,B08MSYMP9N,AFWAJCI23MRCQTWRB26F5SHSGRJQ,1649856698304,1,True
5.0,Nice and light,This comforter is a little thin but my son really liked it. It is reversible too so that is nice. It arrived within a week!,[],B00Q7OFEM2,B00U8QGU32,AH7VREW7QLTH4KB42CCNGSGNMWEA,1448061066000,0,True
5.0,Leaks a little when pouring,Works great.  Leaks a little sometimes when pouring,[],B076JKRBCF,B076JKRBCF,AF3GZW2FNHIQYOIVIQTSJVKZYYHA,1542571097390,0,True
5.0,Great Little Timer,"I've only used this little timer a couple of times but so far it works like a charm.  I'm hard of hearing and do not always hear the oven bell when I'm not in the kitchen, so I carry this little thing with me to wherever I need to be in the house.  It is very simple to operate, the numbers are large and the bell loud and clear, but not annoyingly so.  Can't beat the price either.",[],B00GOPICNM,B08LQVL2WL,AHKZBC6XFGNAASFIOMY4D7OZUDDA,1438003950000,0,True
5.0,Cozy,Omg so cozy soft don’t pass this one up,[],B07JX4S5QT,B07JK685ZX,AEM7UZ4IOMPWK7B63LZNX255OIQQ,1624418701968,0,True
5.0,Glam up the apetizers,Used for apetizers for my daughter's 16th birthday the girls loved the rhinestones,[],B07G8Z4PD9,B07G8Z4PD9,AGPCAJH756QUET5IASJF3YTW5MSQ,1573612361969,0,True
5.0,Sturdy,Love this super spacious also,[],B0722C3PVH,B0722C3PVH,AGXMASLY32ZVGUNMPYAQK334AFJQ,1616818244777,0,True
5.0,Five Stars,Great bags. Great price,[],B000YYVK7Y,B00P8FTHFG,AGAZQDXSKPGW7D3IK5XNS4TLBQTQ,1424891014000,0,True
5.0,Wife loves them,Great set,[],B01MS4K2UA,B097VN9J9F,AG5JNYE66DTYTNDP5SGPB5POC64Q,1599795097476,0,True
5.0,Great curtains,Curtains are being used in a bedroom. I love the color and length of curtains.,[],B07RTH5WNB,B09C7NHFKT,AGSL55DUU2J2TBKRA57N4SVY7AUQ,1585537584601,0,True
5.0,Love it,Very pretty pink. Very full. I got two sets and then they sold out lol if it ever comes back in stock I would order more,"[{'attachment_type': 'IMAGE', 'large_image_url': 'https://m.media-amazon.com/images/I/61fQCxWwbmL._SL1600_.jpg', 'medium_image_url': 'https://m.media-amazon.com/images/I/61fQCxWwbmL._SL800_.jpg', 'small_image_url': 'https://m.media-amazon.com/images/I/61fQCxWwbmL._SL256_.jpg'}, {'attachment_type': 'IMAGE', 'large_image_url': 'https://m.media-amazon.com/images/I/71Lncf+e54L._SL1600_.jpg', 'medium_image_url': 'https://m.media-amazon.com/images/I/71Lncf+e54L._SL800_.jpg', 'small_image_url': 'https://m.media-amazon.com/images/I/71Lncf+e54L._SL256_.jpg'}]",B09WN5GY14,B09WN5GY14,AFS5KJKFO45DEX56KUF6BEQJO3DA,1663619706232,0,True
5.0,Five Stars,Quality Product!,[],B00UIVIXVO,B0BVGMZSY4,AEJGFZ37QZ3O6LPBTED6UGSJMKQQ,1489093301000,0,True
5.0,... oven to make a beef stew and it came wonderful. very easy clean up,"Used the Lodge dutch oven to make a beef stew and it came wonderful. very easy clean up, run under water and mild detergent.",[],B0039UU9UE,B0BNPW9K5S,AEIHEMR54TBMNNS2N2MSSI6UKWYA,1420140298000,0,True
5.0,Highly recommend,Worth its purchase price... Super sturdy and easy to assemble.,[],B07PWBVQ1J,B0BR4DQMMS,AGY6AOBCUOIG5KQDZRX52YTM376A,1622138009773,0,True
5.0,Excellent,"Product was OK, great service",[],B07D28YY33,B07D27X5FF,AGNEEUKHTN3AB72FDNU55LURPO7Q,1556671462006,0,True
1.0,"Cheaply made, skip it","I loved this thermometer right up until it broke three months into using it. Best as I can tell, the circuitboard just came unglued from the battery. I never dropped it or abused it, just cheaply made.",[],B0188XZBMC,B087YVHWHV,AGGILAPIEDHIDW6ICZVKGRNWSDBA,1528403796962,0,True
1.0,Ineffective because they don't stay fixed to the window!,"The windows were washed and wet when the decals were applied. The next morning, most had fallen. Use the kind that don't require we application. They stay on!",[],B08J7VMKZG,B0B3CT972D,AEPNTK4JZ2E5USCBRVCALU2LJLOQ,1651338386833,0,True
1.0,They burn,"I almost burned the kitchen up. Please do not buy, they are a waste of money. Thank God I have a smoke detector or the kitchen would have been on fire",[],B0B5THSGXY,B0B5THSGXY,AH2Z57V5PEBE2HBMYYDLYXO6JJHA,1670856445581,0,True
4.0,Great bag bit not worth the price,Great storage bag but the price was too high.,[],B07DXZNS16,B07DXZNS16,AGRK7FBFUUKTQIWYSGPZA4JWSZCA,1574363264052,0,True
5.0,Great value and pretty color,"Perfect for my teenagers queen size 18"" bed. A bit loose but it works great to keep the corners on. Nice dark gray color.",[],B07LDTB9BX,B093CWR74T,AGF7SAIG44Y6BECYGTKHARVB4IYQ,1563556898162,0,True
5.0,Well made Halloween fabric banner.,I am really impressed with this banner. It is very well made and the thickness of the fabric is wonderful.  I also sent one as a gift because of the quality.,[],B08GYNK6V7,B08GYNK6V7,AHQZLW625GYANXS6G7YWJT4PGTOQ,1645148583740,3,True
5.0,I have been unable to find a tub stopper for ...,I have been unable to find a tub stopper for years. This one works! Now my grandchildren can take a bubble bath without having to have the water leak out.,[],B0038JE650,B08D4QDPNW,AGP3T6O5DO7M5IQXAFLB7WQTIUWA,1417893482000,0,True
5.0,Well made and good looking.,A very nice looking set. I like the lids to keep the salt and pepper fresh. The different grinds is nice to have though I still am figuring that part out.,[],B01N33U6Y5,B01N33U6Y5,AETFVMNORJDTSTWMKQLV6PWJ4YLA,1517991415811,0,True
5.0,Loved,Great decorations for our graduation parade due to Covid,[],B07MHFPMFD,B07MHFPMFD,AHYHEN6BTLZXLZ6UVEZXK2A3BSMA,1590522236874,0,True
5.0,Beautiful. As pictured.,"This tapestry is beautiful. Bought it to hang I my daughter’s wall. Bold, rich colors.",[],B078X8Y5QF,B07R7MJW25,AHCQYR3N2DQFF4QW4YW5IZQWFIXA,1561870139937,0,True
5.0,Great cake carrier,We love our cake carrier. We love transporting cakes and other yummy treats in this carrier. We would reccomend this to everyone!,[],B0000CF8Q6,B0000CF8Q6,AFVTMVCDAFW2T3V56NSLVK3PBFXQ,1400181073000,0,True
5.0,Love it,Love it,[],B088KPH3BM,B0BJ7K6F34,AHCQY4IZVIDGP4XDX6KKCLFSQM3Q,1655846240579,0,True
5.0,Mickey Nutcracker was a HIT!!,"My 2 year old grandson absolutely adores Mickey Mouse.  When he got this nutcracker for Christmas, he was beside himself with joy!!  A treasured memory that he can enjoy at Christmas throughout his life!!",[],B07NVMSM99,B07NVMSM99,AETYGSZNNNBTWTNKMH3UGSB4CTFA,1579816985705,0,True
5.0,Good fit,"I bought these for my daughter in Florida. I went to see her this week and she had them on her bed. They were washed one time. She loves them! Soft heavy and fit great! She has a pillow top mattress and I was concerned they wouldn’t fit well. No problem, they fit great and stay on.",[],B06X9M8G8N,B0BRBSNXNT,AF75WMJ2FGD7WDWGKK3XTUTXVW7A,1516595416441,0,True
5.0,Beautiful,[[VIDEOID:a12ee390c396bbdf4aea31b99d713904]] These pics are so beautiful I’ve ordered 3 from this company. And it fits so well in my Den,[],B07B6MB8F1,B07B6MG55Y,AGNTNIGLNJXPXFGSW7Z3OHGK5EZQ,1674744499667,0,True
5.0,Five Stars,"I loved the throw, but it was not quite the color I wanted and I returned it.",[],B00PRTKW9S,B00PRTLA6C,AFX6QV2ND3YPXIBGUUYOAHIR3EBA,1460131165000,0,True
5.0,Very nice,Very nice for a bouquet,[],B0763T9PDY,B0763T9PDY,AG76HONUFO64UH7TAEBA4UAO545Q,1573696888798,0,True
5.0,Brought my Eufy back to life!,"We moved, so Mr Eufy was in storage for 2 months- when we plugged him back in- he acted like he was charging, orange light pulsing, then eventually it would turn blue but he wouldn’t do anything when the button was clicked- it’d go back to orange. Found and installed this new battery, charged him up, and he’s back to new!",[],B086JNN1ML,B086JNN1ML,AHLWD3AQ5VDVIICUYSHHS4IBTR5Q,1675621951924,1,True
4.0,"Great mug, but","I Received 2 of these for Christmas & liked the mug so much I ordered 2 more. The mug itself is great & with the cover on, a cup of coffee easily stays hot for 4-6 hours. The problem is the little flap that swings up & down to close the opening. It's held in place by 2 tiny pins. Once 1 of those break, that part of the cover is no longer functional. Not only will your beverage not stay hot or cold as long but you now have a spillage issue. To bad, it's such a nice mug. I contacted the company & they are sending me 2 new covers at no charge. Their service is as good as their product. A+",[],B07BM72CG8,B09RVSRYWC,AHHJGZB4ZW7IG4V5LNBTZ7DAEQHA,1548260145854,0,True
3.0,It is very small.,Smaller than expected.,[],B07583TVRM,B07583JYMH,AFFX6T2LFQLIJ2B5P2VPRZ3TCJYA,1639353531250,0,True
1.0,Stops working after 2 months,[[VIDEOID:403d18c6fab40b7ed53acc78999b193d]] Just stopped working,[],B07RGMW8MX,B09Y9CZSYR,AF5C42QACKFHPEVQMZZ3NPAAY4EQ,1654095215628,0,True
1.0,Feather out,"These are the worst feather pillows I've ever purchased.  The feathers started coming out less than a week after purchase, and has only gotten worse.  Trashed in less than 6 weeks.",[],B089JYFXG4,B089JYFXG4,AFJ7WPMC5OHJYLXXJZGQ5MRZK7VA,1623121234990,1,True
4.0,Holds my paper towels!,"I had a really cute bear holder but hate stuff on my counters and gave up. I got this due to it sticking then having to be mounted due to not ready to drill into my brand new kitchen. months later, it’s still hanging!",[],B07XF2489T,B07XF2489T,AH5GVPFLBC2Y6PJF6X25BLEA2AZQ,1596261844000,0,True
5.0,great,very good purchase. packed very well. plant is doing good. love the plant. highly recommend.can't wait for it to bloom. plant filling out nicely with nice green leaves.,[],B008MP78DC,B008MP78DC,AG7DSWSSTWK2U6NXGXCGXRPOHWPA,1361716474000,1,True
4.0,Perfect for lazy hair care.,I love this pillow case! I rarely have the energy at night to wrap my locs with a scarf for protection. This pillowcase gives me the freedom to sleep with ease and without worry of drying out or damaging my edges. My husband is now jealous and wants one too!,[],B075F8QL5P,B075CNDRFJ,AGAL35OZBQJ2FGY7N24633IN73JQ,1578028419746,0,True
3.0,Pretty cool. One of the glasses was broken,Pretty cool. One of the glasses was broken. I'm in search for a replacement to match the other or two similar to put with the set.,[],B004ERTSEE,B07S5BM1BQ,AGYZ4KPB7SM3LHAZ2WC63SF2JHGQ,1492456145000,1,True
5.0,Does not can large food items!,"It is a nice cooker, but NOT for zcanni",[],B07WLJN9YZ,B07WLJN9YZ,AHMU5SPSAPWRG3LI32RFJFUHXUKA,1641870294550,0,True
5.0,Good Value,Feel flimsy but looked great hanging up all season above the fireplace.,[],B07542L41M,B07542L41M,AF4QYBJBNFBQSTVEVJKUZBZHYU4Q,1546461113920,0,True
5.0,Best tree base ever,Best tree base ever,[],B000KKQDV0,B079GVJ6L1,AF2HI7SMETC7ZHMU5MNM5V3ZJ6ZQ,1607601075836,0,True
5.0,Small Tree Topper,"As we’ve gotten older, we decided to go with a small tree this year. I got the silver star to use on our 3 ft. tree . Going with all silver and white .","[{'attachment_type': 'IMAGE', 'large_image_url': 'https://m.media-amazon.com/images/I/915qCufHTkL._SL1600_.jpg', 'medium_image_url': 'https://m.media-amazon.com/images/I/915qCufHTkL._SL800_.jpg', 'small_image_url': 'https://m.media-amazon.com/images/I/915qCufHTkL._SL256_.jpg'}]",B07ZNNS3ZH,B07ZNN3GTR,AGCFT3HIJSAOWCHJATX5GN5XF2VA,1636896126111,1,True
1.0,More like Instant-break,"The instapot broke itself. We were cooking rice  with the appliance not even filled to capacity and moisture somehow made it into the control panel and the unit quit functioning altogether. After several days of drying, the instapot was still not functional. This is cheap equipment.",[],B07RCNHTLS,B09FZMC5KK,AFOE477ZDHVDD6UPJGG5DYLUWJ2A,1577767981591,5,True
5.0,As advertised.,Just what you think they are. They slide good.,[],B007U29M28,B0BZ5N3LZL,AERHDDIKKAWUZXN275IJNMD2IVQQ,1576785615725,0,True
5.0,Cute ornament,Feels a little bit cheap for over $20 but it’s a cute ornament,[],B07NC7CQR5,B07NC7CQR5,AENEOPW5URLI5SYEVACAKCCJIJSA,1578689030786,0,True
5.0,Replacement for very noisy blender,Bought this as a replacement for a very noisy blender and glad we did. It is relatively quiet and does a wonderful job on anything we have used it for so far. Makes great mango daiquiris.,[],B0758JHZM3,B07DFSNCTF,AFPKQWYRC5N5PM5XN2CLKRNCVP4A,1564787129378,0,True
5.0,Great frame for tiny house,[[VIDEOID:39a0a136615e172c88656f958d2a7042]] Very sturdy frame for our cal king bed. Nice rounded corners on the front legs. Perfect height for our under bed storage. It was easy to assemble with one person.,[],B08XYPV1TN,B09697LK6P,AGO5VN2CJYUHVQMDKAVNBYRD545A,1678737742342,0,True
5.0,Nice!,Love these. They are definitely longer than a standard hand towel.,[],B083K5FGWF,B083K4S7FF,AGVC2CHHM2BDUK6AEBW6ZIKK3MFA,1597870089344,0,True
3.0,Tiny votoves,Very small not full size votives,[],B07CJW628Z,B07CJW628Z,AGR7X2UOGPZ5POVXTYX5MIMTZX6Q,1610324745636,0,True
5.0,Very Pretty,Looks better in person.,[],B07WQTLTJK,B08MVC5NRC,AFKV45ZVQODJ237HV4PPARHDTJ3Q,1644350418550,0,True
5.0,Five Stars,great blender,[],B00HTFARRU,B00HTFARRU,AHZVLSD75RWI5FHIIM2Q7RRPTMGA,1521819676333,0,True
5.0,Good for more than just Microwaves,"Bought this for additional storage under a tool bench.<br />Arrived quickly, all the parts were there, with clear instructions for putting it together.<br />Sturdy and exactly what we needed.",[],B076D4WW9G,B076D4WW9G,AHI63RBSHU4CKUDAFHAIHPGQHHPQ,1624396634311,0,True
5.0,The comforter is super cozy. Just the right weight so you don't ...,The comforter is super cozy.  Just the right weight so you don't feel too warm.  Love that it's made in the USA by veterans.,[],B00FGCND0Q,B00FGCND0Q,AFLWB5ZLOMIXWYS3DBLAZPGAVAPA,1445710791000,0,True
5.0,Believe the other reviews; this stockpot is an excellent value!,"I'm very happy that I read other reviews before purchasing this pot.  I have used the All-Clad stainless steel pots and pans but I needed a stockpot to add to my inventory.  This pot is sturdy and has responded well to some hard use (and vigorous cleanings!) at a fraction of the price of the comparable All-Clad model.  If you are looking for a well made item at a fair price, look no further than the Cuisinart MultiClad Pro Stainless collection.  You won't feel as guilty if you stain or scratch it, either!",[],B009W28RPM,B0BSRDTJNW,AEKVNWATGROD6MWY32RHWUOPA3PA,1443983398000,0,True
5.0,Five Stars,"Perfect. Same coffee, same smell, same taste... as my coffee in France.",[],B000F49XXG,B000F49XXG,AFHIZLI6L5SLFOCERIFDE7OXG42Q,1480349638000,1,True
1.0,Horrible,Broke after 20 seconds of being on,[],B06VXJQM33,B06VXJQM33,AHCJDRO6XWFU7O4MUMXO3BVOTH4Q,1549239702813,0,True
4.0,Beautiful dresser for a decent price,Beautiful dresser for a decent price. 4/5 stars as one of the dresser drawer knobs stripped out and fell off after first week of use. (It was only holding baby clothes!),[],B0052SG0ZE,B00NY6WM7G,AEY2XDNDMDCXK57TDOAXLVKIF6YA,1479833426000,0,True
5.0,👌,Perfect!! 🤝,[],B07GRH6YB2,B07GRH6YB2,AE2BXBWKQLHZ7HJF3TUXNYXKF5LQ,1598322644126,0,True
5.0,Very nice bath caddy,Very much enjoying this product and would recommend.,[],B01C4IS4Q2,B0C5Y1WHFY,AGEFFTDHSZI6FG3ESYYTVIIAQIRQ,1590855285983,0,True
2.0,No good,"No embossing shows up, if you press hard it rips the dough🤷‍♀️",[],B08FSV3DB6,B08FSV3DB6,AHGQ6RVZIDX2IEO4RNURCKVTBLOA,1611882759120,0,True
5.0,"HIGHLY recommended, improved my sleep!","This is one of the few purchases I've never once looked back on. This blanket has become something I use every night and even bring with me when I travel. It's durable, comfy, somehow both warming and cooling, and contrary to when the label says, I've been able to wash it easily in the washing machine/dryer. When you first lay down under it, it can be cooling, but then it retains your heat as you sleep without overheating. In the morning, if you get out of bed, then come crawl back in, your place will still be nice and warm. My girlfriend and I both swear by weighted blankets, and this one is an excellent value, I highly recommend it!",[],B07DN61HVZ,B0C3G5Z6D3,AFWO56TGBXDCKA262R4HHUVAOYLQ,1590871643225,1,True
5.0,hangers.,"received these in good time. were what I expected and helped in my closet. would recommend, but remember they still take up the whole width of your closet at the bottom.",[],B0065KFEIC,B0065KFEIC,AEAZG7FAPLR2HXWSNDB62GHUVHQQ,1399922218000,0,True
1.0,Misleading,"The owners manual explains what you can do with TWO wire racks and you get one. To make it worse, if you want to order another one, they will charge you more in shipping than the rack itself costs.",[],B07D76X7P1,B07D76X7P1,AHLOID6IEIQPDUFNLG4XTQBGHBGA,1580852740832,4,True
2.0,Chipped/cracks after having for a couple months.,I liked this product when I first got it. However after having it for a couple months I am disappointed to see that it is already cracking/chipping in the wood. Would not recommend for long term use.,[],B07H4TGCCM,B0BXRXRD9K,AHWIRSBGUJ2KTAXH2XIGANGSSA2A,1605126613584,0,True
4.0,Nice for most Things,"Works for most things, but even the biggest one will not fit my mission tortilla chips bags. They are made of paper And don’t bunch together like plastic does",[],B09GXKD3KT,B09GXKD3KT,AE6JF7SS5RYP3KZMOXGW647OFM5Q,1647532898051,0,True
5.0,love it,"organizes my nespresso pods and looks great.  I like that I can see how many pods I have which alerts me when I need to buy more.  before i bought this, i just had the pods in their boxes--much more efficient this way!",[],B07VT72HYF,B08YJN7PHV,AHRVP3ZWGP4NT4YWEAJYTILWQOAA,1589749659151,0,True
4.0,Good quality ... not so easy to put together,"The final product turned out great but the instructions were somewhat difficult to follow for some of the steps. I have put together plenty of stuff from Ikea and this was was more frustrating. No words on the instructions, just pictures and some of those were confusing enough that I messed up one of the drawer pieces and had to turn it around. Overall it took me about 1.5 hours to put it all together.",[],B09YGKLD5S,B09YGHSWTD,AH27YEYXEWC6UCT6CXS5R7JUNDSQ,1672354544338,0,True
4.0,Still see-through but nice realistic branches,"Nice looking tree, not as full as their perfect picture shows- probably photo shopped. I am not an expert tree “fluffer”, so I didn’t expect it to look as good as their advertisement photo.  But, the branches are pretty realistic and sturdy.  Very easy to assemble.","[{'attachment_type': 'IMAGE', 'large_image_url': 'https://images-na.ssl-images-amazon.com/images/I/814UIbf4oeL.jpg', 'medium_image_url': 'https://images-na.ssl-images-amazon.com/images/I/814UIbf4oeL._SL800_.jpg', 'small_image_url': 'https://images-na.ssl-images-amazon.com/images/I/814UIbf4oeL._SL256_.jpg'}]",B00FXN6HI8,B00FXN6HI8,AFGQGGPDHH43KTD4AT5RWM7DAIJA,1511028745252,5,True
5.0,Heaven sent !,"Heaven sent !  I had no idea something like this even was on the market !  , for years i have had issues with sheets popping off , I love having a feather bed but sheets do not hold well on one .  within sometime hours my sheets are always popping off , sometime I just get fed up and sleep in a balled up sheet comforter combo mess.  Not no more !  I am loving this !",[],B004GZFBA4,B07BKXXV65,AHN3SSWBINSES737EH7EXECWKLLA,1503982998819,0,True
5.0,Just what I was looking for,I wanted a doll size tea set. I wanted &#34;china&#34;. This is perfect. Box is sturdy enough for storage if not handled too roughly.,"[{'attachment_type': 'IMAGE', 'large_image_url': 'https://images-na.ssl-images-amazon.com/images/I/715FVRQUXyL.jpg', 'medium_image_url': 'https://images-na.ssl-images-amazon.com/images/I/715FVRQUXyL._SL800_.jpg', 'small_image_url': 'https://images-na.ssl-images-amazon.com/images/I/715FVRQUXyL._SL256_.jpg'}, {'attachment_type': 'IMAGE', 'large_image_url': 'https://images-na.ssl-images-amazon.com/images/I/71EDoRu6AdL.jpg', 'medium_image_url': 'https://images-na.ssl-images-amazon.com/images/I/71EDoRu6AdL._SL800_.jpg', 'small_image_url': 'https://images-na.ssl-images-amazon.com/images/I/71EDoRu6AdL._SL256_.jpg'}]",B000GHYTOU,B000GHYTOU,AELFHZX7WFM4X7ZDITFT4AXPAUOQ,1416420292000,36,True
1.0,Didn’t care for,"Doesn’t let you hang much on the rack itself, can only hold like 5 hangers at once, takes more space than it does saves space:/",[],B07F1LSL4M,B07F1LSL4M,AFYVEJ6O4FTS2Y2U7EUZZS2ZPBLA,1561481060369,0,True
5.0,Love it!,Just got mine. Works perfectly and looks great. Should be very easy to clean. I am very happy with it!,[],B00ICIGGI2,B0957GRR76,AFTP66VXF2ZQLP7DD5WF6CUPGV6Q,1474944761000,1,True
5.0,Love it!  So easy to use.  Best grinder I have owned.,So easy to use.  Best grinder I have owned.,[],B007F183LK,B084HP8DW2,AGCLNC7ETDUB3YWWFAIGSILPL5KA,1669893453888,0,True
5.0,"Fast, easy, cheap repair for coffee maker",So glad to replace this part on my Mr. Coffee coffee maker. I've probably thrown out several coffee makers because this part needed replace. This was a very inexpensive five minute fix but you will need a soldering iron. Very happy with price and shipping.👍👍👍,[],B0041LZN5Q,B0041LZN5Q,AFRAA26TZ4XNJYGVVVJ76FERYTYQ,1568200445404,0,True
5.0,Ease of use,I have Never use silicone cooking devices before. However this has changed my mind the bread that I made came out easy and intact. The only issue is sometimes it’s a little difficult to clean the grooves in the bottom of the pan but this can be accomplished with a scrub brush and soaking.,[],B083H77LGS,B0B9XV7T5Y,AFJXL2OQQN6UPA3SLSLMEFUYPOLA,1624976485632,7,True
5.0,Quality and cleaning capability.,Cleaning my stone floors. I find this product cleaned my floors to my expectations.,[],B01N8W09EC,B0B6ZQJNC5,AHKUKQHRTWT7PWMYE22REE2U5JXA,1673540839963,0,True
5.0,Great. Work as advertised,Great.  Work as advertised.,[],B00BT7QYXA,B00BT7QYXA,AHVSFLWXEGUHLX5NB7Z7LV2ZO7IQ,1436726346000,1,True
5.0,Great bag just was a little too big for what I needed,"Really nice bag, was just a little too big for what I needed. But it was nicely insulated, good design, overall good bag.",[],B00NEJACA2,B004ZDHZLA,AFREDAMYKN447USQXEWFJSWEXTDQ,1516139264488,0,True
5.0,Perfect bathroom decor functional fixture!,I have a tiny bathroom and needed something to hang clothes on for showering. This worked perfect and added a very chic accent to my bathroom decor.,[],B07H3FR5FY,B09G52NSBF,AGBNTDPSDIB2FBIQSBJF22VJW4YQ,1626860615501,0,True
5.0,Love it!,I have been doing a little decorating around my home & needed some artificial flowers or similar for my large vase & these are beautiful & they look very realistic & believable. I ordered two orders of them for a fuller look because the vase is large & I love the look.,"[{'attachment_type': 'IMAGE', 'large_image_url': 'https://m.media-amazon.com/images/I/61WcUnECDpL._SL1600_.jpg', 'medium_image_url': 'https://m.media-amazon.com/images/I/61WcUnECDpL._SL800_.jpg', 'small_image_url': 'https://m.media-amazon.com/images/I/61WcUnECDpL._SL256_.jpg'}]",B08G1RGVR9,B08G1RGVR9,AGEDVRMUSMJX7AFXULM5IHBPCG6A,1660808633363,2,True
3.0,Handy but not last more than a week,ultimately we returned it as it needed recharging to quickly for our preference. (Under a week),[],B07YJ3G5GC,B07ZZHPZ75,AFW7CQFTNTK4VL5XRXIIDL52YOWA,1596819094021,1,True
3.0,We had the same model before and it lasted several ...,We had the same model before and it lasted several years.  This one seems to have a cheaper handle and may not last as long. We'll see.,[],B002718IE0,B002718IE0,AHEFCKS6YMVYFDSNUAKRYB5DPQVQ,1418495501000,1,True
5.0,Worth all your money,So glad I invested in the Vitamix. I had a cheaper blender before but anything other than Vitamix is not worth your money. I used Vitamix brand appliances in professional kitchens and had been watching Amazon for one I could afford. I bought the refurbished version of this red one and it is beautiful! Looked new in box from what I could tell. I've had a super smooth smoothie for breakfast every morning and velvet smooth soup for dinner. I love you Vitamix.,[],B07CXVSMZ4,B07DD9YFJ7,AGYVMI5SFQBK2UPPRMCRWYCISRJQ,1547147171967,3,True
1.0,Disappointed,Hard to clean. When it has too much dust it barely works! It needs to be unscrewed and cleaned! Too much work,[],B000RL1WNQ,B006SROQ3Q,AH7ACNPZKJUPFH75DERUHHLBJE6A,1444048908000,0,True
5.0,Five Stars,"Love my little guardian angel. Great quality, so beautiful.",[],B012ZWUJB0,B012ZWUJB0,AHJ5IR6XYYYWAJJEKHSLWTWUOA7Q,1506707488111,0,True
4.0,I really like the containers the assortment of sizes are nice,I really like the containers the assortment of sizes are nice. But one of mine the lid will not Snap-on,[],B01GBSP6LC,B01GBSP6LC,AFBFNNQYMXE5VEBU6CDSIQ2Q6YXA,1522068744529,0,True
5.0,THE PERFECT PILLOW STUFFER,"The 20"" pillows stuffers were perfect for the 18"" pillow covers that I also purchased.  They come flattened for easy shipping; once they are opened the pillows become a normal size.",[],B01MXXOD5Z,B0B5XGMFJB,AHPRUSOAN76JVOSGVOG3LV2HGNZA,1581234528967,0,True
5.0,Stay warm while wrapped in softness,"I got this for my mom about a month because she is always chilled when watching TV.  (She lives in Ohio and it has been freezing.)<br />Additionally, she can get the occasional neck pain.  This &#34;shawl.&#34; as she calls it - helps keep her warm and so far - neck pain free.  The lavender color is also beautiful, the controls easy for her to manage, and she loves the soft feel.  She often mentions how much she like it.",[],B00SA3LE3Q,B00SA3LE3Q,AG63W4MMNNHCFYDHUL6KKPYF7IQA,1517783956107,4,True
5.0,quiet machine,"Just got one today. I have had 3 iRobot over the years. This is very quiet, compared to iRobot. It is cheaper as well. Recommended.",[],B079QYYGF1,B0BYRM8PXH,AGEQRMNQGYJV2OQA4RYQTRHQRSTA,1592156125998,0,True
5.0,Excellent fan.,Excellent fan. Quiet. Remote control works well. I own 4.,[],B000RL3UJA,B0C9JDY2GH,AGHOJ37DQ6JTTB7H54WHXRDX2KVA,1637217685516,0,True
1.0,Don't buy!,"I should have read all of the reviews before purchasing. I bought this microwave simply to thaw chicken wings for my grill. It lasted only seven months! That is one month past the manufacturers warrantee. I have never had a microwave break down before, ever!  I get no response when trying to contact support. I'm very disappointed in this one. Do yourself a favor and buy something quality.",[],B005GSPVHS,B081V8SW8M,AFNYENFYJ72AWWFSKBFPQY6IYRQA,1464447570000,2,True
1.0,Not durable,The first time I washed this the lid/cup broke.,[],B07KXLMS2J,B07KXLMS2J,AEMLQXHCUGOQNFBHRHWSSZ5WC3YQ,1620932738596,1,True
5.0,ABSOLUTELY DELIGHTED WITH THESE,"FIRST..THE BLUE IS TRUE TO THE COLOR IN THE PIC. SECOND...THIS IS NO FLIMSY PRODUCT. IT IS SUBSTANTIAL, WITH WEIGHT AND HEFT TO IT...MORE THAN YOU WOULD EXPECT BY LOOKING AT IT. THE BOTTOM PORTIONS OF EACH BOOKEND HAS A ""WEIGHTED"" FEEL TO IT. I PLACED THREE OVERSIZED BOOKS AGAINST ONE BOOKEND AND IT HELD UP PERFECTLY; THERE IS SOME SORT OF SLIP-PREVENTING PADDING ON THE UNDERSIDES AND IT LOOKS TO BE LONG-LASTING. THIRD..THE SET ONLY COST $9.90. PERFECT!<br />WHEN I'M READY TO TREAT MYSELF TO A NEW TRIPLE LETTER TRAY, I SHALL BUY IT FROM ACRIMET....WHICH NOW HAS A CUSTOMER FOR LIFE.",[],B07CZRY95H,B07CZRY95H,AHZCYOD5Z5KOCLUEWPRCQW2XAO3Q,1561327464338,0,True
5.0,Good value,"For the price this clock is amazing! It looks just fancy enough and the silent ticking makes it perfect for our nursery.  Stylish and priced well, you will not be disappointed.",[],B07TVH1MSY,B09MD3FTD2,AFUHXHKNJISDR7T6URYEMWYR2UIQ,1590443686325,0,True
5.0,Perfect touch,The perfect added touch to complete decorating,"[{'attachment_type': 'IMAGE', 'large_image_url': 'https://images-na.ssl-images-amazon.com/images/I/817b9DJ60EL._SL1600_.jpg', 'medium_image_url': 'https://images-na.ssl-images-amazon.com/images/I/817b9DJ60EL._SL800_.jpg', 'small_image_url': 'https://images-na.ssl-images-amazon.com/images/I/817b9DJ60EL._SL256_.jpg'}]",B076P6WKTF,B076P6WKTF,AE7VMV6GRAFFXGOSZHNZZBLGYTBA,1606842754568,1,True
2.0,Waste of money,"The basket clogs with most pre-ground espresso, even if not tamped.  The only way I've been able to get good coffee is to grind my own a little more course than normal pre-ground coffee.<br /><br />Update - I finally replaced the pump (which was a little like major surgery) and now it actually makes great espresso without clogging.  BTW, since the EC680 is so compact it is REALLY difficult to work on.",[],B00WUG06BU,B00WUG06BU,AGGM5QLIGCSNIU244ILMXNXBL6BQ,1555248572136,0,True
5.0,Beautiful!,Way cuter than I could of imagined! My kids step mom is going to adore it!,[],B07QVNPD9H,B08Y6CT72H,AH3O3Y5XXBVRGUV44DBWFPUEZELQ,1607968473296,0,True
5.0,Highly recommend,They are amazing.  They literally transform a junk drawer into the easiest to find items.,"[{'attachment_type': 'IMAGE', 'large_image_url': 'https://images-na.ssl-images-amazon.com/images/I/81IkiiAqN6L._SL1600_.jpg', 'medium_image_url': 'https://images-na.ssl-images-amazon.com/images/I/81IkiiAqN6L._SL800_.jpg', 'small_image_url': 'https://images-na.ssl-images-amazon.com/images/I/81IkiiAqN6L._SL256_.jpg'}]",B08MTSF2XK,B08MTSF2XK,AFBYBHS5BLLVJTPP35UE5EEXLCTA,1615225511020,0,True
1.0,Not easy assembly and not very sturdy,The shelves can barely hold any weight. It started falling apart and doesnt go back together well. Of course it started falling apart after the return window.,[],B07P2KCWNR,B07P2KCWNR,AGQV5RMC6BMA7NO63AH7WGHIK3SA,1570825955740,0,True
5.0,Great product! VIDEO,"[[VIDEOID:1a8993a54b7b09821e4745839a14ad72]] With straws being reduced to help the environment, they are getting expensive. I already switched to stainless steel coffee stirrers which are great. I used to buy individually wrapped wooden ones which are also expensive.<br /><br />These have been great, came with storage bag and brush cleaners.  Alternate cleaning both ends on the longer straws. No complaints. Fast delivery with Amazon Prime.","[{'attachment_type': 'IMAGE', 'large_image_url': 'https://images-na.ssl-images-amazon.com/images/I/81eDxe7LEpL.jpg', 'medium_image_url': 'https://images-na.ssl-images-amazon.com/images/I/81eDxe7LEpL._SL800_.jpg', 'small_image_url': 'https://images-na.ssl-images-amazon.com/images/I/81eDxe7LEpL._SL256_.jpg'}, {'attachment_type': 'IMAGE', 'large_image_url': 'https://images-na.ssl-images-amazon.com/images/I/81khfrhvTrL.jpg', 'medium_image_url': 'https://images-na.ssl-images-amazon.com/images/I/81khfrhvTrL._SL800_.jpg', 'small_image_url': 'https://images-na.ssl-images-amazon.com/images/I/81khfrhvTrL._SL256_.jpg'}]",B07XHPKZ39,B07XHPKZ39,AFKG3VR37BWUB3ZFIVGFBM35UUVQ,1596378926579,58,True
5.0,Happy with this Purchase,Haven't had a chance to use yet but super nice weight and quality...,[],B00S70AA0U,B00S70AA0U,AGMPTQ46MMFJVQX2ZUNUKUKEXF6A,1484913498000,1,True
5.0,comes apart easily,size is great for a small room,[],B075P7J8BB,B0C2GQ8896,AG6ZWZF3KV23NSASLFHEBPUFSGGA,1567110306297,0,True
5.0,Looks exactly as pictured!,This box is extremely cute! I absolutely love it! Just be sure to peel off the protection package before you assemble. Can't wait to use it for my wedding.,[],B08839FGY5,B0BQ69VVHM,AGUYXHF223PYV6X6NUKMVT6CQYRQ,1692197890907,0,True
1.0,Bad odor,They look ok but we have yet to use them because they have an awful odor.,[],B07GZ8HQZD,B0C7GXJFLD,AECIVYOSOCZLIRPMZI6KOY5DMX4Q,1644719992591,0,True
5.0,Five Stars,I like these very much.,[],B00WRM66AC,B00WRM66AC,AE5IQNDV4FGERCHWTTXXU7UTYV2Q,1438826209000,0,True
5.0,So sad to see that Butler's Pantry has been discontinued,So sad to see that Butler's Pantry has been discontinued.  Was purchasing these as a gift to my daughter to finish out her set.,[],B00006J024,B00006J024,AHHSPVN6ZRZNQODQM6NKLJV2VEBQ,1467464436000,0,True
5.0,restaurant quality,looks professional!,[],B088GZB1WR,B0894566DY,AHPJXIPN6WBBAYTJJI6DXSB4SXNQ,1615745468310,0,True
4.0,Good value,easy to read and easy to reset,[],B018E6R5HM,B018E6R5HM,AF2A6U6WVYGJZZA2D2XOQG72DEWQ,1510863606840,0,True
5.0,Five Stars,works great for an extra spare bed,[],B000M0MJU2,B000M0MJU2,AEJZCS2JEHCGE4XODM4EK7QYMJXQ,1459255839000,0,True
5.0,very organized!,"I have three different laundry baskets in my bathroom. one for the light colour clothes,one for the dark and the other for my socks,they're wasted a lot of spaces. I saw this three compartments sturdy laundry basket and ordered it last week,it's fits perfectly in the corner and look much organized than the three baskets what I got before. Aha,I'm so happy now!!!<br />This product is lightweight but good quality. highly recommend it!",[],B07YKWFQK1,B082YR37H7,AFGDNTOMFRAF4E4R2MS5TGG2U65A,1586025343922,0,True
5.0,Five Stars,Great product fast delivery,[],B00DHH0LRA,B083GM32SD,AGEPZPASOFPLCSXPTS54FYSEB3KQ,1406028428000,0,True
5.0,Awesome! Worth the money!,This blanket is super soft! Slept all night no sweat at all! Love it will be buying another one for sure!,[],B08TT24K4T,B099K8QV3L,AEX3THDCDROVZQJYRH3RWYEHQ2NA,1618157531579,0,True
5.0,Love this.,I'm impressed.,[],B07C13XZS1,B07C13XZS1,AG55PUS4LDMYBXZ77JY4GNZY7OSA,1587512176764,0,True
4.0,Four Stars,It worked great but I needed something bigger.,[],B075362L5G,B075362L5G,AHCDT4GBZBDYEXUOS4LNZF3GMLAQ,1521817507444,0,True
4.0,Hands hurt from pulling and tugging.,I’m never one to leave reviews BUT this is extremely hard to put together. This should have taken 20 mins max. But it had LITERALLY been 45 mins. The bars don’t line up with the holes. I ordered two so I will put them together and use them but this is difficult for one person. Women heels can only fit the top shelf unless it has a smaller heel. The idea and look is what attracted me to this but I would not purchase again or recommend. Well maybe for kids but not adults.,[],B07Z5MP74L,B07Z5MP74L,AEI4YAY3Y5ROST7BGN4FFB2TME7A,1606678469243,0,True
5.0,!,It’s perfect as an addition to my coffee area in renovated kitchen,[],B07PPP74PW,B07PPP74PW,AFAGIFVZPCBDKJ7YTJUBITI652KQ,1605398425438,0,True
5.0,Impressed!,These chairs are perfect for the price. Took me 20 min max to assemble them. Very study and comfortable! I was seriously impressed,"[{'attachment_type': 'IMAGE', 'large_image_url': 'https://images-na.ssl-images-amazon.com/images/I/71v72UgXFPL.jpg', 'medium_image_url': 'https://images-na.ssl-images-amazon.com/images/I/71v72UgXFPL._SL800_.jpg', 'small_image_url': 'https://images-na.ssl-images-amazon.com/images/I/71v72UgXFPL._SL256_.jpg'}]",B07GNC1MBJ,B082MV4QP3,AEQENENMGXXGQXCC7S6S6DWKTHCA,1574554877714,0,True
5.0,What a great bargain!,"I read lots of the reviews for these. Some said they were a tight fit. They are, but I didn't have trouble getting them on a bottle of beer.. I plan to personalize them for friends and relatives we spend lots of time with. I'm very happy with these! They're constructed well and have a nice binding at the top so they won't tear or stretch out as easy..",[],B08CGRCCX4,B08CGRCCX4,AFQSMVU5VWDCBDFNVK6UNZQUZXZA,1628390354372,0,True
5.0,Fast shipping,Great item great finishing touch of glam to any table,[],B01M7UM9UI,B097P9WQ1C,AE7VZZREMIWCMIJJQ53WUZVZ3UCA,1546376290513,0,True
3.0,Drawers only open half way.,"This was pretty difficult to put together as some of the parts were missing labels or were mis-labeled.  Once I had it together, however, I was really disappointed to see that the drawers only open half way, making getting things in and out of them nearly impossible.  I think it is to prevent tipping over, but if you can't get into the drawer - what's the good of it?",[],B08JYR8PS8,B0C1NC5B8W,AGLXSLDPAQQQDXHPXICCMM6XSRRQ,1608575528747,2,True
5.0,Works great,This is the perfect size for my copper water bottle. It keeps the sweat from dripping all over.,[],B07GQLVM2V,B08MFNQFF7,AEYR2IFW4ERA543O7YD2347EK6EA,1595517062739,1,True
4.0,This chair is so cute I couldn't return it even ...,"This chair is so cute I couldn't return it even though there were some problems.  I use it at counter height and its wobbly at that height. There is a tightening handle but it comes loose. Once I'm in the chair it's not a problem.  The other thing is that it's impossible to sit in the chair without slipping right off.  I bought three small silicone clear sticky mats, the kind you put on your dash board so cellphone won't slip around, and put them on the seat. Then I made a cute little cushion and it gets held on by the sticky mats.  Also the seat is very hard and cold so that takes care of that!",[],B00DAZJBB6,B00DAZJBB6,AHTIH76VGOEDLBUGWHOMJNUY3TWA,1444745355000,0,True
5.0,Finally sleeping,"My husband has not been able to stay asleep throughout the night. We decided to try a weighted blanket. He has had it now for a about a month, and has slept every night since.",[],B07BGD5S7W,B07VVWBX6C,AEKNRFLNZXMJ5IUR2V6A7LJVPGFA,1655295921719,0,True
5.0,What an awesome gift!,"Our Motorhome looks just like the one on this sign, so the personalization made it even more special for my Husband's gift.",[],B07NLJHGKW,B081TJYYS6,AENZTLTU7SM32FVM3SVYTHV3XNIQ,1641081403270,0,True
1.0,Does not keep heat.,"Quit working. Used always as a spare blanket, so never has been laundered. It’s been well taken care of. Did not last over 2 1/2 yrs. controller constantly turns off.",[],B07ZVQF78N,B08M9K375M,AFCPZFJSH7THBVJZAE7J7OJXPKAA,1643899788410,0,True
2.0,Does not include an infuser,"This pot does not include an infuser, which I do not understand....no one buys a tea pot to brew tea bags. I almost kept it and tried to look for an infuser that would fit, but the design of the lid  means you cannot use an infuser and put the lid on.<br />I have the smaller 2 cup version (comes with an infuser) and I love it. Disappointed I couldn't have the larger version.",[],B078R8L5QY,B07H9NKLJZ,AH2C36OBDOVMKDO4N6H4UJBZ6JNQ,1618444242699,0,True
5.0,More uses than handling an oven rack,"This is the perfect length for releasing pressure on an Instapot, keeping your fingers well away from the steam.  I use mine all the time, and have given several as gifts.",[],B07QHVVVVF,B07QHVVVVF,AEQ46ZW6A4XCFEMTYSSB3K6WGVJQ,1613442331776,0,True
5.0,Very nice and strong!,I love them. I'd  buy again. I'd  like  to have some really  long ones to fit my 34 oz. bottle.,[],B00KM61F88,B00KM61F88,AG6QQHIAWJWF4FG62ZMIVG2YQ4RQ,1473722462000,0,True
5.0,I love this bed,I love the bed my daughter was super happy. It did take the person that I hired to put the bed together about an hour. He stated that there is a lot of steps to making the bed. I would recommend having someone out the bed together to avoid the hassle unless your very good at putting beds together.,[],B01H1O894G,B01JL0GK9E,AGHNY3WBNRWIF4FANMQLCNJ6OJ7Q,1613931743156,0,True
5.0,Beautiful Rug & Outstanding Value,"Based on the low price, I really didn't know what to expect when I ordered it but it is truly a beautiful rug and I love it!  Just wish that I needed more of them!  :-)",[],B007BIO5BE,B007BIO5BE,AGFG4AXO37C2URPYYN3UU6N5BMTA,1356268767000,0,True
5.0,A cool little torch!,"I love this torch for so many reasons, can't be beat!",[],B086GM4MJF,B0C3X46463,AGKDY5BZRXRTQ5SBH47NBPMV72JQ,1667266576993,0,True
5.0,Great polisher,Love these for cleaning my eye glasses. Nothing works better,[],B004G621ZG,B08R7CHFWR,AGRUUPBDD6FMW3MBV6MESGWUP2VQ,1579268003089,0,True
5.0,Great ambiance.,It looks and feels like a real fire place and makes our little guest cabin nice and cozy.,[],B095WM9FNK,B0BVW2LZKQ,AGGSFNADSGRLYNLPOISP3JYU7H6Q,1670523274457,0,True
5.0,A great plus to my curtains,It was exactly what I was looking for at the right price.  It also went great with my curtains.,[],B07S8Y4H4N,B07SBYQF37,AEB6PQPPCFYE3FK2RLGORGWVRQAQ,1585250944137,0,True
5.0,Buy this one - easy to use and clean,"This is a high quality product that is very easy to assemble, use, disassemble and clean.  I'd recommend it to anyone.",[],B000I0MGKE,B0BM36W2SR,AGE3VX6YR3ASF4Z43KJCGFON26MA,1384970828000,0,True
1.0,Información incorrecta. No pulveriza aceite de oliva,Para aceite de oliva no sirve. Sale un chorro y no pulveriza. Sigo buscando un artilugio que sí lo haga. Pero este no sirve. Su descripción es totalmente errada,[],B0B18L67L9,B0BM9L9M39,AGCBKCIPBN4HE7YIPW4TDD7XAYCQ,1657727458479,2,True
5.0,Five Stars,It is the best ice cube tray I have ever owned.,[],B00KC3R5H6,B00KC3R5H6,AFCJRZN6WJBOBHQOXX66UW2CD2XA,1438821037000,0,True
3.0,Fun sunglasses but not neon,These were not neon in color. Everything else about them was what I expected except the color.,[],B0053Y6M28,B0053Y6M28,AGETYZDKPT3WOROSQULWYME4QU6Q,1406205973000,0,True
1.0,Not worth buying,"Watched video twice and still could not get this on the sheet, even with help. Is a cheap design that does not work in real life<br />I returned this item",[],B07WHKDH87,B0BGXL5JP6,AFXSZEU7NE3TGIUOU2EJTCTRIKTA,1645858508428,0,True
5.0,"Great lunchbox, great customer support!","My kid loves this lunch box.  He's been using it daily for school and he also makes sure to pack it for any extra activities he does on the weekend.  We've taken this on camping trips, zoo trips, park days, road trips, plane rides, pretty much anywhere my super active kid goes, his Bentgo box goes.  I've even borrowed it a few times for my own food.  This is 100% leak proof and incredibly durable.  Would highly recommend for the portion size, leak proof, durable and great for kids who don't like their food to touch.<br /><br />After a year, the latch portion broke off.  Bentgo offers a 2 year warranty, so I gave them a call.  Customer service was fantastic and was able to send us a replacement.  Highly recommend.",[],B00PKNO7EC,B00PKNO7LU,AFIRVFETX4FI7VOVP4X2PHVKG5WA,1574791393864,0,True
5.0,Great purchase. Good quality.,Wow..easy to assemble. Good quality. Great purchase for kids spare room. Ex,"[{'attachment_type': 'IMAGE', 'large_image_url': 'https://images-na.ssl-images-amazon.com/images/I/71U5eLNUzXL.jpg', 'medium_image_url': 'https://images-na.ssl-images-amazon.com/images/I/71U5eLNUzXL._SL800_.jpg', 'small_image_url': 'https://images-na.ssl-images-amazon.com/images/I/71U5eLNUzXL._SL256_.jpg'}, {'attachment_type': 'IMAGE', 'large_image_url': 'https://images-na.ssl-images-amazon.com/images/I/71rwVU1zAhL.jpg', 'medium_image_url': 'https://images-na.ssl-images-amazon.com/images/I/71rwVU1zAhL._SL800_.jpg', 'small_image_url': 'https://images-na.ssl-images-amazon.com/images/I/71rwVU1zAhL._SL256_.jpg'}]",B01601KF0C,B07P163W5R,AHSG2JXVIRFEBHWGAK7RM2CQHOCA,1553278838793,1,True
5.0,Great little tree!,"I wasn't sure what to do with the two green bundles that arrived as my new tree.  I asked for help and other purchasers assured me that all I needed to do was bend down one &#34;branch&#34; at a time and then pull the branches apart for a nice full look.  It took time to do it correctly, but the end result is a very good looking, sturdy tree.  We are pleased with its appearance and would definitely recommend it.",[],B00PR2MTXW,B00PR2MTXW,AEDAA6HRRWBXVKBXCHXONHIKAMUQ,1450522176000,0,True
4.0,Four Stars,c,[],B001MYLELC,B08R8JRDDL,AHW2NDQJNFEV5ZDMPEUQNTNSVRPA,1418136041000,0,True
5.0,Great quality!,Love them! Good quality and magnetizing them was a great idea .. now I don’t have to remember in which drawer they wen! Plus the price is so affordable!,"[{'attachment_type': 'IMAGE', 'large_image_url': 'https://images-na.ssl-images-amazon.com/images/I/71eOlrOKi0L._SL1600_.jpg', 'medium_image_url': 'https://images-na.ssl-images-amazon.com/images/I/71eOlrOKi0L._SL800_.jpg', 'small_image_url': 'https://images-na.ssl-images-amazon.com/images/I/71eOlrOKi0L._SL256_.jpg'}]",B07DJ53GZQ,B0BCLYPDLW,AFQ47QBEFOM6Q4JHBUIQNJ4WIX4Q,1605850476528,0,True
4.0,Easy to put together and stable,Easy to put together and stable.  Product came with a red stain on the lower self and some markings on other markings on all three shelves.  Didn't return it because these flaws they won't show where I placed the item.,[],B06VV92MK1,B007WUX5GW,AGUHRILR2EUY7GHCIG7HGPLN2QIQ,1531731141251,0,True
2.0,Two Stars,Had to return it.,[],B00CX00HR6,B00CX00HR6,AGEKNDTJ4N4UNMJQVLCOIJ2O22WQ,1498843853824,0,True
5.0,Good buy,Great value. Easy install. Exactly what we needed.,[],B07ZVFKK9L,B07ZVFKK9L,AHM5QXYOSAKWREF6T254CPUONKSA,1607453775087,0,True
5.0,They work!,I don’t use these for their original purpose- I use them as a layer between my induction burner and my cast iron. Some of my cast iron pans are a bit older and have uneven spots on the bottom. This only protects from tiny scratches- not big ones- but it reminds me to be careful.,[],B07LDZMTYH,B07LDZMTYH,AGD5AZLMDFN6IBO65YFQA53CPEZA,1590583241478,0,True
1.0,Skip this one..,Arrived cracked. Took it back right away.,[],B07NTS3121,B07NTS3121,AHQBUOH6BZ53GTHTJ5V76DEKDXLA,1576359888520,2,True
5.0,Top Vacuum Choice,"I always thought Hoover was the only vacuum to have. This Shark has moved to number one. It is lightweight and yet extremely thorough at cleaning carpets and area rugs. Even does a great job on bare floors, which you don't expect from a vacuum. Excellent suction, maneuverability with the swivel head, and the HEPA filter. Just an excellent vacuum  A bit messy to empty and clean but I guess that goes with the bagless machine. I have never used a Dyson but I can't imagine that it does anything better than the Shark.",[],B005KMDV9A,B005KMDV9A,AHSE62XOK6ZN2W3QOH6W7RUBDE6Q,1476389780000,0,True
5.0,Does the job!,"Angel hair passes thru strainer, otherwise it is great.",[],B01DF4L2DG,B08R7BTH8K,AHFKELXO4RTJROU3CQBRFX2XOKRA,1479318623000,1,True
2.0,Arrived defective,"The skull ice cube mold arrived defective, w/ rip/tear on the bottom so the water did not stay to make ice. Both molds lack sealing to keep water in from the top so if you spill or tip it, then water will spill out.","[{'attachment_type': 'IMAGE', 'large_image_url': 'https://images-na.ssl-images-amazon.com/images/I/61N7Tuqnz3L.jpg', 'medium_image_url': 'https://images-na.ssl-images-amazon.com/images/I/61N7Tuqnz3L._SL800_.jpg', 'small_image_url': 'https://images-na.ssl-images-amazon.com/images/I/61N7Tuqnz3L._SL256_.jpg'}]",B086DNXZVN,B086DNXZVN,AFRCBCXW55UBL2BQBNT5LSR5375A,1592074486211,0,True
5.0,Hard to assemble,Horrible to assemble,[],B084PZTZWY,B084PZTZWY,AGEOGGMNU3R7VDZECHX3B7H26BBQ,1619825174938,0,True
5.0,"I have one,purchased for my sister. Love it",To make a meatloaf,[],B006AEVRB6,B006AEVRB6,AGASFIEIPSWSKBAUDHKB4PN3ZQRQ,1626448053121,0,True
5.0,Much better than expected!,"Beautiful sparkling glow, good size, well worth what I paid for, looks gorgeous in my curio cabinet.",[],B0BXHK6MKP,B0BXHK6MKP,AFAYLSJXU2AWEU7PDJAHU2F6D2QA,1683006166733,0,True
5.0,Love the scent!,"Burns clean, nice fresh scent.",[],B07D4G8TP5,B07R4PQX6X,AFV3TCQDM7E7TJSO67WGDRVW4QSA,1605046510528,0,True
5.0,*****,Great pillow,[],B01N6RQ4FF,B0BMQL94DR,AE5MI5TI4FBWK44SE2C2MOH3KQPA,1583703305421,0,True
5.0,Better than Keurig brand,Great unit. Works perfectly.,[],B0034J6QIY,B008JR9W5U,AEVH5Y6CXZICKVAPEF7KBKSC3IGQ,1462500506000,0,True
5.0,"Washed a few times, still great",I wash this is the washing machine with the rest of my bedding and it hasn't bled onto the sheets or lost color. Still soft and beautiful!,[],B06ZZRSBD1,B07GQRYWZ6,AFG2YO4PKKHUXSIIOA64WNC22V4A,1514031297790,1,True
5.0,Easy to fill,"Easy to fill,  easy to use,  looks great.<br /> Wish the top was made  from a more sturdy or metal material.",[],B00004UE7F,B00004UE7F,AE3YKMOZMAZN5E2JDSGB3Q722XBQ,1497475956270,0,True
5.0,"I find it well worth it, esp in comparison to muxh more expensive alternatives.","Just a great mattress. I was skeptical qhen I unpacked it, buy it kept growing to its full glory. VERY comfortable to sleep on. Provides great support but still soft on the body. I have a badback and a muscular condition. I believe I hit the jackpot qith this one.",[],B073VLQ5JR,B086XLM7VC,AGYIHFFMCB3DA6DE5RYLAW7REJWQ,1543906211292,4,True
2.0,I had high hopes for this product after judging reviews and cost.,"Im actually sad about this product because I had high hopes for it, considering they’d been open since 1978, used natural products and their production process was so different than most , i.e. no dipping, use bamboo wood, etc., the whole thing just seemed promising to me.<br /><br />Now, I can tell there is pride in their product because it doesn’t seem cheaply made and even the box is made of a nice, sturdy material but the aroma it gave off was quite horrid. I’m not sure if maybe they put the wrong type in the box, because the outside does say lavender but, this literally smells like a forest fire.<br /><br />Funny thing was, after I lit one, my brother came into the room and just straight up asked me what caught fire. A few minutes later my buddy walked in and just started frantically waving his hands saying he wouldn’t even step foot in my room.<br /><br />Later on I gave one to my mom to get her opinion and when I care back a few minutes later to ask her, I found it faced down in her plant, extinguished (that’s what my pic is of. Lol I thought that was funny).<br /><br />I’m sending it back because $17 for a product I’m never using again is just a waste in my mind. So, I’m hoping to take advantage of their money back  guarantee. I only took out two.<br /><br />Actually, they even inserted and extra envelope with about 6 different additional sent samples but I’m not even going to open that. I’ll return it with the rest of the bunch to better ensure getting my money back. I wasn’t trying to play them. I REALLY wanted it to smell nice. I would’ve even gone for “decent”... passable.<br /><br />I will say, AFTER it completely died out and a while passed (half hour), there was a SLIGHT lingering floral sent in the air; minuscule. That’s the reason I won’t give just one star... that and the packaging/obvious pride in their product. Again, maybe I just got a faulty pack but, I’m not willing to gamble it again.","[{'attachment_type': 'IMAGE', 'large_image_url': 'https://images-na.ssl-images-amazon.com/images/I/714x0yXgDvL.jpg', 'medium_image_url': 'https://images-na.ssl-images-amazon.com/images/I/714x0yXgDvL._SL800_.jpg', 'small_image_url': 'https://images-na.ssl-images-amazon.com/images/I/714x0yXgDvL._SL256_.jpg'}]",B07BYMXB12,B085QMTVJS,AGC7NQXEVOT6R4NF2RSHYJ6G4DEQ,1589238499168,32,True
5.0,Perfect Fit,These fit just as well as the originals!,[],B00PIX6D00,B00PIX6D00,AESTSM4XXAP2Z44FJM3BXBPIEU4Q,1609893850499,0,True
5.0,Great for Indoor Garden Platform,I needed an indoor garden platform to install grow lights as well as the plants.  These usually cost over $900.00 as they include their own grow lights.  I already own mine and didn't want to spend that much money.  When I received this folding storage I found that my grow lights fits just perfectly between the side support.  I wish the height was adjustable but still it works just fine.  This storage frame helped me organize and clean up all my indoor garden plants and their accessories.,[],B005QLTSHO,B01LYWSP4P,AGBICVAXM43QJD6UMRZEIXI3XUNA,1628800839517,1,True
5.0,Good purchase,"I got this for my teenage daughters bedroom. Took me about 2 hours to assemble on my own. Not terribly difficult,  just be sure to follow the directions.  She has been using it for about a month and it is holding up good.",[],B06Y4QY9Y4,B06Y4QY9Y4,AE7QUDBCM4GTMB6V5TV2PUVTJLVA,1551122513763,0,True
4.0,Four Stars,Product works great and keeps the weeds out of my rock lawn.,[],B00ARKS3XO,B00ARKS3XO,AH2KVMOG74GIDUWPULQCQ6WZPTDA,1508726555183,0,True
5.0,You will not have to worry about your cakes coming out too brown or sticking to the pan.,"I love, love, love these pans. My cakes came out beautiful! I always buy this brand of pans because they are great products and you can not beat the price!","[{'attachment_type': 'IMAGE', 'large_image_url': 'https://images-na.ssl-images-amazon.com/images/I/51OZ8lsL37L._SL1600_.jpg', 'medium_image_url': 'https://images-na.ssl-images-amazon.com/images/I/51OZ8lsL37L._SL800_.jpg', 'small_image_url': 'https://images-na.ssl-images-amazon.com/images/I/51OZ8lsL37L._SL256_.jpg'}, {'attachment_type': 'IMAGE', 'large_image_url': 'https://images-na.ssl-images-amazon.com/images/I/61indV99gwL._SL1600_.jpg', 'medium_image_url': 'https://images-na.ssl-images-amazon.com/images/I/61indV99gwL._SL800_.jpg', 'small_image_url': 'https://images-na.ssl-images-amazon.com/images/I/61indV99gwL._SL256_.jpg'}]",B008DD1BPY,B07VMGYHMZ,AHDIL24VK4D6RO26Q3BDWH3DVY4Q,1551622558944,1,True
5.0,Cute and perfect!,Just what I expected and more! Bought $3 frames from Walmart and it put everything all together! I think they’re very classy but also gives my room an artists vibe!,"[{'attachment_type': 'IMAGE', 'large_image_url': 'https://m.media-amazon.com/images/I/71-n6UgDEkL._SL1600_.jpg', 'medium_image_url': 'https://m.media-amazon.com/images/I/71-n6UgDEkL._SL800_.jpg', 'small_image_url': 'https://m.media-amazon.com/images/I/71-n6UgDEkL._SL256_.jpg'}]",B09PHFXSCW,B09B3VLQ3T,AHQPUTO2T5ESG4PDQVRUDLJFQ6WA,1652411426376,0,True
1.0,Terrible product,Complete waste of money. It will not stay on clean windows. I finally just threw it out.<br />Don’t buy.,[],B073TVRQ5D,B07NPD1Y42,AFZZTW5DY2LSDTQZBX557HBUGVPA,1590403092306,1,True
5.0,Perfect for cookies for my small dog.,"This is purely adorable!  I love to make my dog healthy treats and these cookie cutters allow me to make them cute while being thick.  My one suggestion is to take a picture of the cutters as they are arranged in the can prior to using them, so you don't have to spend a lot of time trying to solve the puzzle involved in getting them all back in when you are done.  This is a great gift for your favorite dog-owning friend.",[],B001G39FMO,B079MXD7FC,AEDB23JL2ADBXPOY7IWMO6AUOCWA,1389296740000,2,True
5.0,Helps an arthritic old dog,"I bought this as a mat for my elderly dog. I place it either at the side or the foot of my bed depending on where he wants to be. He has hip arthritis and has trouble standing from hard floors. This mat provides him a soft place to lay and more traction to get up. The back of the mat does provide some anti-slip and seems to stay put. He has big memory foam beds, but sometimes he prefers the floor. It helps him keep from slipping and falling while walking or from struggling to rise after a nap. Of course, it only helps when he uses it, which he chooses to do a lot of the time. Good for my purpose.",[],B08P1GR9NL,B0993PFNNC,AF5WNTERVC4VGLG7QI4GQLXR45YQ,1628548940350,0,True
4.0,jerky gun,"what a crazy way to make jerky like what you buy in the store, its very good, comes out like you might have bought it",[],B000WZJOQY,B000WZJOQY,AF5ERI3FT76EO74GGQNPZRJADADA,1367502111000,0,True
4.0,Purpose served,These were purchased for decoration only and they are definitely serving their purpose.,"[{'attachment_type': 'IMAGE', 'large_image_url': 'https://m.media-amazon.com/images/I/C1L7eLqBUXS._SL1600_.jpg', 'medium_image_url': 'https://m.media-amazon.com/images/I/C1L7eLqBUXS._SL800_.jpg', 'small_image_url': 'https://m.media-amazon.com/images/I/C1L7eLqBUXS._SL256_.jpg'}, {'attachment_type': 'IMAGE', 'large_image_url': 'https://m.media-amazon.com/images/I/C1vLUmqmdrS._SL1600_.jpg', 'medium_image_url': 'https://m.media-amazon.com/images/I/C1vLUmqmdrS._SL800_.jpg', 'small_image_url': 'https://m.media-amazon.com/images/I/C1vLUmqmdrS._SL256_.jpg'}]",B092JT6G89,B092JT6G89,AGJEM2ESLKXNKASRFC4JLQNMUDFQ,1630019471058,0,True
5.0,Five Stars,This spoon rest is very unique and I love it.. no regrets here!,[],B003DKMK2A,B07VKPSYS4,AGEVK234Z2C3HWMD5QUB5R4ISVMA,1419097007000,0,True
5.0,Perfect Fit an Great Quality,These are exactly what we needed for our Nutribullet since we make smoothies daily. They fit perfectly and work well. Would definitely buy again.,[],B07W9CWKCQ,B0C9YZF74S,AGDXZR7ZIULNGHPDR2EZJ2DLR7DA,1586096126358,0,True
5.0,Five Stars,This really works! I use it often!!,[],B01MSSR3J1,B01MSSR3J1,AHFQQTIRT256JGISPRWBRVS5ADDQ,1501267629771,0,True
5.0,Just what I was looking for!,"while I wish the foot on it (the part that sticks into the icing to hold it upright) was a little bigger, this is super cute and exactly what I was looking for!",[],B003UM79EU,B003UM79EU,AEW6DQRE6GSOIU5VAPACM56T7ADQ,1444153963000,0,True
5.0,Great rug for kids room,The rug very comfortable,[],B076VGFRZL,B07C4D9JYB,AGZTXVNIX77M6WDHM6KVQSYAARZA,1576340006883,0,True
5.0,Five Stars,Nice solid mechanism.,[],B001MXGR9W,B001MXGR9W,AGHTGJ6WEUQTCWTUCKHD4RRCOMPQ,1453835327000,1,True
5.0,Great Chair!,"I was nervous about ordering a chair online as I thought one should really try it out but let me tell ya - this is one great chair.  I found it cheaper elsewhere but like my Amazon prime and it came faster then scheduled.  And truly super easy to put together.  Pop the casters on, 2 screws for each arm and presto,chango - chair!  Took me longer to unpack and unwrap it.  Highly recommend.",[],B005SGFOTI,B010FTCT5O,AFN5UEBGFWY3JKMGUCD45IXQNMYQ,1395526925000,1,True
5.0,bonito,buen estuche.. funcional.,[],B06XXCVNPN,B06XXCVNPN,AF4LI4UHLY6OKQG4VGQHLPEOFB3A,1679428098716,0,True
5.0,excellent product,Used it for the first time today. It replaced a previous immersion blender which no longer worked. The price was reasonable. The blending power and ease to use was better than previous more expensive blender.,[],B075X1KPLZ,B075X1KPLZ,AHCHTUUATFDIJSZ4A67AINXW7D2Q,1565381766256,0,True
5.0,Best coat rack !,"It is really study bench & coat rack with enough hooks to hang my clothes and hat and bag, I love this product! No  doubt just but this:). I will order my products from this seller to decorate my new house.","[{'attachment_type': 'IMAGE', 'large_image_url': 'https://images-na.ssl-images-amazon.com/images/I/81QPzamXhQL._SL1600_.jpg', 'medium_image_url': 'https://images-na.ssl-images-amazon.com/images/I/81QPzamXhQL._SL800_.jpg', 'small_image_url': 'https://images-na.ssl-images-amazon.com/images/I/81QPzamXhQL._SL256_.jpg'}]",B08396RMDQ,B08396RMDQ,AF37RFLF4CO7BAQRC2NDHJGPNHFA,1620764367114,0,True
5.0,... time and I felt that it was a very good price,Arrived on time and I felt that it was a very good price,[],B00N9TPNNI,B0BWJNP98V,AEQC6SRGEAO243QSEREAPMBZO3TA,1491604076000,1,True
5.0,So comfy!,I’m glad I got the lightweight one. I’m saving lots of heat by turning it way down at night. The comforter work almost too well - once I get in and warmed up it’s like a hot cocoon. Love it!,[],B07SNRFGKS,B084TRVG7G,AFZCA3XMTU6SEEYOGQJEWJT6T35A,1575131675884,0,True
1.0,Quit working within a month of my purchasing,"Very easy to use, but broke way too soon.",[],B07P8N93N7,B07P8N93N7,AHUIEFBJHVVENYJXMUOYJMWSXE5A,1602815816982,0,True
3.0,No top sheet,"This set contains only a fitted sheet & two shams. No top sheet, no proper pillow cases. If you’re in the market for only the fitted sheet & shams, they’re of good quality & great pattern.",[],B0B4372QQR,B0BCG4SV2H,AHFJVC3IMNEEPCLHUK46CB2AWP2Q,1672205679625,0,True
3.0,Very fragile,"They are super cute and the remote works well.  However, my nine year old merely touched them, and they shut down.  There is already a short in the wire",[],B09MVQMH17,B09MVQWHYN,AEHD4HDQ3VVFUN2SXQQUHIOBSZOQ,1644366785566,0,True
5.0,Safer to use on steps,"Rubbermaid, please don’t discontinue this design! It’s one of the few you can hold with one hand while gripping a stair rail. The oval shape fits into narrow spaces, but expands with the laundry.",[],B002CR3DIU,B0B11PL1HR,AGKTARMF4XTBLO6GOTY2XSN5FUFA,1653003247881,3,True
5.0,Nice looking on the kitchen,Beautiful， sturdy and classy stools. Give a very nice look in the kitchen. But a little difficulty and time consuming to put together.,"[{'attachment_type': 'IMAGE', 'large_image_url': 'https://images-na.ssl-images-amazon.com/images/I/61dJdaptYhL._SL1600_.jpg', 'medium_image_url': 'https://images-na.ssl-images-amazon.com/images/I/61dJdaptYhL._SL800_.jpg', 'small_image_url': 'https://images-na.ssl-images-amazon.com/images/I/61dJdaptYhL._SL256_.jpg'}]",B07KQ7B4XF,B07KQ7B4XF,AFD2EPXT5NGQJILS7WO6GT2GA52Q,1553196563225,0,True
1.0,Arrived Bent,Just arrived and came with a HUGE DENT!<br />Super disappointed since I wanted to use this for a gallery wall.,[],B00SJBJY22,B00SJBJY22,AGBKM3MQI67KSOCIUHK3V22HMKYA,1566847835412,2,True
5.0,perfect Pusheen mug,"Love this mug, it has my favorite Pusheen quote and is the perfect size. High quality and came in a cute box.",[],B071GKJ8K9,B071GKJ8K9,AGQ4HDFQ7VMDYFGF56OK3YODVE4A,1530660189991,0,True
5.0,useful and pretty!,"very practical, good materials and nice look! easy way to keep toys organized<br />I bought the book holder from the same brand also",[],B000LRBNK8,B001UE8KQG,AFKPRKJSJGVE4E2SBBVHE2GIVLLQ,1350944697000,0,True
5.0,The best comforter,The best comforter I have ever owned!,[],B07RDG8J2L,B08DXXXMHB,AERGDKT3PLMKP3QKYCTSGJAEJ4NA,1581261597598,0,True
4.0,Small,Ok but smaller than what I expected.  Same length  and width as meatloaf pan but not as deep. At least half of depth of regular loaf pan.  Please pay attention  to measurements.,[],B0827KMLMN,B0827KMLMN,AEZVAP5JN3JDJIHAAQJJE442QVCQ,1614528277667,0,True
2.0,Not great for hot chocolate bombs!,This did not work out well at all for the hot chocolate bombs. :(,[],B08QQBQ13X,B08QQBQ13X,AFUEJYASTLDC4K4W723X63ZSKJGQ,1660800183246,1,True
5.0,Top quality,"This rack is perfect. Very sturdy, easy to store and will hold two loads of laundry!",[],B0872652LJ,B0C5M2K8TS,AEMUXZ3XFDWD4YZLRILVDIU2EKZA,1629345158860,1,True
5.0,Five Stars,"Rugs match perfect with my pineapple curtain, a little small. but perfect.",[],B01LZ7P90Y,B09Y1Z4KRM,AGY54MO7APFKCAQFX5ZDY6ODMTIA,1497273282804,0,True
1.0,This is a terrible product.,Under 3 weeks old and has started to rust severely. According to Amazon I missed the return window by ONE day. This is a terrible product...do not waste your money.,[],B005YZ8L66,B005YZ8L66,AGMWMSZ5XR53LI3QEXIA33FGSQVA,1413920512000,0,True
5.0,nice baking pan,"decided to upgrade my 8x8 pan after my mother cut brownies in my old pan and left big gouges in it (yikes!). Very versatile for cooking, and the lid is tight enough you can put the (cooled) pan in the backseat floor of the car to take to an event without spillage.",[],B071G3QMTD,B0C46WQJH6,AG7WZ3B5PICFAOHUJIBRA5EB5Y6A,1553784593994,11,True
4.0,Great coffee and good workout too!,"This grinder does what it is supposed to do...it grinds coffee beans. Refining the size of the grind is as easy as turning the little black knob clockwise for finer or counter-clockwise for coarser. I would have given this 5 stars but it does take about 2-3 minutes of constant handle cranking to make enough grounds for a 4-cup coffee maker. The cranking mechanism is very smooth and it is easy to crank it, but sometimes I feel like I need my coffee before I start grinding. Overall, it seems to be sturdy and well made. Recommended for those with small coffee makers.",[],B013R3Q7B2,B013R3Q7B2,AHC3NTJ23SXHQBOGQ5UR2UIOBFPQ,1651011661387,0,True
1.0,Too heavy!,This product is too heavy for my wall! The hardware included cannot be used. The picture hangs crooked! It could fall off the wall. It bends.<br /><br />The picture is beautiful.,[],B074DW3GZ7,B09YY1H35N,AE7GUWCETEMWPRT2RC4I44E3A3AQ,1618409445746,0,True
5.0,Beautiful,The colors are brilliant and the size was just right 12x16 I definitely recommend,"[{'attachment_type': 'IMAGE', 'large_image_url': 'https://m.media-amazon.com/images/I/71R15rGN2iL._SL1600_.jpg', 'medium_image_url': 'https://m.media-amazon.com/images/I/71R15rGN2iL._SL800_.jpg', 'small_image_url': 'https://m.media-amazon.com/images/I/71R15rGN2iL._SL256_.jpg'}]",B08X49W14Y,B08X49W14Y,AGMGJ4JFE4CEDKYCL5UH275UEOAA,1662526905263,3,True
5.0,Beautiful decor,Great eater tree hanging decor,[],B09QC8PVYD,B09RF5J3SK,AHIRSOTACNYU24JPTMBTFGNKBGTQ,1656700956313,0,True
5.0,Five Stars,"Really beautiful headboard. Arrived ahead of schedule, very easy to install/mount onto my existing frame.",[],B06XB6MH4X,B06XB6MH4X,AFL6FZ7FPNT7US75ZQ3AIJVKLNNA,1532095564541,0,True
4.0,Updated and better review,"As long as it worked, this soap dispenser worked great. Unfortunately, it stopped working 5 weeks after I bought it and I can't return it anymore for an exchange/refund. We tried several sets of new batteries, but it appears that the sensor is broken. This item was never dropped or damaged in any other way. It just doesn't want to work anymore. I cannot recommend buying it.<br />UPDATE: After writing my initial 1 star review, the seller contacted me and offered support. Since their troubleshooting did not work and the dispenser was simply broken, they went ahead and sent me a new one. Their customer service is great! So far, the dispenser works just fine. Comparing the new one with the old one, I have to say the new one dispenses easier and faster. So I guess we were really just unlucky to have received a bad one. It happens. Should any other issues come up, I will update my review again.",[],B08B3ZMG51,B08B3ZMG51,AENVFJZU3QIV2CF3VRI3A6NY63PQ,1604532363518,1,True
5.0,Great for smaller families,Loved this fryer - it is perfect for the two of us.,[],B0773V9QM1,B0773V9QM1,AFVK2FBJNKRLSXSZI5TKNFDFYU4A,1566482991386,0,True
3.0,Lid not right!,Love the wording on cup. Cup seemed durable but lid did not seal properly.,[],B09QXC7CLF,B0BRGRXCCK,AGUVBJWONIX3ISKJUAMX7FFCU52Q,1662884644308,0,True
5.0,curtain,I actually do not have these 'golden' curtains hanging up. They didn't match like I hoped they would. But I couldn't return them. They are just too pretty.  They look like a spiral piece of art. Maybe I'll change the colors in the house sometime and be able to use them.,[],B01N5MXHA3,B08BCQBTHL,AGEFGQVAJ4PG7SRVROQ5YDEDRHKQ,1582298601892,1,True
5.0,Works great for  what I need!,I have bought many of these in the past.  The cats just love sitting on the loveseat and this protects the loveseat from getting covered in hair.  The only downside is that it is not comfortable for sitting as it slips when you sit down.  Not a big deal for me.  I would rather keep the pet hair off!,[],B01EKHBHGE,B07H7SRQRK,AHMQQUARUTZ5RBZ4WM7D3XHWDPGQ,1542639053329,1,True
4.0,I like it over my Dyson Articulating Hard Wood Floor tool,I use this on my wood floors and under tight places. I like it over my Dyson Articulating Hard Wood Floor tool.,[],B002SYJO80,B002SYJO80,AHGZ5WI3W5UGFB5YJQ2HNUBXH3OQ,1508961292744,0,True
5.0,Great find!,Love it! Slowly decorating my livingroom & found this perfect gem!,"[{'attachment_type': 'IMAGE', 'large_image_url': 'https://images-na.ssl-images-amazon.com/images/I/61urQ5b4SLL.jpg', 'medium_image_url': 'https://images-na.ssl-images-amazon.com/images/I/61urQ5b4SLL._SL800_.jpg', 'small_image_url': 'https://images-na.ssl-images-amazon.com/images/I/61urQ5b4SLL._SL256_.jpg'}]",B01MQGU4LZ,B08MY14YJK,AH572BTV3LUB6V536BNJ2XFPJJUQ,1530888271107,0,True
5.0,Five Stars,Nice product,[],B00LN810PM,B01C5AM0Z0,AENHJKEA5T6LPGKNFR7NYSBNV3BQ,1501452809509,1,True
5.0,Quick response,Beautiful  looking,[],B07F8VRGTC,B07F8VRGTC,AG6QYYQZCMQ5QVILMLAXFH5JME5A,1639585636684,0,True
5.0,Great games for fun entertainment,These games are amazing and absolutly perfect for my baby shower. Couldnt be happier!,[],B07K7TLPCK,B07K7TLPCK,AELI5WUANSGFY62UZF7CQFOLVADQ,1559126821367,0,True
3.0,Colors bleed when washed,"I ordered this because it was the size, colors, and patterns I was looking for. Upon arrival, I opened the package and the fabric had a strong chemical smell. I washed it on a cold water cycle and with a color catcher sheet. When the wash cycle was finished, the white portions of the cloth were now a pale turquoise color and no longer white and the color catcher sheet was a darker blue from the dye.",[],B073H2STLF,B09275NGDS,AGIARATCF7AAMDRG6GLT7WIKPF5A,1567031758883,1,True
5.0,Fast shipping and product fit,Perfect fit and the great price for the quantity.,[],B07B42DYS9,B07B42DYS9,AEGNFFUYAQWZD2R57SAO4TKYQJAA,1557516402838,0,True
1.0,One Star,It doesn't heat up a room very well.,[],B01M0AGJIQ,B0BKCDMRWP,AGLGKFBEAADHOMLZ6GGUBDNZ7ZMQ,1514683861866,12,True
4.0,Nice looking clock but......,"The clock is great and quality seems good.  I guess the reason I did not give it 5 stars is more of a clerical thing.  The description says it automatically resets the time once you select the time zone you are in. It neglects to mention that Hawaiian standard time is not one of the choices.  I mean, there is Eastern, Central, Mountain, ..... but what about us out here in the 50th State?  So, that function, of automatically resetting the clock to the correct time on a daily basis is wasted.  I had to just manually set the clock and will have to check it periodically to see if it is keeping correct time.  That is not a biggy... but it does make it just another clock albeit a good looking one!",[],B0001PG238,B0001PG238,AET5VYVC7EOVXUAKNUN6KLVA5QMQ,1392324170000,1,True
3.0,It doesn’t get hot enough,I bought this to cook some hotpot but it won’t  boil or cook nothing because it doesn’t get hot enough. It takes a while cooks takoyaki and grill things.,[],B0983CNJ7G,B0983CNJ7G,AFNRKZ3U3JCTKYEOQNAKTDZGBVIA,1643044879950,1,True
5.0,Es relajante y ayuda a mis rodillas,Esperaba que fuera más grueso para mejor descanso pero aun así ayuda. La calidad es buena y se limpia con la trapera muy facil. Si te sirve la sugerencia trata de conseguirlo más abullonado.,"[{'attachment_type': 'IMAGE', 'large_image_url': 'https://m.media-amazon.com/images/I/61Jg89rg0nL._SL1600_.jpg', 'medium_image_url': 'https://m.media-amazon.com/images/I/61Jg89rg0nL._SL800_.jpg', 'small_image_url': 'https://m.media-amazon.com/images/I/61Jg89rg0nL._SL256_.jpg'}, {'attachment_type': 'IMAGE', 'large_image_url': 'https://m.media-amazon.com/images/I/61gVT5VBF2L._SL1600_.jpg', 'medium_image_url': 'https://m.media-amazon.com/images/I/61gVT5VBF2L._SL800_.jpg', 'small_image_url': 'https://m.media-amazon.com/images/I/61gVT5VBF2L._SL256_.jpg'}]",B08XPZ3D8Q,B09MMJKHV5,AFFY2UPN543MNCDAHYYBXGZPD35A,1650637466300,0,True
3.0,It's jut WAY to big!,"Sturdy, but way to large.",[],B077D7RDJV,B077D7RDJV,AHRLQFYV75Y3Q2UOSHGJZGIRKJRQ,1609789890442,0,True
5.0,Durable,Durable,[],B07F1MN7YM,B086BXTRGJ,AG4B6SGL2C7WG6CLSKW4DCNCSZFA,1578357256442,0,True
2.0,rugs are so cheap they will not lay flat on the floor. It's a very cheap made set..,I like the color. I did not like the rugs. Very cheaply made will not lay flat on the floor. Shower curtain very thin. will not purchase this item again,[],B09NKT11Z4,B09NKT11Z4,AHR6FC6GGFBEUTVNEBVIFRHPUYPQ,1657424997931,1,True
5.0,Whimsical little tree,Whimsical little tree.  Was glad to find one that’s so tall.,"[{'attachment_type': 'IMAGE', 'large_image_url': 'https://images-na.ssl-images-amazon.com/images/I/C1szFsGa5WS._SL1600_.jpg', 'medium_image_url': 'https://images-na.ssl-images-amazon.com/images/I/C1szFsGa5WS._SL800_.jpg', 'small_image_url': 'https://images-na.ssl-images-amazon.com/images/I/C1szFsGa5WS._SL256_.jpg'}]",B07VVY2KDN,B08C7PF4D2,AF5CB2W3LPZ7SVOVV4T644ZKN6IQ,1607199466890,0,True
5.0,Five Stars,very good,[],B00FAWT7T8,B0763TZ391,AFUYDBG3A376GJEUS4RNYGVDF4XA,1434078554000,0,True
5.0,Convenient,Beautiful color,[],B07QGBWSHN,B07R8PLLYR,AGFTS5BEUNMNR5CTTIJUQYIGMTJQ,1580231150399,0,True
5.0,Perfect for your paring knives,"This product stays with me all day at work. I sheathe a paring knife, and keep it in one of the sleeve pockets in my chef coat (next to my thermometer). It’s prefect for any emergency where I might need a knife and not have one near me. Sheathe has held strong for 3 years now with 0 issues.",[],B001730DM4,B07JQSLDVN,AFGHX4VLP6P5XORLDJX3LZKUAAZA,1657580395840,1,True
1.0,Waste of money and all around pain to sleep on and return.,"Slept on the mattress one night and my back hurts more then ever. Don't waste your money. Returning the mattress and pillows (which I never wanted to begin with) is extremely difficult, and the return shipping fee is deducted from my refund! 1 ☆",[],B00H7GV24S,B00H7GV24S,AFKRVKGRT6W3EPV7NTFVH5ATNE7Q,1600546816420,0,True
5.0,Soft and cute,"I have not unrolled this blanket yet, since it is a bday present for this weekend.<br />It arrived fast and as described.  I am anxious to see it once it is open up.",[],B07PS6N94G,B07PS6N94G,AH4MXV5HO4M4ND56U2IECEBEXQJQ,1581524590907,0,True
1.0,... at a local store but it had only one fine shredding drum,"I bought a Zyliss shredder last week at a local store but it had only one fine shredding drum, so I decided to order this one to have other shredding grades.  The Zyliss is made of heavy sturdy plastic and well designed and engineered.  This Westmak one is incredibly flimsy and made of very thin plastic.  It doesn't seem like it will last very long.  I was going to return it but there is no option for returning a substandard product.  I will contact Amazon to see if they will take it back on those basis.<br />I strongly recommend you do not buy this shredder, it is of incredible substandard quality.  I thought that being made in Germany would make it a finely engineered product albeit proportionate to the price...but I was greatly disappointed.  Don't waste your money.",[],B0002HOR0A,B076ZZ1R3V,AHKY66VRL5XB4ZI7ZMKBD3ILYJFA,1517107673667,8,True
5.0,Stillness Faith Stencils,The Stillness Faith stencils are great and I use them a lot. Some of the cut out pieces weren’t pulled out but a little tug and everything was great again.,[],B07H298XN7,B07H298XN7,AEWLAAFPZ62YHFEFS3LEPPIWZT6Q,1596291497565,0,True
5.0,I love it! I ordered another one for my spare room. It’s beautiful and feels so soft after washing.,"I love the soft colors and design. It’s also has a very soft and light feel. As with all linens, be sure to wash before using.",[],B0746DDJHC,B0746DDJHC,AE2VHAPY7QSQWFZTJ6ENEON5DZDQ,1570662637006,0,True
4.0,"Beautiful and superbly functional, but warps VERY easily","Love this pan... but with one caveat.  It is VERY easy to warp the bottom of the pan.<br /><br />After already having my first pan replaced after filling it with hot water from the faucet right off the burner (it literally says to do this in the small manual that comes with it) it became dramatically warped and thus was by any standard compromised, ruined (this is after all a nice $100 pan).  Last night I was making an enchilada sauce, and while the pan was over medium heat I very slowly poured in 2 cups of chicken stock that I had taken out of the fridge.... this I would later discover had warped the pan just slightly (this was one of the first dishes I'd made with the new pan).<br /><br />While the replacement pan is by no means totally ruined, it is incredibly frustrating that it is so seemingly delicate that it would warp, right out of the box, from one instance of very normal usage.  I'm not sure if this is just the nature of tri-ply stainless steel, or if this would perhaps not have happened with a more expensive All Clad pan.  From now on I will make sure to heat any liquids I include into the pan in the microwave beforehand to hopefully prevent any further warping.",[],B004YV5ZVK,B0BKH4X5CR,AHFHFTEPN4VVTBH36HKQIBHQRJ7A,1418260676000,5,True
5.0,beautiful blanket,"Very Heavy and warm, colors are great",[],B07RLV7DC7,B0BHMTH3PZ,AFOVWEDP6YWJJBIQ5RLATAJVJJRA,1606915295491,0,True
5.0,Great sturdy cooler,"It is very good quality, no leaks, sturdy zippers, looks awesome and we lo e it. Thee soft sides make it flexible to take golfing when we need to rent a cart and the baskets don't hold standard coers.",[],B09P367TM8,B09X1HTYGD,AFXJKDP3QYAAQZ7OQ6IQX2E6SCDA,1660516372677,0,True
5.0,Love it,"Love this. Wish I would have bought it sooner.  Had an issue with a broken piece when I installed the batteries, however, received great customer service from Amazon and iTouchless and the broken part was replaced.  So far my dog has not been able to get into the garbage for the first time in 8 years. Would buy again.  I am considering smaller cans for other rooms so I can get wastebaskets back on the floor.",[],B000EJVYTS,B0C78W9WYV,AFJCED7ENQPAOXGMFO4M2PIGK47A,1488725339000,2,True
1.0,Not worth the money,This is cheap looking and cheaply made. Not worth $20. Maybe if it were priced around $3.00. Not happy with this purchase.,[],B08D959R43,B08D959R43,AH3CDE3KLYKT253ZDKCL43HESPVQ,1623884250587,0,True
3.0,print,"Fell off of the wall once and i realized the sticky pads will not hold it up, unless you cut back the canvas a little so that you can put the stickies right to the wood. Also, print is very non descript and very blank looking on the wall. The wall is white and just maybe has some effect on that.",[],B07YKH4T5F,B0BXWV3G5V,AFJEPQTDK23LT4QQ4DKEB3724ZHA,1640288690069,0,True
4.0,Beautiful canvas. Fits perfectly over a fireplace or full/queen size bed.,Beautiful bright and vibrant canvas.,[],B07DRCG9D2,B08YNFS2W9,AG4GPIWXSD52CYVTH74VIRXMTYKQ,1573675884233,1,True
3.0,I don't use this as much as I thought I ...,I don't use this as much as I thought I would.  It is a little difficult to keep veggies on the holder and slice them.,[],B00TZ9MFYQ,B00TZ9MFYQ,AEJQ4VOHJRFUD3PFN4B6USDID4OQ,1501814650580,0,True
5.0,Exactly as expected,I received the anchor yesterday and it is exactly as pictured! I read a lot of reviews about it being broken when received but that was not the case for me. The packaging was done very well and the anchor is pretty sturdy. I would definitely recommend this!,[],B0036QGSII,B0036QGSII,AEOKVQF7TYP6TPD4E6IXBWPB4BYA,1442318818000,0,True
5.0,Very Clean Burning Fuel,"This lamp oil came quick and burns clean great price too, great for indoor burning. We use it at the dinner table.",[],B07DD24TBB,B07DD24TBB,AEQKYLEDZ4FD362UKGGMNT7KUAVQ,1539737118620,1,True
2.0,a lot of work,It works ok but it's a lot of work to clean - several pieces,[],B088T8B3Z2,B0BKPK189W,AEOGBNM5YSB4QIU2TU7B76MCR5GQ,1609352627977,0,True
5.0,Love it,We purchased one of these drawers a year ago and loved it! The color goes with our bedroom wall color (blue/gray).  We were excited when we saw it on Amazon and had to get another (so now we each have our own dresser).  Spacious and looks great,[],B087CCMLZZ,B09FQS3SYM,AFPSZSGVKV3S54BQKLVTR5OFZUVA,1661696614386,0,True
5.0,Loose Tea Filters Offer Great Options,I love these loose tea bags! They are great for creating your own exotic floral teas. The bags are large enough to fill with herbs and edible flowers to create up to a quart of tea with one bag.,[],B07QNLVTQ2,B07QNLVTQ2,AEDNS5W3LL5YGKX4NYTVAKRUX3SA,1573986778596,1,True
5.0,Works Perfectly and Great Price,"I recently purchased this rug pad for use on laminate flooring.  The rug pad works wonderfully!  Just the right size for our 5' x 8' rug.  It is approximately 3"" smaller around the perimeter of the rug.  We are a family of 6 and this pad is used in a high traffic area.  It has handled the movement of our large family plus friends and we have experienced no slippage.  I just purchased a second pad for use under the rug in the family room.  This is a great value as the pads I've priced in the local stores are at least twice the price.",[],B0044WWKMQ,B0044WWKMQ,AGEFKP5CWEWHCKTTGH5ME3MXOMEQ,1304961138000,1,True
5.0,Cute and Fun Apron!!,Love this Apron!  Fits in with my Farmhouse / Rustic Decor too!!!,[],B082SLLHQB,B0C3Q51VR5,AFQBATDULSIR4IIZLLA6JDTU4YHQ,1614194988802,1,True
5.0,Love this product.,This pillow case is great for keeping your hair feeling good. Preventsctangles and fuzz. You can wash it in the machine safely. Also put in the dryer. Comes out looking just like new.,[],B09GXTQL4B,B08V14JZJT,AGXQZKF4KIYEEFJ2IKXIVW2ADF5A,1659668372005,0,True
5.0,BEAUTIFUL STORAGE OTTOMAN,I bought this storage ottoman to use for storing my magazines and my couch blanket and for a coffee table. I was amazed at how great it looked when I received it and I loved the expresso color. Its working great as a coffee table and a foot stool. It is quite sturdy and the quality is good on how it is made. You can't beat the quality for the good price and its the perfect size. I highly recommend it and everyone I know that see's it also wants one. Great buy!,[],B00BY2845Q,B01KTKBTC8,AECG3ARAJPSET6CYYN7LCUZDROQQ,1401893945000,2,True
2.0,Worst Berard product,Mine was 3 scrap pieces glued into one<br />Just damaging their own brand<br />I have gotten dozens of Berard products over the years and this one is the only disappointment<br />Get from a seller who can verify if their board is one piece,[],B002WJI504,B002WJI504,AHMYCDXKJ5LF4H7GTO66CCTDT2CA,1661715951679,0,True
5.0,Must have accessory,At first thought this would be cheesy and cheap. I need to move my Solo Yukon in order to empty the ashes and can’t believe how easy this makes it!,[],B093178PYB,B09314CDWL,AG7Y76254DTBAX7NWH56JFFE7WHQ,1673386325128,0,True
5.0,Great purchase,Used this for my apartment! Perfect for renters and easy to install.,[],B08MQ6R4M7,B0C2CND1ZJ,AFHYWAQ4L5LGCYWFKER5FETIIGDA,1648482069124,0,True
2.0,Not worth the money,"It super light weight, maybe to light weight. Feels super cheap. Set my drink on the tray and  the  condensation from my glass left a water mark that won’t come off.",[],B07P8J5ZL9,B07P8J5ZL9,AF76V2IH4TFOYFKFDPUVRUSCHVVA,1569322832406,0,True
5.0,I loved the product!,Easy to operate and a quality machine.Great product! I use mine almost daily and have t experienced any problems.,[],B07H5H29S5,B07H5H29S5,AGI3DETFJ3DUQYQ4YRPVMXLA3VAQ,1546654291419,0,True
5.0,This was the best choice,[[VIDEOID:b7c2dafae7782b3a28691d7ac786ed6c]] I love my new head board and I put it together myself,[],B07W7VR2PS,B07W7VR2PS,AGVCPSK6V7D6T4NFU4M4Q5RASRBA,1616938257037,4,True
2.0,comfort sleep and pan.,IDID NOT find the pillow helped my sciatia nor my knees. I would have liked to see more information about the different positions for the different heath problems.,[],B01A8TPWS2,B09S56Q6MD,AGDI75F3SFN3E4CJWK4AW27RJZXA,1580006226250,1,True
5.0,would buy again,gorgeous  sheets loved them .... wash well,[],B00F3FK1OW,B0BKQG7XPH,AHW6Z2VSUUSWMGPLOEHCUCBEQG3A,1457834312000,0,True
3.0,Smelly,Is product that had a strong odor had to air outside for 24hrs. Still smelled. Couldn't put  mattress on for another day while room aired out.<br />Not super strong but works for bunkbeds for kids.,[],B07G9KK43N,B07G9KK43N,AH2K66KIEOBWGR3SCVJUGJEZPFEQ,1562943957585,1,True
5.0,"great wisk, it works great at getting the bottom ...","great  wisk, it works great at getting the bottom stirred because of being flat.",[],B00176ODVS,B00BVZQXEU,AFCAH2KDO4V5SF5AXCIAUGI4OGCQ,1429694382000,0,True
1.0,Too small,Too small for a dog crate needs to be bigger,[],B077ZTJ6T5,B09B9TGCNB,AHB4IGSV5P34THBILWIKVOZ7K3AA,1600141588835,1,True
5.0,Five Stars,If you enjoy steak you'll love these steak knives.,[],B0000631ZP,B073H4N119,AFLQ3VYLMQRCNXABUVWAJZYBECXA,1427322800000,0,True
5.0,"Quality product, wonderful tofu, terrific purchase",Better tofu than I ever could have dreamed. Can't believe I've been eating and making tofu without this for so long.,[],B007LLGMG2,B007LLGMG2,AEW2MFVLMEOETSH5OTTAW2IS3XGQ,1611976803283,0,True
4.0,"Vague instructions, but sturdy model.","If you're looking for a relatively cheap way to get your mattress off the floor and you want some utility and flavor to go with it, this product is fine. The instructions were very vague however, the product was very heavy, (I strongly recommend at least 2 adults to assemble) and the product had some slight paint scratch-offs. A retouch pen was provided for the scratch-offs, included in the package.<br /><br />The storage drawers are nice, but the product only has two drawers, one on each side. This can be a problem if you intend to have your bed up against one wall because it disallows easy access to that drawer.<br /><br />Moving the bed (if it ever happens) will take some time because of the numerous, heavy pieces, but thus far, the bed has proven to be sturdy and attractive.",[],B000V1V926,B001VH7S0G,AF4PVLWI5J5HYJEA3FAIFQ4D57KQ,1368931758000,0,True
5.0,Love them!,Great product,[],B01L8ROVEY,B0BZ89DQ7M,AF4QGQDNVIORLZTSFPCR4HJR5EVQ,1557426851635,0,True
5.0,Quality and nice looking,Quality and nice looking,[],B07MJQC1L1,B09N3S1LXD,AGAJEPAYVFTOQZJH52Y4RQ622KBA,1615055631000,0,True
1.0,No volume and randomly resets,"One never had volume, the other had volume for 3 months and now resets randomly while in use. I do not recommend.",[],B07RPT4LFN,B09W9XTS3L,AGUUZ4YFU6BYTCNB7UPORPZDDGGA,1598712904653,0,True
5.0,Perfect,Perfect box for pretty much everything. They fit perfectly on shelves to hide all our craft supplies and toys.,[],B07622N4MK,B07622N4MK,AEWRIBPVC3LA2XQCNCZUV5GFGYZQ,1561827201687,1,True
4.0,Really nice. Wish came in an off white color,Really nice. Wish came in an off white color. Pleats weren't obvious. Definitely buy metal hooks separately. Didn't bother with plastic ones that came with it (weren't expecting them or depending on them though).,[],B01AQRX79W,B01AQRX79W,AHU2SRE6ANCGHC2N75YYNFCNNFUA,1495321800000,1,True
5.0,High quality stretch hose,"I have bought two of these in the past. One of them broke within a week of using over my concrete driveway. The other one is still going. Bought this one to replace my broken one and as soon as I pulled it out of the bag, it was noticeably higher quality and felt stronger. I have used it for around 2 weeks now in really hot sun and it seems to be working fine. Really like the on/off switch at the end of the hose, allowing you to change the nozzle without having to walk back to the actual faucet.",[],B088ZQWRGT,B088ZQWRGT,AFLOQMUN5YVVTLCZV2T6Y2VG3E7A,1597072579620,2,True
5.0,The perfect towel,These are simple and super cute. Great texture for picking things up. I’d definitely get more when I need them.,[],B07PTSB1NP,B08KG6QS62,AHSRVC7REX2NOL5BBFQTYU2EOLTA,1601640003713,1,True
5.0,Adorably Accurate,"We always travel very light, and that’s why this little clock is perfect. I don’t trust hotel “wake-up” calls and always want an alarm clock for that sad day when we have to get up and ready for the flight home. The clock is plastic, which is great because I’ve been stopped at the airport and my bags searched for carrying a metal alarm clock. Finally, I must say that this alarm clock is so, so cute. When you get it you’ll know what I mean.",[],B06XR712K7,B06XQRX2C6,AF6TJJ4AREALPW7YP7ETNKVLBJOQ,1642504171684,0,True
5.0,Wall Clock,Perfect,[],B0179KVUVG,B071DHWT5Y,AGP6S65HJK6W3M37FPPLF2V6NRDQ,1556992966702,0,True
5.0,Best Purchase for the Winter,"I got this for the cold weather coming up and it’s honestly the best thing ever. The blanket itself is so soft and lightweight and the heating is adjustable and let me tell you, it heats up quick! The cord is really long as well so it’s good for those who has the plugs far away from them as well. Definitely a must need for those who live in cold weather or loves the warmth!","[{'attachment_type': 'IMAGE', 'large_image_url': 'https://m.media-amazon.com/images/I/61PKrd-x3GL._SL1600_.jpg', 'medium_image_url': 'https://m.media-amazon.com/images/I/61PKrd-x3GL._SL800_.jpg', 'small_image_url': 'https://m.media-amazon.com/images/I/61PKrd-x3GL._SL256_.jpg'}]",B0814HVNJM,B0B5RN7QJ9,AGEG2MGV6I3WWSC6CZNNOP2CNLHQ,1634172731328,3,True
2.0,Weak zipper,The zipper broke within 2 weeks,[],B07BV37CLN,B07BV37CLN,AHT2BHVLHYAJCZAVQLGMQSEHWZ7A,1543678104772,0,True
5.0,excellent product,"love the color, the insulation is excellent.... such a great quality",[],B07PPKS5KB,B085XWLXR2,AH33ZHK2ULMNZMF4H5UCUCRIB2EQ,1628186775531,0,True
5.0,Great Dish Rack!,The rack is sturdy and foldable. Perfect for a stow-away dish drainer!  The only thing I would like to have included was a silverware/utensil rack.,[],B07H9D51ZP,B07H9D51ZP,AFWSQT57UWIYRMZCJ234C2ZYKQKA,1598231889530,0,True
5.0,They work!,"They work, they fit well, and they fix broken blinds - especially those pulled down by a little child to snap the top part.  I'm very happy with the product.",[],B00Z8EHRXQ,B07B68TRBN,AFJ3GAKFT6NFOL3U4KIMDOSQCNMQ,1517243571056,0,True
5.0,Holds up,[[VIDEOID:58a5b9eb50068e095eada547710f266b]] Sticks great,[],B08NXB4FS6,B09ZH4FL96,AHQ3NIVTP2HNUWYTZCCMZIXWLFYA,1621429710147,0,True
4.0,Good for Kwanzza celebration.,One of the candles was broken upon arrival but the dealer replaced it immediately upon contact.<br />I suggest that the candles be  a little thicker or the holes a little smaller for a better fit.<br />It was good for us to use in our celebration. Instructions were helpful.,[],B0069QBNV4,B0069QBNV4,AHHZLEL7HPSCKRWOA7IEH7IBSUJA,1389993178000,0,True
5.0,Love this design. Have a few and getting more! Wish there was a way to close it off.,"Love everything about the design. Easy to clean, drink etc. wish there was a way to close off the straw. Otherwise perfect",[],B0B1J7ZWZ4,B08QDDVCD2,AGL6BB6TKM364TQVULLKLUMOZF3A,1672140926190,0,True
5.0,Nicer than the less expensive ones,"This is my 4th crock- and by far, the nicest.  Much heavier and a better finish.  Also quite pretty! Happy.",[],B007FF57J2,B09VMY9DWX,AFAD2KPXTZWDUMBAA5DMR65O2XTQ,1387818125000,0,True
2.0,Wish it was larger,Very small,[],B00VQ2SJ4U,B00VQ2SJ4U,AE4MS4MYA6NMRDZOFVXYDNWU423A,1576505784603,0,True
5.0,Five Stars,Great Filters!!! Half the price.  In 2 days or less.  Thanks a lot!!,[],B01HF6TX5O,B01HF6TX5O,AH4XAD2BMDRKYMJEEEHYRM2SAGNQ,1481160091000,0,True
5.0,"Not great for my needs, but would work well in the kitchen.","I wanted this timer for my office, to remind me when a patient was done with their treatment.  For that purpose, it's not great, because it has a ticking sound and a really loud bell.<br /><br />For the kitchen, however, I think it'd be great.  The ticking sound is a reminder to pay attention and the bell can alert you even if you've wandered away from the kitchen.<br /><br />AND it's really cute.",[],B085C5FSY6,B085C5FSY6,AHOQM5SUNXKBF73ZJIDI2Z5HM7DA,1634240409475,1,True
5.0,Well made and easy to use,My spiralizer arrived today.  I decided to use it right off and it was extremely easy to use.  It attached easily to our counter and was sturdy and well made.  Very happy with my purchase.,[],B01MSZE4YK,B09Q19Z5FT,AEPHWMI5FWJHLAYVHJGYO5BXVXBQ,1524612935521,1,True
5.0,Beautiful,Bought this for my friend and her husband for their 25th anniversary. They love it. It's beautiful.,"[{'attachment_type': 'IMAGE', 'large_image_url': 'https://images-na.ssl-images-amazon.com/images/I/C14KE0hPRmS._SL1600_.jpg', 'medium_image_url': 'https://images-na.ssl-images-amazon.com/images/I/C14KE0hPRmS._SL800_.jpg', 'small_image_url': 'https://images-na.ssl-images-amazon.com/images/I/C14KE0hPRmS._SL256_.jpg'}]",B0758C7SDH,B0758B99VC,AHZRMQGOZFHY2X56C5PKZU4EYEQA,1615909834324,0,True
2.0,it is waving,"I think it was roll to tight when packing, so when I open it waving.  I tried many ways, but it is not flat out.  don't like it.",[],B01K9J3Y7W,B098QBNX1R,AE6MIGSPPJ3MFVK35HEI4IXXUALA,1639687945953,1,True
3.0,Pretty good over all but bigger than a full,It's nice overall but it seems larger than a full and a bit of a pain because extra material.,[],B096ZS7LCC,B096ZS7LCC,AGFM4MQNWB255RABJCTTVS6X4YMA,1639867818183,0,True
5.0,"Great product, reasonable price","Looks great, works great",[],B00T1F5CSU,B00T1F5CSU,AF4S6UJPIUN6UOGKCJCDYH7GVODQ,1493609493000,0,True
5.0,Love it.,Just what we were looking for. It hangs on our bathroom perfect does not stick out to far wall holds about 8 magazine.,[],B002V1H31K,B0BBWJBYH3,AF6KTF7KSNUJ3XSQ2GZ74MLFOGIQ,1389205610000,0,True
5.0,Five Stars,Great product. Very comfortable,[],B01NH0FATN,B0BYZQJWF9,AHKHE3CSTJSZCAJ2WK4VVSG7SONA,1487315380000,0,True
4.0,Good price,"They are very soft, but a bit thin. Will take time to see how they last",[],B018ZT6LV4,B0775C11JX,AE7IIFBLBOP6PGAINU73ULEVKFOA,1565412841174,0,True
5.0,"My personal favorite, it has a unique curved shape on the ...","My personal favorite, it has a unique curved shape on the underside of its base.  Alone it shows pink and green reflections.  Sip a gold coin under the base arc, and watch the colors transform....",[],B008B7UD2O,B0B8133WHT,AFKDCZWZBSCC36U3AHGFY7REMSEA,1467243877000,0,True
4.0,Nice!,Pretty nice. Decent quality but wash first.,[],B08GKN4KXZ,B0BNHK5YXK,AEP6AKKOKNNLSLP2MS5C4PBUNUVQ,1678405174327,0,True
5.0,Five Stars,"amazing sleep!!!!! amazing price, can not beat this. trust me, buy this now!!!",[],B00Q7EPSHI,B0BZJNL66N,AEDC7N3KERWLZ5E643JHQTYZJVUQ,1507255531467,0,True
5.0,Loveeeeeeeee it,Omg amazing product<br />I didnt expect such perfection<br />My scrambled eggs are finally cooked to perfection.<br />The butter doesnt burn<br />Amazing will buy more,[],B000GWG0T2,B0BHSTQJM2,AFCF547FIDEW2KBSJM76GDFGTYFQ,1588635119567,0,True
5.0,Great value,Great for jobs around the house.,[],B00CPGMUXW,B0BLGKF3B7,AH7F7ZAPFYIUX5BERFSAE7HLSA7A,1578751223819,0,True
5.0,Great buy—certainly worth the money.,This is an awesome machine. It is so easy to use and it’s a much more compact size than my old vacuum sealer was.,[],B07J2SR7YT,B07J2SR7YT,AFC3GBIIM4R7W3WIXWYCOWZIDDAQ,1576803254254,0,True
5.0,Got a slab home? This may help you out.,"It's pretty small, about the size of half a trash can. We put it in our kitchen. Noise is so so, low setting more tolerable and seems to pull nearly as much water out of the air in nearly the same time as high fan mode.<br /><br />Our house is 4 years old and 2300 square foot. It's a 2 story, built on slab, lamminate floors downstairs. It's like our downstairs is humid and has that ""basement"" effect, though it's a 1st floor. We are in Indiana and when summer cranks up our Nest thermostat shows us peaking at 63% humidity! With this running, 53%-55% is now the normal and though that's a tad high it is WAY more comfortable. We feel we can now turn our air up from say 68/69 to overcome the humidity to 70/71/72.<br /><br />So bottom line I would recommend it. If you're wondering you will probably empty the tank twice per 24 hours. Sometimes once every 10 hours. Having it in our kitchen makes emptying a snap.","[{'attachment_type': 'IMAGE', 'large_image_url': 'https://images-na.ssl-images-amazon.com/images/I/91iyELjeQWL._SL1600_.jpg', 'medium_image_url': 'https://images-na.ssl-images-amazon.com/images/I/91iyELjeQWL._SL800_.jpg', 'small_image_url': 'https://images-na.ssl-images-amazon.com/images/I/91iyELjeQWL._SL256_.jpg'}]",B081L577FJ,B0BLHPDPD4,AF3IO5UPF7FURWKELDWAM2M72WWQ,1625797163325,0,True
5.0,Super cute!,Loved these! I bought a few for employee gifts and they loved them!,[],B07F31325J,B07F31325J,AE7LSUJB7MYUSNBHQ7IOZMCFLDFQ,1583271379692,0,True
5.0,Love it!,"I bought this for my son. He's been wanting one for a while, so I bought it for him for Christmas. He sleeps with it every single night. We even took a trip up to the mountains, and he brought it along. He says it feels like it's hugging you at night. My son can feel a bit anxious at times, so this blanket is perfect for him. It helps him relax.",[],B0831LYHJ1,B083YZQY61,AF2W5U4F2Z2WKD73XLHIC3I2AOYQ,1609376588227,1,True
5.0,Holy cow. This is fantastic.,"2016 F150 - This is my second go around with this type of cup/mug holder. This is absolutely wonderful, it fits my 14 ounce yeti rambler mug like a glove. Also, we drink a lot of water from our mason jars and it fits a mason jar like it was made to do so! Will not tilt or move in place.","[{'attachment_type': 'IMAGE', 'large_image_url': 'https://m.media-amazon.com/images/I/71qMLONQmVL._SL1600_.jpg', 'medium_image_url': 'https://m.media-amazon.com/images/I/71qMLONQmVL._SL800_.jpg', 'small_image_url': 'https://m.media-amazon.com/images/I/71qMLONQmVL._SL256_.jpg'}]",B097D1Q4B9,B097D1Q4B9,AEQRZVSRQOCQBWMGZPVM5DUJHJEQ,1648246293970,5,True
5.0,Five Stars,Perfect Prop.,[],B006TSRHUS,B07B3X5P6Z,AHR74YMXBLAETU55BS2NROLDNRFA,1427750357000,0,True
3.0,will not strain small particles,pretty decent but would not strain tiny particles,[],B08318S1QZ,B08318S1QZ,AE627DDIKKXCTGPTUDB76AM72PQQ,1617039793167,0,True
5.0,Makes toast and cooks food well.,"Works great for me. Does a muffin or toast pretty quickly. Fairly easy to clean. I cooked a square pizza in it, like we got in school and it did a good job.",[],B000EES202,B07XZNSQ4J,AHZOGYXDNG2I46FO7YOFYQZVSJBA,1568060176459,0,True
5.0,good job,"thanks, good job",[],B00PJOLKMY,B00PJOLKMY,AECDWCNDUDNGTDTKERQMG6YTCVNA,1610577251547,0,True
5.0,The hangars are perfect. I was a little worried about the finish ...,The hangars are perfect. I was a little worried about the finish but for the price I'm very pleased.  Look very nice in my hallway closet that I use for guests coats.,[],B0171OM2U8,B0171OM2U8,AEWU4TECB4AI4RRYKXVDAOSCAZZA,1450038138000,2,True
5.0,Perfect for condiments,"I love them, they are perfect. My condiments are organized",[],B07HJTLVYT,B07HJTLVYT,AGA4I2TWNEHVHJPQQJW7AKKTYVHA,1600887174946,0,True
1.0,Very disappointed,Is not glow in the dark I try different way is no working I lost my money,[],B0946P8KGP,B0BHLD2Y5L,AHCZG6XDV6ZQDW7TDZHLU4QEMEUA,1659225267442,0,True
2.0,poor taste,"The quality of this beer, once brewed, is disappointing.  I expected a nice craft brew flavor, and the wort smelled and tasted promising.  The final product leaves much to be desired though.  So now I'm two for two on the Mr. Beer kits.  Both types (this and the booster kit) I've brewed seemed promising, but disappointed me once in the glass.  My advice is to stick to your local homebrew kits.",[],B0013M4KGO,B0013M4KGO,AE72O5OHQ3ZKADZNMFJY7I2BU25Q,1307712408000,0,True
5.0,Perfect,These cards were great. Only thing I didn't like about it was the lines used to be able to write on the cards. To many dashes everywhere. Overall 5 stars.,[],B09DXD8R6N,B09DXD8R6N,AGQPEERGXA6FXVU6Q7QLJJRKJQCA,1646939154226,0,True
3.0,Poor quality,The quality was poor construction.<br />But the delivery was fast.,[],B07TXD3N7C,B07TXD3N7C,AE2VNU6BNYRDSSFHYW7ZAIOSQCCA,1635719034566,0,True
1.0,Terrible quality,"I would NOT recommend. I purchased 2 mirrors  and it’s like a haunted house mirror. There are ripples in both mirrors. The glass is not clear.  The quality is horrible. Cheap quality! Our bathroom project wasn’t completed when the mirrors arrived so I wasn’t able to hang them until later. Unfortunately, it was 7 days after after the return window when we hung them up and realized what cheap quality they are. Hamilton hills wouldn’t return them. I paid over $400 for 2 mirrors that I couldn’t bought for $50. Do not buy this brand!!!!",[],B06XY6P8H1,B0BJ7DN98F,AF6HA4CQM37FYI7YJRBNQ2T4CH2Q,1657544952477,0,True
3.0,"If you're looking to get serious, heavy duty pressure washing done - look elsewhere.","It's an OK pressure washer. Seems much weaker than 2030 PSI - a true 2k+ PSI washer will clean much more grit/buildup in a shorter amount of time.<br /><br />Overall it gets the job done. The nozzle storage and detergent/soap mixers are a nice touch. If you're looking to get serious, heavy duty pressure washing done - look elsewhere.",[],B00CPGMUXW,B0BLGKF3B7,AGUJRQZVBSOAM5UTUHV52ENN5PNA,1478050970000,0,True
5.0,Love this,I feel so fancy when I use them. I hide them from everybody in the house. They are fragile so just for my enjoyment makes beverages tasty and chilly. Especially smoothies.,"[{'attachment_type': 'IMAGE', 'large_image_url': 'https://m.media-amazon.com/images/I/B1CqDjBYYXS._SL1600_.jpg', 'medium_image_url': 'https://m.media-amazon.com/images/I/B1CqDjBYYXS._SL800_.jpg', 'small_image_url': 'https://m.media-amazon.com/images/I/B1CqDjBYYXS._SL256_.jpg'}]",B00TC7F3WW,B00TC7F3WW,AHSRBXMSWLJLTG2BEN67OPWPYPJA,1632136662136,0,True
1.0,Awful quality,"Didn’t light easily, didn’t last more than 15 minutes",[],B08X4YQ5BX,B08X4X67ND,AH7UF5WIOELPQOKZWDRXR4TFHEGA,1639337288599,0,True
5.0,Just what you wanted,Super,[],B0017YW3R6,B0017YW3R6,AEJ66SDXXCB4GFTU6SEF3YHMWMNA,1633356057400,0,True
5.0,Easy to put together extra bed for company,"I love this chair.  Its attractive in my bedroom, but is an awesome extra bed for my grandchildren when they come to sleep over and its so easy to set up.  It just unfolds.",[],B07LGSP2RT,B07LGSP2RT,AHIJ2IY5OKGUQ6O6NOJY65N6WPNA,1615430138959,1,True
4.0,Great product. Makes all the difference in the world ...,Great product.  Makes all the difference in the world to have a nice cool handle.  The silicone did begin to break down near the pan where it probably gets more direct flame.  I've got one mega burner so it might be particular to my stove.,[],B004QM8W0I,B09HB29MBK,AFENXTBJYVR22VJD422DCVGYERTA,1512175788498,0,True
5.0,Recommended.,Cooks really good and distributes the heat equally.,[],B01M0AXVDL,B09GYMZKS4,AGV52MWASJS437XWHXHVGK7NJCXA,1578114235565,0,True
1.0,Cheap and nasty,They look so cheap. And feel so cheap. Yuck. They are hiding in my closet.,[],B07VPHBZLH,B0C55BWTSW,AEV42NCPO2W5EGMUBWQEHNDQFRTQ,1644536074515,1,True
5.0,Useful beauty,Perfect for a centerpiece on my dining table and the large for a serving tray.<br />Looks great and you can tell it’s a great workmanship.,[],B09MV3X52X,B09MV3X52X,AFKEFE4KFMI2HS4FFD24D2NPOZQQ,1674042478724,0,True
5.0,Beautiful for the money,This isn't attractive product and very affordable,[],B095KFB17H,B095KFB17H,AEHNNE56EH3GGFE6ELX6YF3KRN6Q,1649707007367,0,True
5.0,Great soap dish,"Would defenitely recommend this product, it was excatly what I expected.  The glass is clear and gives a very chic look to the bathroom.  Glass is thick and compared to a plastic one I had before this looks much better.",[],B001T7ANG4,B001T7ANG4,AGGQ4NJY6H6FHTWZ2F6VUDHJQVGA,1370830888000,2,True
4.0,Four Stars,"What's there to say, we needed a belt for the vacuum.",[],B001ICQEIQ,B001ICQEIQ,AF4POFSUKRRC2LIS5KYI2UMHE5XA,1530417319227,0,True
2.0,"This scale seems to work, but...","This scale appears to work ok. I don't have any milligram masses to check it, but it was consistent and gave reasonable values. The problem is that it killed the batteries overnight. That happened twice with new batteries. I checked the current draw by placing an amp meter in serial with the one of the batteries. The current draw was 7.7 mA when the scale was on and 19.6 mA when turned off. When off there is no diaplay (as expected). Very strange behavior. Sending it back.",[],B08T1KQP7B,B0BYRKS345,AFEJFXEQVXTLMHW6G4JAUVXR5AOA,1671653350326,2,True
1.0,"the photo looks NOTHING like the one on Amazon, the stripe are barely visible","Basically, everything including the size, I was so sad when I first laid my eyes on it when it was delivered.",[],B00K01X2OU,B09GM986F6,AGJCXUZLLFECZD3EESQTED5BAL7Q,1605743359921,0,True
4.0,Love this but it’s dangerous,"Works great, but even being careful, it’s really easy to get cut. Still really enjoying it though, so it must be worth it?",[],B07RQ3642J,B07RQ3642J,AGTAP2VBQPOBTEGVVTEPMAOXTS3Q,1630018281435,1,True
5.0,Versatile frame,Love this cute frame.  I’ve put a piece of my 2 year old granddaughter’s art work in it. I liked it so much I sent one to my daughter!,[],B07H64XZ27,B07H64XZ27,AFBCCVMWENALCRWBBFOQDQFVJEIQ,1616401853515,0,True
1.0,Absolute junk!!,I`ve tried this on several different types of cans and it doesn`t work worth a darn. I went and bought one from the dollar tree that actually works. Save your money!!,[],B075X45LCC,B075X45LCC,AEG6UBGBLXWMB5E5TJVPIJJVADKA,1574324722710,0,True
2.0,Not durable.,Not a size that fits in dishwasher easily. 3 chipped in 6 months when being stacked. Love the colors.,[],B01HACUQNQ,B08PFXTKZ3,AF4ZDWN7HA5KHT4S7YVZRSA6SW7Q,1548778300162,0,True
1.0,Very tiny,"Pictures shown on websites are shown as very large this is very tiny, really dissatisfied. And very overpriced for tiny little piece.","[{'attachment_type': 'IMAGE', 'large_image_url': 'https://m.media-amazon.com/images/I/81QlHLVouXL._SL1600_.jpg', 'medium_image_url': 'https://m.media-amazon.com/images/I/81QlHLVouXL._SL800_.jpg', 'small_image_url': 'https://m.media-amazon.com/images/I/81QlHLVouXL._SL256_.jpg'}]",B0BP6YVFCY,B0BP6YVFCY,AEORWPJFXTTF53H36YWKVTIQK7PQ,1676071758311,0,True
1.0,Inferior product,"I think the manufacturer used poor quality plastic.<br />It's hard to imagine that this is a cup for drinking water.<br />When the water boils, the plastic casing of the water glass is a little hot to the touch.<br />Even more unacceptable to me. I could smell the plastic burning. It was a pungent plastic smell.",[],B09PN8MHF3,B0BHTW7HQB,AE2EZTQ7JC3UIB4UT6HLFPONO3GA,1660552677468,3,True
4.0,Great dishes. Meh tops,"The purchase experience was excellent, and the containers are indeed large. No complaints there. The tops, however are a bit finicky. It can take a few tries to get them to close, and there's no good way to offset then as an easy drain when reheating. Overall satisfied, but I wish the tops could've been a bit better thought through design-wise.",[],B07WVT8H9C,B07WVT8H9C,AE6QXK45ORIDDSAAJWD536FLNC5Q,1620003658783,0,True
5.0,Great alternative to plastic,Love that I found an eco friendly option for my kids. Going to buy another set!,[],B095728THB,B09C82LJZR,AFD6QC3ZQMCJOVP6B6NWXVROUWZA,1633830260399,0,True
5.0,Five Stars,Love this tool!,[],B00TTZGVSC,B00TTZGVSC,AHXZC54IB5GCZ5UMDYXHQFPVUMRQ,1462590309000,0,True
5.0,Works great!,"I was skeptical due to the price but this brought even our old knives back to like-new sharpness. The edge doesn't wear off quickly,  like with the old electric sharpeners.",[],B00004VWKQ,B0BXTTZ5QQ,AFMRFCRC43CCWNLJZGUXWEB3X4LA,1323214857000,0,True
5.0,Five Stars,"Works Great. Fast shipping, fit my model dust Devil vacuum perfectly !!!",[],B008QVWQS4,B008QVWQS4,AFV6AR545RG5W6UGB6OSKBHFIBUA,1470046613000,0,True
5.0,The Best!,I love this item. Easy to mix protein powder and purée fruit! Awesome,[],B083V6SYH9,B083VZKVVN,AG6BC5RMFZPA47DCA66GFOMMMMMQ,1614651734659,0,True
1.0,One Star,Vote very efficient. Okay for a very small meal or snack.,[],B00I014XAE,B00I014XAE,AGXBM3EKHJBMLMYQTRROY5X3DR5Q,1435160081000,0,True
5.0,Very top quality,"Ordered the pr for a bedroom,  really don't need blackout but it is so awesome looking. Very soft fabric with only fold wrinkles which I haven't had time to steam but love them.","[{'attachment_type': 'IMAGE', 'large_image_url': 'https://images-na.ssl-images-amazon.com/images/I/C1oMeePzhuS._SL1600_.jpg', 'medium_image_url': 'https://images-na.ssl-images-amazon.com/images/I/C1oMeePzhuS._SL800_.jpg', 'small_image_url': 'https://images-na.ssl-images-amazon.com/images/I/C1oMeePzhuS._SL256_.jpg'}]",B083DVZKLS,B094FZBRP4,AGP3T6LSAXN5F6H7EZADGJ4A22UQ,1625771614481,0,True
5.0,"work great..doesn't have a remote, but I don't want one anyway!",Good price fast service....seem to be just what I wanted!,[],B01N8TOGVU,B09MSMR15B,AH6ZTDZCF6N5HZS63J5KJU4EEB2A,1641319858155,0,True
5.0,No rust yet,"These seem good, silicone O-rings are fantastic",[],B07F674MKJ,B07F674MKJ,AHDPMO2ZJ5SAIUMKRNVVUBXPE3RQ,1557933363230,0,True
2.0,I would return because it is very expensive for how easy it is damaged,"Snags very easily- cats will ruin it their first time on the couch.  I would return because it is very expensive for how easy it is damaged, but threw away the packaging already.",[],B00N0X4FW8,B00N0X4FW8,AH7WS24LKVAY6P6QETG2ARN7SL4Q,1427389886000,3,True
5.0,This dehumidifier is great.,"This dehumidifier is quiet, unobtrusive, small and it works really well.",[],B01DC5PPWM,B09999G489,AFIU242J2MZQH4GFRTAREA3FYZ5Q,1540519360640,1,True
2.0,Alarm clock,The quality is cheep.,[],B099NTPWWD,B08DTVRWJT,AEPXRCJ47ORT22EWNHKW3UYMEIFA,1631975403795,0,True
5.0,Easy,Greattttttt,[],B07FQLN6QW,B07ZV2TR8N,AERXWTR2REMK7ENCZWZAEARMI6VQ,1675008457291,0,True
5.0,Very nice,Very nice,[],B016N084X0,B07MZS2N67,AEZGZPJVVDKYO3SGWCZVMHSG5WTQ,1554273105357,0,True
3.0,"Teeny, tiny print","Beautiful map, however it should be larger.  The print is so tiny that it is difficult to read even with a magnifying glass … husband is a geologist so was looking forward to receiving this map given that the older map we ordered from this company was not so detailed. They hang together for comparison, but not very informative if you cannot read the descriptions.",[],B07ZCDGGR3,B07ZCCWMG8,AGMM4U7J5DU2N52PIQZUWKFFNZPA,1645708162293,0,True
5.0,Five Stars,Was Christmas gif,[],B00CVHIJDK,B00CVHIJDK,AFDDAWR22MLLDZWZE36WOKNJEYYQ,1420147186000,0,True
3.0,Bookshelf agony,"Looks nice once put together. However, it takes much longer than 1 hr to put together, Everything snaps together with wood and metal dowels. The “walls” of the unit are little more than a piece of cardboard, not much “wood” there. Shelves are actually particle board with a covering, they are not as thick as the picture makes them look, the added stripping makes them look think, as does the molding around entire unit. Back is in 3 pieces, locked together with a plastic stripping that shows. I got what I paid for, a cheap bookcase.",[],B0B9MWJ9FJ,B0B9MY424B,AFATCMTM6LG5SMOOMVZ7D5SE5RAA,1674700376189,6,True
4.0,Save money and food. better the zip lock bags,"Getting used to working with it, trying to stretch it further then I should. Have to remember to leave the right amount of space and remind myself to think of when its air is taken out it shrinks remember the amount of shrinkage. Has saved a lot of food that otherwise would have gone bad in my fridge. Well worth the money.",[],B0000CFG1Y,B0000CFG1Y,AGK2ODGSFXCNVKLVVJXPVAKPP3BA,1483468642000,0,True
2.0,Cleans really well- the first 3 times. Then 3 things stopped working.,"I was impressed when I first cleaned my first floor rugs - they came cleaner than I thought possible. The third time I used it, the brush stopped circulating, even after I made sure it was attached correctly. The purple floor release for the vacuum head to be released stopped working, so the cleaner couldn't be rolled anywhere else without the whole base scraping across the floor and pulling up small rugs. And by the end of the third use, the foot pedal sprayer for extra liquid stopped working, just spraying non-stop.The cleaner fluid container emptied itself in about 5 minutes, leaving a soaked carpet.",[],B06VSJ9D1H,B06VSJ9D1H,AHHRLERA4QPTDDWTOFSREBLNUE7A,1659109327969,0,True
5.0,Five Stars,"Nice size, sturdy! Just what I ordered!",[],B017TNIKRA,B017TNIKRA,AF37QWPO5VRA5GHQWE4K5IBZDQEQ,1464133922000,1,True
1.0,Not worth the money,Cheap and ugly and disappointing,[],B0017U7DFC,B0017U7DFC,AEF6OQITNRDTZNBIEUFUOYBF65ZQ,1563749830869,0,True
5.0,Happy with the Time,Can't say anything negative - it is GREAT,[],B09F849Q9D,B09F7QQXKG,AGEEDEVSBLBIL24SVAQNYR73MDYA,1671172405357,0,True
5.0,tiptop,nice looking and bright,[],B073BLZF6S,B073BLZF6S,AF6TXB2E3RR7CKU75A6GYMBZX2LQ,1540747012113,0,True
4.0,Almost perfect,"Straws need to be angled at the bottom to keep straw from suctioning onto bottom of cup. Also, a rubber gasket where the straw goes through the lid would be nice--prevent any leaking and would keep the straw from swinging around (sometimes you have to chase it!).",[],B01L8KSA0C,B01L8KSA0C,AHKKG6R6UPCNDNA7S2XETTWY7QJQ,1486344571000,0,True
5.0,Quite a handy little gadget to have in the kitchen,"The kids love it.  Now they can't wait to flip their pancakes.  Makes my job easier, too.  It also works well as a hamburger turner",[],B002P3KMJO,B07WKC321N,AH44WGJ26CZFLPLAWELDFLNJR7DA,1367063807000,1,True
5.0,Better than I expected,Used several times protects the glass surface on an induction stove during cooking. Boil water on boost power mode. No scratching or scorching at all. I love them. look nice on the stove as well.  My girlfriend had the stove on Boost or Hi setting and forgot she had something on the stove. The pot was so hot it scorched the pad but the stove and the pot were fine.,[],B07M6H2F8T,B08999QMJ3,AFCKJ7SCNPJTA2IWI74WWZL7KZMQ,1554714040298,2,True
1.0,Worked less than a week.,These lights lasted less than a week.  I am very disappointed as they were very cute and I was considering buying my daughter some more  to add to her dorm room because she said she needed to decorate the other side of her room.  However then she told me the lights lasted three days then stopped working.,[],B07XYGH93B,B07XYGH93B,AHO6AM5MJSNRC2XSQ3BTWNLZMEXQ,1599144363441,1,True
5.0,Cute Caddy,So cute and practical for my picnic/party utensils caddy.,[],B08WNB5S88,B08WNB5S88,AEBZ5UN3BGWLJ4GIPR5BNPQYKA4Q,1617822425220,0,True
5.0,Good extra liners for Instant Pot,"Good quality, nice to have extra liners for when you cook something with strong smells, as odor persists in the plastic liners.",[],B08DFZ5K1Z,B0C4KFQZDR,AE67CSQ54OTXQT65UPSHSZAJ7MDA,1679591799321,0,True
5.0,Bag holder,Smaller than I thought...but still great holds alot of bags and is great for smaller areas. Stainless is easy to clean,[],B01G5K1AM0,B0B8STKJ1Q,AFVBDO3K72PXOVXFIP2FTINFRCTA,1620096942121,0,True
5.0,Looks exactly like photo,This item is gorgeous and good craftmanship - highly recommend,[],B09F6LHZTJ,B09NN4NQ79,AHMCO7QKPBY7XU74KPZQWEFCBE4Q,1647531896171,0,True
5.0,Covers a multitude of sins,"We had a water leak that ruined the sub floor and tile.  I can't afford to fix the floor just yet, so what to do.  Get a big bandaid and cover it up.  It's heavy, attractive, and had zero odor.  I'm very happy with it.",[],B078H2G5SL,B078H2G5SL,AHX62I7V6JSWOR4KXCYPZKSVFNRA,1546649690274,4,True
5.0,birthday gift,"my daughter loves red, i gave her 2 sets for last christmas and now this one for her birthday. and they take up very little<br />room in kitchen cabinets. thanks",[],B00352KSRU,B00352KSRU,AHOYZP3TTPKQTJPPECF4AJC4AH7Q,1383090265000,0,True
5.0,How well made it is.,Very sturdy and fits small compact space.,[],B001BBI37O,B001BBI37O,AH2NUMFLDKWDPEVPKQ3Q23KPBJHA,1557016005915,0,True
5.0,Love these!,Love these! Good quality,[],B073ZNQ4W3,B073ZNQ4W3,AHU2RAIQMCLYZLIIOCE4YYIDDCCA,1545433819320,0,True
5.0,Five Stars,Awesome! Going strong after a month of solid food prep,[],B00VWJHFTM,B00W5YJ8N4,AFOBAGXQUURWPQDF76U77BHOJWMQ,1458713454000,0,True
5.0,Well made with strong materials.,"I like the heaviness of the material used.  Cans weigh a lot, especially when you put them all in one place.  It does not wobble or sway.",[],B01IIXR2II,B07MLXRH3W,AE5MY5WPBDKKARRWRXAGRNZ4WBHQ,1552651076731,0,True
5.0,so easy and simple,"meal prep is a lot easier now. i buy my meat now in bulk and season it right in the bag, vacuum it and freeze. it's so easy. then whenever i need chicken or beef, etc, i just thaw for a couple hours and cook. if you're a lazy cook, you'll love this for quick meals.",[],B0753J8N5F,B0BF8B7NWM,AEY3JAHW7LDPZNWF6EE3EDAKZRNA,1588284139281,0,True
5.0,I think its great so far,"I have only had a few months and I am new to dehydrating foods.  With a little trial and error, I am getting it right.  I think its great so far.  I was looking for the 5 tray stainless steel but I could not find it.  It makes a little noise, I run mine over night.  I dehydrated lots and lots of longans which turned out great! I would recommend this product.",[],B014IK804K,B07J2QLXW8,AFE6J65C7VOHHGNXUSWYUPSBDHAQ,1475608684000,2,True
5.0,Good storage boxes,We used these for sorting and storing children’s toys and games.  Holds quite a bit and is soft to the touch.,[],B07RW5QBM9,B07RW5QBM9,AGURG2TD3BVC6XLSCVK7AK3VTBIA,1612312739244,0,True
5.0,Daughter loves it,Daughter is making Boba at home so she needed a cup with larger straw. Works well.,[],B09XCS3SLN,B0BRN4N9MP,AFMDUFBVL3NDYCN4S5Z5P2PTUK4A,1678922512584,0,True
5.0,Attractive & sturdy,"I got what I paid for. Happy with it. Holds my pint jars of, Salsa and BBQ. sauce. On my counter with style.",[],B08R9ZY6MB,B09MWGWC3T,AH767EXRBC62TTGDEIHRLF47OHOA,1662462341818,0,True
5.0,Five Stars,Awesome! I'm excited to enjoy it for my 50th Birthday Celebration.,[],B01IYFNVMQ,B01IYFNVMQ,AGS5VQ3UCBKPZTRV3QFDRTDLAOYQ,1494638054000,0,True
5.0,Perfect,Love them! Weighted perfectly,[],B08PB1PX1G,B08PB2KKSN,AFLUUEUHNLKEZFJOIPQYRB2SN3VA,1628716629951,0,True
3.0,Not what I expected,Does not perform as promised,[],B071RG6HQ4,B094LLLXDB,AERI4LRI7VBJT65RLHDTC4AQFPQA,1626472659240,0,True
2.0,Arrived damaged, ,"[{'attachment_type': 'IMAGE', 'large_image_url': 'https://m.media-amazon.com/images/I/21n+DNZGyJL._SL1600_.jpg', 'medium_image_url': 'https://m.media-amazon.com/images/I/21n+DNZGyJL._SL800_.jpg', 'small_image_url': 'https://m.media-amazon.com/images/I/21n+DNZGyJL._SL256_.jpg'}, {'attachment_type': 'IMAGE', 'large_image_url': 'https://m.media-amazon.com/images/I/31jRLRTt4-L._SL1600_.jpg', 'medium_image_url': 'https://m.media-amazon.com/images/I/31jRLRTt4-L._SL800_.jpg', 'small_image_url': 'https://m.media-amazon.com/images/I/31jRLRTt4-L._SL256_.jpg'}]",B00OCXB2DA,B07GSS689R,AF6JMUYSBF7O23ZGNMRKGNVBYM2Q,1681590836391,0,True
3.0,Good quality overall exect little tiny oil spots,"Delivery was super fast, I ordered the sheet set yesterday and got it this morning. As soon as I received the package I toss it into the laundry machine.<br />As for the wrinkle-free, it's quite satisfying after the wash/drying.<br />Softness, it's not ""super"" soft but I still like the touch and its softness. I didnt get higher Tc cuz my husband is hot sleeper so coolness is over the softness for me though.<br />The reason I put 3 stars only is that I found little oil stain spots(probably from the sewing machines or so). But overall, it's good product.",[],B072Q1BK9H,B0C6FD9RL5,AHSFZKJOTA7WA2V4PU7WMBSWTKJQ,1592694661418,0,True
5.0,best thing I have ever bought!,I will NEVER buy any other brand of kitchen cookware! I LOVE THESE THINGS! Nothing sticks on them and they clean up very nicely and easily!,[],B00A3JGPMU,B00A3JGPMU,AHSHR5F3BI4FCETUVYHWGJLSV6CA,1379435561000,0,True
4.0,So far so good,"Discount after I bought, sad",[],B08HKYVRTG,B0995PGB4K,AHCCOBDGRTLAOLAD7BMEWKR5ZIAA,1642398997741,0,True
4.0,To expensive but I love it,"I love it, but it is too expensive though, and it does not light up on its own, I have to put a black light to it to get it to shine",[],B0151QZ1TW,B0C33HVFR4,AEHVIM3E3AW6A63P3PAJYLCHOXUQ,1597274230457,1,True
5.0,Best mixer I ever used.,"I have been using this mixer for years, so when my Daughter-in-law wanted a mixer for Christmas, I knew exactly which one to get her.  It lasts a long time and is hands free.  I use mine several times a week because I bake cakes and make my own frosting.  The one I have now I have had for about six years and that is a long time for the amount of use it gets.",[],B000COC69C,B000COC69C,AFBMQHP2D6UTI73VBNUYOSTEENIQ,1265051843000,5,True
5.0,Cute little clock for children,"My 3 year old LOVES Teddi. She caught on very quickly that she stays in her room until Teddi turns green. She likes his little ears and feet and how he closes his eyes at bed time. It is a very helpful tool. My only problem is the nap timer durations. There is only 15, 30, 90, and 180 minutes. My child naps from 120-150 minutes so I either have to set the light early or later than wake up time and can't use the music, only the light. The settings take a minute to figure out but once you get the hang of it its not so bad. Other than that I am happy with this purchase.",[],B08BHNWTQB,B08BHNWTQB,AEKEEL6IWG2K2NWRQS6SUZANXSAQ,1609262341242,0,True
5.0,The kettle at his best,"Like the way I can select different temperatures, fast heating,  perfect for French press or herbal infusions",[],B07D7MJ5K1,B0BYWP1FH3,AEUJS2OYOTRYHACAOE5QM4DYRFXQ,1615652869476,0,True
1.0,One Star,This product sucks. Too bulky.,[],B01AAZFMS4,B01AAZFMS4,AELCKF3S5Z2YKWZIBJCJRUBRH4IQ,1501155980955,0,True
5.0,GORGEOUS!,I bought these for my mom & she LOVES them!! They are heavy enough to hold a stocking with some stuff in them. They go with her decor & are gorgeous in real life. Soooooo worth the money!,[],B0B5DVS2WW,B0BKWSSRCR,AGIK5YDASNG3X55P53LNRLOFQFJA,1677441982210,0,True
5.0,I’d buy them again...,I dig em they smell good but all kinda have the same smell maybe a vague difference. They back flow ok...they are not easy to clean after...like a super sticky resin that’s left behind...but that’s after a lot of burning...I don’t love em but I’d buy them again.,[],B07K7K33JK,B07K7K33JK,AFJLXPRTGZ2PJ6JRIVIWE54QBRHQ,1564787423874,25,True
5.0,They look great!,These tiny white flowers were exactly what I wanted. They looked great and arrived on time. And I will NEVER have to water them.,[],B08VHWHL1T,B0C4NT32TX,AEIJ22H5NRNNAQYOW3IXJ7MXEUEA,1618842813479,0,True
5.0,Must have,Great addition to the vegetarian’s kitchen. Always press your tofu before you fry it for extra crispiness. I use an air fryer so no added oil. This press is a must have.,[],B07ZR8KF4C,B09F9DNMD8,AFANWB2WUAIJHYNUDXV2FLSNQ6ZA,1577490900803,22,True
5.0,Very comfy!,Perfect topper!,[],B072M8MYQ7,B071WDHRSF,AGHP5PWVXOJ2MYZVU7SJAWIZQV4A,1547501763060,0,True
5.0,Fantastic,Great product for the price,[],B0018EAAAM,B07YM6Q17M,AFD7TOJM5TQHB5NKD2F5BWVVKC2Q,1645900440020,0,True
1.0,Different ornament,I received my ornament but it not the same ornament pictured.,[],B005O67F5S,B005O67F5S,AGLOJB5MTAQEI6JR5BHAOFJ3PQMQ,1511354084495,0,True
5.0,I’m a denim lover,I would’ve liked them more if they were longer but other than that 👍🏽,"[{'attachment_type': 'IMAGE', 'large_image_url': 'https://m.media-amazon.com/images/I/71BsD5fmhJL._SL1600_.jpg', 'medium_image_url': 'https://m.media-amazon.com/images/I/71BsD5fmhJL._SL800_.jpg', 'small_image_url': 'https://m.media-amazon.com/images/I/71BsD5fmhJL._SL256_.jpg'}]",B07BHJQ5M1,B07BHJQ5M1,AHSPKW5C4756PZ44VNVGT6OXQRSA,1667854985981,0,True
3.0,Does the Job,"This was the first topper ever brought and does what it says, altought it may stick alittle. It was still worth the buy.",[],B000VIJ264,B0BDGRTSQS,AHDJMGFOMEEES3QLPN7IVSEXTNBQ,1278774782000,1,True
5.0,Great vacuu.,Love this for the price!,[],B07DF9GVK9,B0BYRM8PXH,AF3VBJAAKEIPV2ARTN4YDA7TUZIQ,1566704421226,0,True
2.0,Only good for simple mixing of thin liquids,very weak power and the battery dies quickly!,[],B005ESET32,B005ESET32,AHDBIW5VY7S2AVLOALHN4OMKUMNQ,1482255596000,0,True
5.0,Look real,Perfect for shady areas outside. Look real.,[],B06Y2ZJTK1,B07S4KYRPB,AEHNQKLVTDF5ZWPDUGAWXYGKZUXQ,1599520188967,0,True
5.0,all of them were perfect. thank,came on time. all of them were perfect.thank you,[],B014JS438I,B014JS438I,AHGUXRJAAW5ORSQN4J4Q57TCUERQ,1456449640000,0,True
5.0,Good value for the money,Easy to use. I put up my whole garden with it.,[],B07B4W5PMB,B0B29H75MJ,AEVPJWG43BW4CCNTQHL6MYX252ZA,1661945500551,0,True
5.0,Speeds up your cooking routine!- Only last 6 months,I have had this for three weeks. It cooks meals quicker. You can fit a lot in this oven and it’s a game changer if you are a busy mom or professional. It is very simple to use as well.<br /><br />Six Month Update- This oven only lasted 6 months. First the toaster just stopped working after 4 months. Then the entire oven stopped working.,"[{'attachment_type': 'IMAGE', 'large_image_url': 'https://images-na.ssl-images-amazon.com/images/I/B1Btq4qSAnS._SL1600_.jpg', 'medium_image_url': 'https://images-na.ssl-images-amazon.com/images/I/B1Btq4qSAnS._SL800_.jpg', 'small_image_url': 'https://images-na.ssl-images-amazon.com/images/I/B1Btq4qSAnS._SL256_.jpg'}]",B08HQXMLRB,B08HQXMLRB,AFVNQAJ73554LZTYQUW5TKP3AAYA,1626084383697,0,True
1.0,Not as pictured!!,No designs on my item. Just got a basic blue parasol. Send me another one!,[],B018WG6P6Q,B018WG6P6Q,AFZ6SXZV7MKMCHVZHPJKLHNJAX6Q,1489011343000,0,True
4.0,Great,Great for camping I used it with my two kids they loved it,[],B07V1PPHWX,B08CY1TKC7,AHFJBL6NPIWEFIHP6NMITPF5FCIQ,1657110551590,0,True
5.0,Ready for canning from the  garden,Nice lids for canning. Ready for summer canning,[],B00614S4NE,B00614S4NE,AGKQFM7Q5JQLIPPU2BW5TN4RXOJA,1654316255863,0,True
5.0,Noise dampening curtains in Gray,"I’m sure if you ran an iron over these, they would be fine. No one sees these but me.<br /><br />I am surprised that these actually worked. They are thicker than the ones that are marketed as black out. These have a thicker piece of felt material sewed into the blanket.<br /><br />I didn’t get these to block out the sun. The cheaper ones actually are good enough to do that. I bought these to keep out the sounds. They muffle the road noises that were bothering me. They didn’t get rid of the noises, but dampened them so they aren’t so irritating anymore.","[{'attachment_type': 'IMAGE', 'large_image_url': 'https://images-na.ssl-images-amazon.com/images/I/81EHXo8wOjL._SL1600_.jpg', 'medium_image_url': 'https://images-na.ssl-images-amazon.com/images/I/81EHXo8wOjL._SL800_.jpg', 'small_image_url': 'https://images-na.ssl-images-amazon.com/images/I/81EHXo8wOjL._SL256_.jpg'}]",B085QBMS66,B0858VMRF2,AHKUAZYW2KPRCN3EQORQSIOJISEA,1607284873617,11,True
5.0,Great product,Great French press.  I took this one to work.  Love the foam I’m able to make .,[],B07XCLBYZ2,B0B58GYJ6V,AEDVHUV64LJTF3EIRX7JMLZW5IUQ,1606350486422,0,True
5.0,You need these,These worked great in our camper! One for toothbrushes and toothpaste and one in the kitchen for spices and pot holders!,[],B08T6QK3BY,B08T6QK3BY,AG43N3ATQM7DNQUPR35EVVBZEM6A,1624235961306,1,True
4.0,works as advertised,after we got the right coarseness it worked great. need to not grind to fine. Sam's clubs grinder isn't working. this does the job.,[],B00004SPEU,B0C64GQ6TL,AEDG6KBPRGSLYY276GLTRGNYOFVA,1594934245423,1,True
5.0,Comfy cheaper mattress,Mattress is comfy. Works great on adjustable bed.,[],B00UVAJU00,B0BH1JN5TH,AENB6JZRRM372SHNZO75332YPA4A,1538707167361,0,True
5.0,Great bag,"Needed something to hold all my food and snacks for 12hrs of work. Perfect size, lots of pockets, love the long strap. Definitely reccomend.",[],B07ZGBFZWG,B09NRMBD49,AE3VF62DIXXQDI3LXESERSANRS4A,1676813125613,0,True
3.0,Serviceable but not wonderful.,"Generally speaking, they're fine.  However, a real headband has more of a profile to it, these are almost flat at the colored edge, so will not fully protect/cover the signature heads.  Having said that, they do glue up well, but I have to pay extra attention to lining up the headband, since that profile does not catch on the book block edge as it should.  Also, I went in with some silk thread I have and a beading needle and added some super tiny seed beads on the forward side of it, wrapping the headband to add additional color at intervals.  It's a nice touch.  I'll use these when I want to make a lesser book or have the time to bead the headband area.  They did inspire me to go and learn how to create a silk headband from scratch, so that's something.",[],B00D0CPBOU,B00D0CPBOU,AFFECWKZUHYXTMCFUEFQX6AFZ56A,1539813827550,1,True
5.0,Perfect,"I will buy again, must have !",[],B011HLNE1M,B09NP5R1TF,AHTXWF7YLJSZEGLR3YLR7OVITDEQ,1578868117813,0,True
5.0,These are very comfortable chairs. The recliner feature is fantastic,These are very comfortable chairs. The recliner feature is fantastic. They are versatile and easy to set up. We are very happy with the purchase.,[],B00HXDSXE2,B09VM9GJP4,AH75AEEHIBLY7PAAKHEPUIEXZBKA,1473643837000,0,True
4.0,Hands free trash,"Works decent. Had an in cabinet, roll out garbage which was a pain when doing messy stuff - cracking eggshells and cutting chicken. Touch less can is way better. Been using for a month with no problems. Would be nice if they included the power adapter - don't know how long the batteries will last before needing to be replaced.",[],B000EJVYTS,B0C78W9WYV,AHSS2A7MP4FQRVVAR4ES2B3ACITA,1484446921000,0,True
5.0,Nice design and a quality product,I'm using this for my coffee syrup bottle. So far i like the design and it works as intended. I can also see that it's a quality product that will last longer. I don't regret for buying this. Worth my money.,"[{'attachment_type': 'IMAGE', 'large_image_url': 'https://images-na.ssl-images-amazon.com/images/I/71OAMdmRPmL.jpg', 'medium_image_url': 'https://images-na.ssl-images-amazon.com/images/I/71OAMdmRPmL._SL800_.jpg', 'small_image_url': 'https://images-na.ssl-images-amazon.com/images/I/71OAMdmRPmL._SL256_.jpg'}, {'attachment_type': 'IMAGE', 'large_image_url': 'https://images-na.ssl-images-amazon.com/images/I/71S3oTVhhfL.jpg', 'medium_image_url': 'https://images-na.ssl-images-amazon.com/images/I/71S3oTVhhfL._SL800_.jpg', 'small_image_url': 'https://images-na.ssl-images-amazon.com/images/I/71S3oTVhhfL._SL256_.jpg'}]",B0797Y6714,B07R4W2PHJ,AGVUBEK3TJMKX65OFAKID6HJXE4A,1576977462660,15,True
2.0,"You get what you pay for, a cheap cutting board.","I used this cutting board for a month now, following all the care instructions, I used the suggested walnut oil spray every day and never got the board too wet, and it is starting to splinter apart. The description of the company says they're a small family owned business, but I have a sneaky suspicion this is just more cheap Chinese garbage. Thanks",[],B00MW8NBW2,B0BJLBTFKV,AFTZABCMWWNRWGP7JRCDPQOGUQAA,1537383190042,0,True
3.0,Not a real patch,Wasn’t a real patch,[],B01NAU6PCG,B01NAU6PCG,AEX4ZRMS6EUP5G3NCB2FKSIPSKTQ,1549667876085,0,True
5.0,Good quality,These are better than I thought they would be. Great for a dollhouse. The granddaughters love them.,[],B0037J4UFM,B0037J4UFM,AE3QRFGE3DEUK5JITV7VUCFRUNPA,1613228051509,0,True
5.0,So cute!,"Good quality, clear print. I honestly didn’t expect it to be this great, but it’s exactly what I was looking for!",[],B09NVGCSDM,B0BGS2JSXL,AGSTEPZN4NWXZM22WZUEH5EFA32Q,1658792720923,0,True
2.0,Love the colors,I love the color and thickness but after one wash it was falling apart. It wasn't worth the price with it falling apart so fast. Wish it didn't cause I do love it.,[],B009AI838E,B009AI838E,AHVCE6RY5SYYXYC3V3MCPZ6MDETQ,1400884372000,2,True
5.0,Quality,This item is larger than expected and sturdy,[],B01H8EOSP8,B01H8EOSP8,AEQT7GKK5VIZPIYIF3SOIID2XAJA,1624968683761,0,True
5.0,Great Product,I’ve used it for about a month and it works perfectly fine,[],B07RWR8N5R,B07RWR8N5R,AEU7PEMMGTEM5UVBEDETDOF462QQ,1628236478953,0,True
5.0,Five Stars,Good pillow that suits my needs just fine. Your results may vary.,[],B015G70RW2,B09DS2B8BG,AF3TOMAKX4LIICGIUNI5HUIE3C3Q,1456843077000,1,True
5.0,perfect peeler!!,"This peeler is substantial and sturdy, well made. It will easliy peel butternut squash, which is a real challenge, or impossible, for most peelers. I highly recommend spending the few extra bucks to get a peeler that you can actually count on to do the job.",[],B002G9UHN8,B002G9UHN8,AF7MVPMLPRDJXNCOIXMD5Q3XBN6Q,1393949984000,0,True
5.0,Nice piece,Sturdiness 1 because it came broken.,[],B07BBX4TTB,B07L6R6L6S,AEE5EHLJMQK24ISU5RL3UDGWKQKA,1566952771663,0,True
4.0,A Good  Product,"I really like the containers, they hold quite a bit of spice. I have trouble reading the labels, the lettering is small.<br />Some of the magnets came off the jars. This may be because I attached them to a freshly painted metal surface.The lids on some of the jars are not easy to take off, they are very tight. I do like that I was able to use the jars to organize my spices in a convienient spot.",[],B0751589X8,B0751589X8,AHAS6B4BE3VKZDVKWNAFD5DK77NA,1570613511029,0,True
5.0,BEAUTIFUL!!,This rug is very pretty!  Love the softness and colors are vibrant!  Perfect!  Haven’t tried washing it yet.  I think it might be too big to put in a regular wash machine.,[],B08HJDY7NW,B09FYBY1H5,AFLMPGJY4663HDOLV3WBU4ZKUZNA,1631533517666,0,True
5.0,No Mildew Smell,"Very heavy, not cheap,  a little hard to maneuver at first, because it was stiff, but absolutely great product for the price.  there has been no mildew smell since I started using it!!!  Saved me from washing my fabric shower curtain frequently. I would recommend it to anybody.",[],B001T4ZAX8,B0BZQZXHWP,AFH56MNTTF4AFFD74KJIUNBI2SSQ,1278173289000,1,True
5.0,Great value. Will purchase more from this company.,"I used these to bake my sister's wedding cake. I didn't have high expectations based on the price, but they were great! They made nice, tall layers and baked really evenly without using a core. I got SO MANY compliments on the taste of that cake! The release was also really good. I used parchment in the bottoms and all of the sides came out cleanly.","[{'attachment_type': 'IMAGE', 'large_image_url': 'https://images-na.ssl-images-amazon.com/images/I/61G7ArpsQwL._SL1600_.jpg', 'medium_image_url': 'https://images-na.ssl-images-amazon.com/images/I/61G7ArpsQwL._SL800_.jpg', 'small_image_url': 'https://images-na.ssl-images-amazon.com/images/I/61G7ArpsQwL._SL256_.jpg'}]",B008DD19TM,B008DD19TM,AH2QIJR7NKMSNTOYTZWBLKF6BSGQ,1517932730484,1,True
5.0,Great idea!,On bottom oven rack!,[],B07C7QXVJZ,B07C7QXVJZ,AHL3IVOBYEDSYEUNQEHRPL75GKSQ,1549223813467,1,True
1.0,Not sturdy,"The rack is not sturdy.  My 3 year old knocked it over, with clothing hung on it and the rack broke in two (where the screws are located at the top). I only had it up for a week! I ended up trashing the whole thing.",[],B07VTKBZ6X,B0BN7TJDJ2,AHC3MQN7GH4V7P7PEY3JWSMA2ZHA,1661016717719,0,True
5.0,Five Stars,Great,[],B000GUAVHQ,B000GUAVHQ,AGF4IOUWK7XYX4PSGVFX3Z4SHHVA,1490098397000,0,True
5.0,LOVE IT,"We love it. It's easy to use and works every time, which is different than our former can opener. I like that it doesn't get contaminated from the food in the can. Stays  clean.",[],B000SAS5GI,B000SAS5GI,AF4IY6LNW6XKKR3HM7X4MGXVIMDQ,1489077754000,0,True
5.0,Keep up the good work!,I love them!<br />I already owned them for years! I just needed to replenish a few glasses!<br />I use them everyday! They are very sturdy glasses!<br />denise,[],B00O96J98U,B00O96J98U,AGUNSMLXWX4XMLKLDNR2WMFKFXPA,1565657082641,1,True
5.0,Easy to put together! Toom me only 25 minutes and it looks great!,We have only had it for a week but we LOVE it. Full size in my son's room. He loves the look and the storage space under it is amazing. Great buy!,[],B01B8GQ940,B095ZNJ5WL,AF7KCADS4JFRG2P7BNMQ3SL3WBVQ,1549037261300,0,True
3.0,"Potent, pungent","Very pungent. First time trying a natural air freshener so I'm taking responsibility for not liking the smell. Otherwise arrived timely, dry and the sticks are very flamable",[],B019G1YO5A,B019G1YO00,AET76VTYEGWT6M3KJYWZGWDEJ2OA,1616359924084,0,True
5.0,Great!,This is my favorite shower hair catcher that I’ve used! Easy to clean and is solid unlike many others. Doesn’t break/bend inward when stepped on,[],B0094KM2H6,B0BXTFZTBT,AF3AMO43EI3Y5PAMPCYUN63CMM3A,1564067410117,0,True
5.0,Cute and Classy,Arrived on time. Very cute and works well with B&BW candles.,[],B0BNGDRP8S,B0BN6P4F9C,AHBU23UWYAUEOW4E2FMPEHFVVZ6Q,1676766938078,2,True
5.0,Bella spread not so happy,Loved it but when washed in cold water it got lighter so had to turn over which is not horses but it will do,[],B07SRD3RGG,B0762PK93R,AEO5WIEFXOI7OAB34VBN7HSQJNMA,1576328414188,1,True
5.0,"Bought for a party, perfect.",These are very stylish.  They were perfect for our event.,[],B086KXBJV1,B0BBT6T87K,AFKT2URVXCRWBQ6W3QJHQVSITO6A,1635486276242,0,True
5.0,Great!!,"This is a great investment for the price! I was able to combine multiple jewelry boxes and two hanging contraptions, all for the space of this dress shaped nifty jewelry hanger. I love the compartments and it was sturdy enough to hold multiple long necklaces on one velcro piece. Love it!","[{'attachment_type': 'IMAGE', 'large_image_url': 'https://images-na.ssl-images-amazon.com/images/I/81S8caQ+-PL.jpg', 'medium_image_url': 'https://images-na.ssl-images-amazon.com/images/I/81S8caQ+-PL._SL800_.jpg', 'small_image_url': 'https://images-na.ssl-images-amazon.com/images/I/81S8caQ+-PL._SL256_.jpg'}, {'attachment_type': 'IMAGE', 'large_image_url': 'https://images-na.ssl-images-amazon.com/images/I/81p-ex+OO+L.jpg', 'medium_image_url': 'https://images-na.ssl-images-amazon.com/images/I/81p-ex+OO+L._SL800_.jpg', 'small_image_url': 'https://images-na.ssl-images-amazon.com/images/I/81p-ex+OO+L._SL256_.jpg'}]",B07X1XHS15,B07X1XHS15,AGMMIQZ4ZL4HTUEHPRUYOILFOVPQ,1589309994250,0,True
1.0,"Beware, Do Not Buy!!",I purchased this on 12/5/2020 and now March 2021 the inside top of the maximum water level finial and the inside rim where the lid fits is RUSTED. This is not a cheap tea kettle either. I purchased because was supposed to be stainless steel. Obviously something is not correct. Once past the 30 days with Amazon it doesn’t matter either.,[],B086PC5BPR,B086PC5BPR,AFVGUT4ZYXWD4CREGRATRHDUYSKA,1616763679860,2,True
5.0,I would imagine children would be motivated to eat apples because of the fun and ease of peeling them,"A helpful product that truly deserves five stars.  I can see it being a kitchen staple in homes with people who have arthritis, as well as other adults.  I would imagine children would be motivated to eat apples because of the fun and ease of peeling them!",[],B00D1KZCTA,B00D1KZCTA,AEV54QDNTKSANG5TO32AHJ5OCH6Q,1463938363000,2,True
5.0,I use these for everything,"Shoes, clothes, papers, hats, toys I need 1,000 more lol",[],B072YDSDJB,B09WL38C6H,AEVCFZ7R6S3FJ5NFO2UCRPPZ3FRA,1561006246085,0,True
5.0,Did not disappoint!,Love this salt and pepper set. Reminds me of Tupperware.,[],B07V2K21Y4,B09SRDMRT2,AED53KLZ342C7KWEPDGFYE2YPOOQ,1664980251599,0,True
5.0,Five Stars,good,[],B01L0A3IH0,B01L0A3IH0,AEEWTVU636FL47UOZMUGFBMF5TUA,1509380099089,0,True
5.0,Good Value,Very happy with this breadmaker,[],B018H1YPFY,B018H1YPFY,AEBX3P7TSI3M4J32HVUU57FMOFTA,1529631106847,0,True
5.0,Good quality,Relatively straightforward to put together,[],B07F7WD8W9,B082V3GKPQ,AEEM5ZLFNGHVNPKDJQOVJCHHOPUA,1615853285888,0,True
1.0,i would give it a ZERO,"This looks NOTHING like what it shows, no matter what disclosure is stated in the description.",[],B07X916KG4,B07X916KG4,AHTSFGO7DHUMQPDQHAXV7GPUDQJA,1619733783787,1,True
5.0,Great for low budget parents,We decided to purchase this item because it looked good and it had solid positive reviews about this bed so we purchased it and our kids have more then enough room to sleep and they thought it was really comfortable to so a five star for us easy great product and will buy more in the future.,"[{'attachment_type': 'IMAGE', 'large_image_url': 'https://images-na.ssl-images-amazon.com/images/I/71rJymkK+DL.jpg', 'medium_image_url': 'https://images-na.ssl-images-amazon.com/images/I/71rJymkK+DL._SL800_.jpg', 'small_image_url': 'https://images-na.ssl-images-amazon.com/images/I/71rJymkK+DL._SL256_.jpg'}]",B01IU6RJYA,B0C2DDW4ZM,AHP25FC4DDF6VF4REMIKH2TB2LPQ,1523486705141,0,True
5.0,Modern casual look,They are very nice burlap look to them. Backside white so if you put designed colored old pillows they will show under it. I had to buy white pillow inserts. I couldn’t use my older pillows to change the appearance.,[],B07RXJ2XTN,B07RXJ2XTN,AEUM2KIT4YPAMPT6GVSAL5MIZ2MA,1577930497209,0,True
5.0,It scared the cat right off of the bed!,"Not only is this clock cute, but it works as lromised. Gone are the nights of listening to the ticking of the clock. The alarm is LOUD. I'm not sure who was scared the most - my husband or our cat. If I could give it six stars, purely for the comedic relief that it provided this morning, I would.",[],B015GZRNKS,B015GZRNKS,AET7CEINBSUWLPD27BQ7QZIMP2WA,1470954700000,9,True
3.0,I’m so sad it broke!,I loved this sandwich cutter but the cheap plastic broke within a few weeks.,"[{'attachment_type': 'IMAGE', 'large_image_url': 'https://images-na.ssl-images-amazon.com/images/I/B14uFNSgm2S._SL1600_.jpg', 'medium_image_url': 'https://images-na.ssl-images-amazon.com/images/I/B14uFNSgm2S._SL800_.jpg', 'small_image_url': 'https://images-na.ssl-images-amazon.com/images/I/B14uFNSgm2S._SL256_.jpg'}]",B083Y3JHNB,B0B6RNDRBK,AH3IIRQVCKDPZWUTFT66V4UZ2MJA,1621635734302,0,True
5.0,Five Stars,This is a really beautiful product.  Exactly as I expected.,[],B011HO7YYW,B011HO7YPQ,AF2CPAC3UNI4JVAE6HMVYZECPPVA,1454628330000,2,True
5.0,Love the blanket,We bought this blanket for our daughter for Christmas she loves it and has slept with it since Christmas. I would recommend to anyone who is a stitch fan.,[],B09FX9CWRP,B0B1B59BGG,AH735R6UZ2UW4HBJXCVEDMVEMVQQ,1639690008256,0,True
5.0,Very impressed with the quality!!! :o),"Found a similar item at a lovely shop in Iceland where it was way too expensive to justify purchasing. Was fortunate to find this lovely fellow through amazon. Excellent quality- just as nice and smooth as the one I found in Iceland. Handsomely holds one pair of glasses and makes a nice addition to a dresser or nightstand. I like that it is Fair Trade, that makes a big difference to me! I would easily purchase another for gift ideas for those hard to buy for people or elephant gift exchanges.",[],B007EGMQ2S,B007EGMQ2S,AGR4PI3JRDHYLY2FPMAINULQCV6A,1417810289000,1,True
5.0,The best blender & Food processor ever!,"I use this for soups, smoothies, sauces, salsas, literally everything ever in the world. It's a little annoying for storage, but I've had it for a few months and it has been amazing and super easy to use!",[],B003XU3C7M,B07CDQNRGX,AFIPV5FCCTTS4PNUIYDE67G473BQ,1424891910000,0,True
5.0,These sconces are perfect,"These sconces are just what I was looking for. They are nice and contemporary. I also purchased 7""LED candles by Home Most that have a remote control. It just completes it! I plan to purchase another set of these sconces for my other home.","[{'attachment_type': 'IMAGE', 'large_image_url': 'https://m.media-amazon.com/images/I/81NqPU-BHDL._SL1600_.jpg', 'medium_image_url': 'https://m.media-amazon.com/images/I/81NqPU-BHDL._SL800_.jpg', 'small_image_url': 'https://m.media-amazon.com/images/I/81NqPU-BHDL._SL256_.jpg'}]",B07D7JDGP1,B07D7JDGP1,AH3G5JY3MVVNNEVAOULPZEPPU7QA,1628979156667,2,True
1.0,"Plastic, worthless",It's the flimsiest piece of picture frame I've ever seen. If it had cost more I'd have sent it back. DO NOT waste your money!!,[],B07D1JS6B6,B07D74J1F6,AH4UH6ZTLOVYSOQORGWV3HHGHFZA,1639621714493,0,True
4.0,It’s exactly what I wanted but it already broke ugh,I cleaned my laminate today and it looks great,[],B0875TTWPX,B0875TTWPX,AERIJDQYWELO3DHYNURFG7PFC2GQ,1653431342734,1,True
5.0,Love it!,"We love our Perfect Steam :), it's a dream to iron shirts now :)",[],B00FZM1PUM,B0C4VB2SJ5,AFATIPTS5SA7MDA5HLICNDRRT3GQ,1543253878275,0,True
5.0,I like pulp but husband doesn't so he uses this and ...,"Works well, I like pulp but husband doesn't so he uses this and I use the Ninja.",[],B003R28HWQ,B003R28HWQ,AHDR5UK6PLGVBLHVZVHV6WW2YTVA,1425920406000,0,True
5.0,Awesome,"Cool pastel colors.  I’ve used them a few times, washed them, and have had zero issues with them. Highly recommend.",[],B01LZZQ1VF,B01LZZQ1VF,AGWDODQQ2R77OFIFF5UV2DVNWOJQ,1641000474312,0,True
1.0,Mattress drops in the middle,The mattress drops in the middle. I would not buy it again.,[],B01FIOOMCY,B0BLSB5LVH,AGQDACYRYZXZVVO2RT3P4DX4YVQA,1609608083551,0,True
5.0,just the right color,perfect color,[],B0049JAFTO,B018ALHAOE,AHYGRLATPLLOVVYGLPXPO3ZT6KBQ,1623176142111,0,True
5.0,It works,Work as expected but a little underpowered.  Great for coffee and mixed drinks.,[],B074ZL35DH,B0BX72BZV2,AH7ZULXH5RHCNBNSMNJG3DJFFIAQ,1633429780754,0,True
5.0,Great value and quality,"Overall very happy.  Great price and quality.<br />Depth of drawers aren’t as deep as I would have preferred, however , accommodate a good amount.",[],B081T3QHJ2,B081T3QHJ2,AHHMMO6OMHKOG6KNFMKEQAY75JDA,1645990767852,0,True
5.0,Morning motivation,No need to say more. Great fit for a college dorm room or a man cave!,[],B00Q8RD6UU,B00Q8RD6UU,AHTR6O2MYLF637VHP4LF6ZPI3NGQ,1506122160035,0,True
5.0,Perfect fit!!,Fit perfectly with my glasses I found on sale at Target!!,[],B01E5T47UA,B01E5T47UA,AEQW3KVG37UNPI7IIJC6XJIKUZPQ,1501205439038,1,True
5.0,Five Stars,"Beautiful, contractor couldn't believe it wasn't 3x the cost!",[],B00NOSQ2RU,B00O4SKD9W,AGQND3MZKZ33CYYVOL2PRNINPDYA,1484537715000,0,True
5.0,She LOVED IT.,Gift for a friend. She  LOVED IT.,[],B013HE0P82,B013HE0P82,AEOZG6B4SIMWLUCMM2Y5ZIKMPMFA,1486299158000,0,True
1.0,Watermelon slicer,Product fell apart on my second use first time I cut into a mini watermelon and it cut fine. As I was cutting into a honeydew melon it completely came apart and didn't penetrate the melon. I finished cutting into the honeydew  with a knife. Company says that it carries a one year warranty will update to see if will be replaced. update 9/5/2019 company sends me email that a new slicer is on the way 4 weeks later still haven't received definitely a NO BUY!,"[{'attachment_type': 'IMAGE', 'large_image_url': 'https://images-na.ssl-images-amazon.com/images/I/61nKxAB-3DL.jpg', 'medium_image_url': 'https://images-na.ssl-images-amazon.com/images/I/61nKxAB-3DL._SL800_.jpg', 'small_image_url': 'https://images-na.ssl-images-amazon.com/images/I/61nKxAB-3DL._SL256_.jpg'}, {'attachment_type': 'IMAGE', 'large_image_url': 'https://images-na.ssl-images-amazon.com/images/I/61rScHfOVGL.jpg', 'medium_image_url': 'https://images-na.ssl-images-amazon.com/images/I/61rScHfOVGL._SL800_.jpg', 'small_image_url': 'https://images-na.ssl-images-amazon.com/images/I/61rScHfOVGL._SL256_.jpg'}, {'attachment_type': 'IMAGE', 'large_image_url': 'https://images-na.ssl-images-amazon.com/images/I/71ctWrLNgfL.jpg', 'medium_image_url': 'https://images-na.ssl-images-amazon.com/images/I/71ctWrLNgfL._SL800_.jpg', 'small_image_url': 'https://images-na.ssl-images-amazon.com/images/I/71ctWrLNgfL._SL256_.jpg'}, {'attachment_type': 'IMAGE', 'large_image_url': 'https://images-na.ssl-images-amazon.com/images/I/71yq2nheZnL.jpg', 'medium_image_url': 'https://images-na.ssl-images-amazon.com/images/I/71yq2nheZnL._SL800_.jpg', 'small_image_url': 'https://images-na.ssl-images-amazon.com/images/I/71yq2nheZnL._SL256_.jpg'}]",B07R8YJQBJ,B07QKS7Y7Q,AEM5QPSUGA45VUT324D3LJH2Y5KQ,1566178001022,1,True
5.0,Beautiful colors!,Love the colors and looking forward to using them!!,[],B07C8CWJMB,B08YN6Q398,AHWINLAQMLBZOUJY6ALTAO2XST2A,1578972420153,0,True
5.0,Solid,Simple and what I needed!,[],B0723FXC74,B09SHQ1YKL,AECXH7LHJ2SWKAV4P4HFDRF7EFIQ,1579360440385,0,True
5.0,"Simple assembly, good looking dresser","It takes a few hours to assemble this, but it is easy to do it.  It is exactly as described and fits well where I bought it to fit.  It also looks great.",[],B076Q85KSZ,B076Q85KSZ,AHOHMETLXKVGD7PIBJ7GFG2LYZOA,1622758700425,0,True
5.0,Good product /Good value,They are good quality and a good value. You can place them Jin varios patterns. Very pleased.,[],B07PW6NYPP,B097HKLLY3,AGDJ7DVWRQXSQVQBL2HIABGVP2XQ,1582070214695,0,True
4.0,Great smell but meltef,I love this candle but it arrived melted. Super sad,[],B000YBFJQU,B08LW33QQX,AGNC5D4L6T7TRSXM27XSN7CWVBZA,1535549341159,0,True
5.0,Lightning deal,"Bought product for my cousin for Christmas. I already own one myself and love it, so for the price I couldn't pass it up. It is very durable and easy to clean. I use mine on a daily basis,",[],B002V8ZEXW,B002V8ZEXW,AGRLIJMPLGD2BKWHXFGZTHGCZW5Q,1388541526000,0,True
5.0,Love love love,Second pair purchased as I loved them so much!,[],B01BT97HYM,B01BT97HYM,AEJWQ5Y5A3GKBF2CLWTOX4SOWGSA,1634348261704,0,True
5.0,Great!,Very durable and our kids love them!,[],B00A01P7AC,B00A01P7AC,AF5RMFMIXMXKL776ELHI7NPDAP4Q,1415798033000,0,True
5.0,Adorable!,These are super cute and good quality!,[],B07HHWLM1H,B07HHWLM1H,AHLM4NGOUAB24R76SX7P435H75WA,1541105729056,0,True
5.0,great product!,"takes two people to put it on, and it isn't easy. but it fits great, looks great , and cleans up easily. Great deal !",[],B01EVTNMA0,B08GVXJGP6,AF7MKN4EBGAUIJEM74RP5Y2V4RFA,1653780533333,0,True
5.0,80s feel chill,"I knew i was going to buy this when i first saw it. It gives me an 80s feel, i like it.",[],B002M9LTBQ,B002M9LTBQ,AH5N4BJNDUXXZPA437J3Y66OA3GA,1370078126000,0,True
4.0,👍👍,👍👍👍,[],B01DZQI7B4,B077NZ1NDB,AE5GLFMJETKRA6WBKSCJ3TWQIGCQ,1581665065515,0,True
5.0,Not reliable,Sometimes it works sometimes it doesn’t.,[],B088WSQ89D,B088WSQ89D,AF2VVXDFOKA4URUXZ7WJJ62QJTPA,1611181817143,0,True
4.0,Four Stars,loved it,[],B004XVMSZ2,B004XVMSZ2,AEZWWG2NS6WLLIALXQZQ7SUE7MZQ,1416934374000,0,True
3.0,Just alright,Not a big fan. They are a little stiff and don’t open past a few inches. They are like large blunt tweezers. Good for small detail cooking.,[],B07P6TSXZS,B07P6TSXZS,AHOW6WN6WDKNWPY4WHKOJCD7ZY6Q,1604666593661,0,True
5.0,Great!,Use it all the time for time management with our kids.  Works well!,[],B000J5OFW0,B0BK5GFQ2Y,AFH2HK3DH5UMJELQZFNMSRX26CMA,1474845817000,0,True
3.0,Not all that great.,"This does not live up to expectations.  It takes a lot of effort (passes) to sharpen a very dull knife and I find that the belts do not last very long (and a little spendy).  The TV ad shows a guy getting a super sharp edge on a dull knife in about 5 -10 swipes on each side which I found to be totally untrue.  I need a very sharp knife and I still have to use my hard stones to finish a sharp edge.  Overall, it works but it does not give me the results that I need whether it be in the kitchen or outdoors.",[],B003IT5F14,B003IT5F14,AESEJUQHAZDXLWMUGOGMFTSU24HA,1406144166000,1,True
5.0,This pan is great for sauteing veggies or making a single serving entree,This pan is great for sauteing veggies or making a single serving entree.  The nonstick surface is easy to clean and makes cooking with little to no oil a breeze.  This is the second Cuisinart 722-20NS Chef's Classic Stainless we have owned.  Love it!,[],B0000CEWSF,B0000CEWSF,AFLPZ2DQZKNIKL3BQTXLESB42E4A,1405532208000,1,True
5.0,this is my new favorite in spatulas.,"This is my second silicone spatula.  I don't scratch my pans, and these are easy to clean. The edges remain perfect and I use it all the time for flipping foods.  I also got the pancake spatula.",[],B00GWVMMNO,B00GWVMMNO,AH7OLKZ3WR7NUP7TFL2FB3FKUC3Q,1512861422623,0,True
4.0,Doesn’t hook up to the app,"I bought this vacuum because it says it has app control. I wanted to be able to tell it where to clean, and where not to clean. When I got it in the mail I was so excited, but I wasn’t able to hook it up to the app. This vacuum requires you to have 2.4G WiFi. If you have 5G WiFi like I do it will not hook up, it says so in the manual. But it does not say that in the discription on Amazon. I am extremely disappointed that I can’t use the app. I bought this one for 50$ more because it says it has the app control. Had I known it wasn’t going to work than I would have gotten the cheaper one I was looking at.<br /><br /> I don’t recommend having ANY rugs on the floor as it chewed up my sons car rug.  I just keep that door shut now when the vacuum is running.<br /><br />Other than that it works great. It has great suction power. I have 2 huskies and a toddler. This thing picks up soooo much. All the dog hair, prices of dog food, spilled food, dirt, hair ties and hair clips And screws it found under the bed. It gets into all the edges and corners really well. I’m happy I don’t have to be stepping on dirt, dog hair, and food the toddler spills anymore as I can just run this thing once a day and it will be cleaned right up.<br /><br />I might still return it. I really wanted to control with the app. I’m going to wait a few more days and see what I think.",[],B095CCT63V,B095CCT63V,AE3RKWDTDZFRJZ2U4VBYTHHXBDPA,1631050019447,10,True
5.0,Lady bugs and tracked in dirt,"What a power house! I actually bought this for the spring invasion of lady bug like beetles. The charger is so handy to use. You just set the base on it like returning the carafe to the coffee maker. It is always ready for quick cleanups when the dog comes in, too!",[],B008R3F0J8,B08K22FTF1,AHTCDR5HAWRV4ODGVTSNZI54SHXA,1398854406000,0,True
5.0,Look real.,Perfect bunch of peonies..,[],B01KE5M36O,B01KE5M382,AHGVIOWOYQVOWD4SGERORUK6WPLQ,1563423162174,0,True
2.0,Comforter,Did not look on bed as the picture. Too heavy for me,[],B08JZG2SX4,B08JZG2SX4,AHRWR3VQMDRO4RAQQ3CT36FQTRDA,1617991029527,0,True
5.0,Great addition for our bathroom,Great little piece adds extra storage and takes up very little room. We love it.,[],B075TVBS3V,B0BLHL9K9R,AHXYVHX5ZRQ27CGC6TW62ST3EEQA,1624496064169,0,True
5.0,Lightweight!,Light weight!,[],B07V56H38V,B07V56H38V,AEL4PY3VLJVTKZXNCS7TRGIJDHGA,1618261695740,0,True
5.0,Lovely Emerald Color and Pretty Comfy,"Nice color, comfortable to sit on every day. Plus my cat LOVES to sleep on this cushion when I am not using it!",[],B08V11XRL7,B09M82C3DD,AG55TRMBGBN64MTBO566J5CM4IHA,1630329688306,0,True
2.0,?,"I ended up paying $16.00 for this product off of Amazon.  I haven't used it yet, but it is super flimsy. I know it's silicone, but you have to put a cookie sheet underneath of this for any stability. My goal is to make crayons for my son out of this because I imagine it would be super hard to actually decorate these tiny trains.",[],B00749T0RO,B00749T0RO,AG5I4XF4UU7N4YEJWQGHECPPQ44Q,1362582138000,0,True
4.0,great alternative,Just as expected and works fine,[],B000SJ5YT0,B000SJ5YT0,AFUHXWPM7TV7DFUJOVW2COBXKRPQ,1460396082000,0,True
5.0,Sponges don't stink now!,This works well!  Great solution to stinky sponges in a common area kitchen at work!,[],B00I3JXDRM,B073QWRXJV,AFYTTPT5RBACOKO7UE3DBU5N26MQ,1419351785000,0,True
5.0,Keeps me cool,Keeps me very cool at night and very comfortable.,[],B01BTGYFPE,B01BTGYFPE,AEORUAPMQLKUBBUFY4HFKYMWCEEA,1562889623191,0,True
5.0,Great for the price,Replaced one that was stolen that was twice as expensive. I expected this to be of a lesser quality and was pleased to find it to be just as thick of a material.,[],B07HMDTPWP,B07KVTJSY4,AGSJTA5BUEFYXTO42YIAYPGCOH5A,1576083163082,0,True
5.0,ok,smaller than I thought,[],B00GRIHQBU,B00GRIHQBU,AEBB5DO3FJUEYURZ6EQ4MCLG3QWQ,1561907296000,0,True
5.0,"Wow, What a Tree!!!",This tree is amazing.  High quality.  Very full.  Looks so real.,[],B00FUNHPCS,B0BWL94MF1,AGQ3IGHXTCXJUG4FAUW6WIIK77AQ,1650413119317,1,True
3.0,Nice looking pitcher and good tasting water.,"Was excited when I received the ZeroWater pitcher, but was disappointed to not receive the TDS water quality meter, it stated on the box that it was shipped with it but did not recieve.  How can I remedy this, I am sure that it is a useful tool to monitor the quality of water we are drinking.",[],B0073PZ6O0,B0073PZ6O0,AED5HNF4ZGY6PYEEA7OHXAOOCLCA,1642788573205,0,True
5.0,this is a fun runner,"wider than I expected. hard to remove wrinkles, only complaint",[],B00WAAUZ0I,B00WAAUZ0I,AFCHGO3V2WDEMGFAAPQ2IFAQ7XOQ,1553614193191,0,True
5.0,Great especially for the low price,These were cute and the length was perfect for everyone! I loved that they came with safety pins!,[],B07GVPY55G,B07GVPY55G,AEU4VTSRJFEOVSJFZ2WP33WTKY5A,1569877069021,0,True
5.0,Great French Press!,"I'm not sure how or why other people are breaking theirs?  I don't put mine in the dishwasher, I hand wash it.  I've used it 30 times without issue.  In fact, I am ordering another one just for work!  The coupon that came with it, to get a free screen, the link goes nowhere.  Not a real big issue, but would have been nice to get an extra one to have on hand. I have no problems recommending this french press!",[],B00FMJDJ5C,B086H81KKS,AEJHCJJ2PWGTASS4WF4HLEEMHCXQ,1534358298167,0,True
5.0,Finally!,Finally my chopsticks won't slip through the holes of the basket that comes with the dishwasher (I have ruined many a pair of chopsticks that way as they got bent / snapped when dishwasher door was slammed shut).,[],B01N7CLIYL,B07TTWDRZ3,AHL5JVUDVXIPWCSBCT5JMQEUGKLA,1613790238617,0,True
5.0,Best bags for moving!,Easy to store and stack! Large capacity makes moving clothes and linens easy. Perfect for college moving too.,[],B08SHYRBYJ,B08NHYVGZT,AGFBCLGZK6QHXDKUST6FUB7RFNHA,1658704459600,0,True
1.0,One Star,The lids don't even fit on the bowls! What is the point?!,[],B01I1W8PNC,B01I1W8PNC,AHXJUWLPOSMECCVAECA5U3VBLF6A,1486466452000,0,True
5.0,Good,"Good bags, 1 roll just isn't enough. I've been vacuum packing meats for quite a while now. Been good so far.",[],B001U05R16,B001U05R16,AFVGRXI37HC5X7V3Y44OPOWDIETA,1439450898000,0,True
5.0,Great Quality,"Super sturdy , definitely worth what I paid for it ! Fits my sons 32 inch curved monitor was very easy to put together",[],B092CXQ3H6,B092CXQ3H6,AGHKX4IYGYBHCPXTZBAXBCLV22UQ,1640908630621,0,True
1.0,Package open. No tablecloth,Package was empty.  No tablecloth.,[],B0823BZ4CP,B08239Q11R,AG3WQQNTCU6IOCD4TJVYUT7TD5CQ,1591099368933,1,True
5.0,Cute Napkins,Super Cute and fun!,[],B07MCJTVCV,B07X4JGNN5,AES4HVKJ3G37ASPOPF43WHCAIUFA,1583854084764,0,True
5.0,Happy Customer,Great pitcher.  It pours great and seals great and the handle is comfortable to use.  I keep my homemade soy milk in it and it makes it more special.,[],B000E8SV2M,B000E8SV2M,AEMB63777Q7KE2AXKHRX6BQPOC4A,1237773972000,1,True
5.0,Alarm clock,Works awesome!,[],B01CEGW56O,B08LNZKN6Q,AFD752VJE3ENHYECNKZIG4R3QENA,1589289438331,0,True
5.0,Durable sofa cover,"Great sofa cover, except challenging to put on sofa.",[],B0073O2HSE,B0073O2HSE,AFKB2ETUFEZVZSARARASIOBSI77Q,1562521510727,0,True
2.0,This lid is cheap plastic. I paid way to ...,This lid is cheap plastic.  I paid way to much for it.  The handle has come of already and we haven't had it for a week.,[],B01DQ60L0S,B01DQ60L0S,AFCMFCWQGPHQCISEELTI7NZEOMCQ,1506028408372,1,True
3.0,Not bad for the price,"They arent as plush as I wanted but they'll work. You get what you pay for and all that, the size is really nice and works well for what I need.",[],B007NDASDQ,B00OBS3FGI,AFLHJCEM4VTYXD6EAUU7COWN5IWQ,1363185951000,3,True
5.0,Great for the price,"For about $20, you can't beat these sheets. I bought the white ones, and they are very soft. Low thread count but very comfortable. Fit my 14"" deep mattress perfectly. Since they're white, I doubt they have great stain resistance.",[],B0154ASID6,B00U8QEXBS,AGWGMDVOQIQRU5677LQQMP4YV6DA,1595016927239,0,True
1.0,One Star,Very weak I would not recommend anyone to buy,[],B014Q0XOSE,B014Q0XOSE,AFPJGTXB3NB4FFIODVWPLKO3L56A,1516484318464,1,True
1.0,It arrived Broken,It was a gift and it arrived broken.,[],B0747DHS6T,B0747DHS6T,AG4DQZTYWZ7QOBQ7CKXXGBJHCN3A,1547259325729,2,True
4.0,Nice addition.,"We've kept a lot of ticket stubs, entry passes and wrist bands from our travels. It's nice to have a place to keep everything.  I agree with the previous review, the stock image is very pixelated and needs improving.  In theory, it will be covered up over time.  Now I just have to find all of our tickets that have been placed randomly around the house.","[{'attachment_type': 'IMAGE', 'large_image_url': 'https://images-na.ssl-images-amazon.com/images/I/71p-AeQYLIL.jpg', 'medium_image_url': 'https://images-na.ssl-images-amazon.com/images/I/71p-AeQYLIL._SL800_.jpg', 'small_image_url': 'https://images-na.ssl-images-amazon.com/images/I/71p-AeQYLIL._SL256_.jpg'}]",B075DJCS1M,B08M11MCM5,AFBHTW7LRLQVQIJRT5QOYDO5YIHQ,1552399987984,0,True
5.0,Works perfect!,"Bought these to put home made BBQ sauce in, when smoking meat.  Works perfect!",[],B009D9Z7TS,B00NQA9J1W,AG34MZFQFMJ5KJLKJUZ5CADYMX2Q,1420947901000,0,True
5.0,N/A,N/A,[],B08YD9DQWZ,B08YD9DQWZ,AHXV4GE2FS6MUA5XS6LVACLD3LVQ,1667605083415,0,True
5.0,useful,good,[],B07X5Y11CB,B09RG4FFN9,AE35JOCORFG2Y7YYJWB6SDP5Q4JQ,1593970034320,0,True
5.0,Used it for my pool storage,Love this. Used it to store my 48x16 pool. Poles and all.,[],B078JJYHM4,B078J3Z8MZ,AHFA7YRPGPNZ4SRN7KOLKBER4QUQ,1602210002109,0,True
5.0,Just what I needed,"I have noticed seeing these air fryer ovens that look like a small regular oven a year or so. I’ve looked at lots of them, but they seemed pretty small. I  was scrolling through them again recently and I noticed this one being so much larger. I wondered if it was really that big. I decided to give it a try and I am so glad I did.  It is indeed big, but still light weight enough that you don’t need a body builder to move it around to clean behind it. Love, love all the features. Also I can bake nearly anything I need to bake and not heat the house up to an unbearable temperature. I can tell for sure it’s going to get more use than my regular oven. Even my hubby likes using  it and he hates new kitchen “gadgets” as he calls them. Win win 🙂",[],B09871GCN1,B09SGB2ZJP,AFATLXM3XPFRJWFU5EUVKQJCWV4Q,1638700260804,3,True
5.0,Easy set up and beautiful color.,Great for the price and great color.,[],B07PY8XFFC,B07PY8XFFC,AEF6FBCVL3C4GILSZ2HV6WHJKQIQ,1614625927011,0,True
5.0,Great product.,"Great product, fits perfect, works great. Fast fulfilling of order from provider. Will buy again when needed and will recommend to others.",[],B01LXATMN7,B081S77D7M,AFREI66D4MTKOZBTCKKFIH74252Q,1583970324166,0,True
2.0,Lights tricky,Very cute- but our tree had sensitive lights that sometimes don't work.,[],B00MVAIESM,B08N6FP4YR,AGA6FGUNPP6VINRPHHWJ5CIJ6AWA,1640786493883,0,True
3.0,not really that great.,"wanted to use them for a few months before a proper review is written, even knowing it may be too late to return if disliked.  I've followed all cleaning directions to the letter.  they're wrinkled, not really that soft and, come on manufacturer, put the ""side, top, bottom"" tags on the fitted sheet. should be standard operating procedure for this price point.  looks elsewhere for better sheets at this price. they do look nice though but, like celebrities, looks only go so far.",[],B0859991DG,B073CX2S2H,AFOXMYF2JRLHWTVFRXC2RRRAOVLA,1661958769201,1,True
5.0,Vibrant design,"Quality of material was good, design is vibrant and fresh. Just be careful when trying to stuff pillow inside... I almost ripped one of the zippers by accident because I was rushing and tried to force it. They are a great addition to our fall decor!",[],B07WBYDH44,B0B4X1R6X3,AGI3V2BYSPGAX2ZBDHTRGKQ46V5Q,1571710301946,0,True
5.0,Love!,"Loved these little rings! They helped to elongate our curtains which fell shorter than expected. They’re a great value for the money, especially when Target sells 10 for like 8 bucks.","[{'attachment_type': 'IMAGE', 'large_image_url': 'https://images-na.ssl-images-amazon.com/images/I/81cSKEp1OtL._SL1600_.jpg', 'medium_image_url': 'https://images-na.ssl-images-amazon.com/images/I/81cSKEp1OtL._SL800_.jpg', 'small_image_url': 'https://images-na.ssl-images-amazon.com/images/I/81cSKEp1OtL._SL256_.jpg'}]",B07KGMQ7K3,B07KGMQ7K3,AHJPH6FNKZORTPND5QVOYDM7SKSA,1623622784747,0,True
4.0,Very nice crockpot,"Only drawback for me is I cannot remove the locking mechanism on the lid.  I do not transport the crockpot so I do not need these locks and they get in the way.  The crockpot in general works great, love the keep warm setting and the oval shape. Also, the rubber seal on the lid keeps heat locked in the unit.",[],B004P2NG0K,B07RK4KG5R,AG26AZXFF4GUQ5GHI3EVVKYOXO2A,1386789718000,0,True
4.0,Works just fine for small spaces.,To easy to put together.,[],B08H23G37F,B08H23G37F,AHSNQGGPNVFHDYM5EADU4KZRHJUQ,1631274427923,0,True
5.0,Awesome,Totally cool I would have no idea as to how to open this without the directions its just like a cube...,[],B001NV1EDM,B001NV1EDM,AG6PAVSMGBHCFHZDAMPZD7VZ3MFA,1301935762000,1,True
5.0,Five Stars,Love this comforter!!! Super soft and actually covers our entire King size bed..,[],B01GF9I2JA,B0BK1Y358T,AFRQOOUIJ7KVRNCT3CW5GRYRFMPA,1508787517336,0,True
5.0,Loved it,Great quality for the price we paid. Was a birthday gift for my husband who cannot sleep without a fan!,[],B07PLJ69P2,B07PLJ69P2,AGDR2Y3UVXS36G2CX3KHGVUTG3KA,1594311181006,0,True
1.0,It leaks,"Thought this item was great until I noticed a puddle in the bottom of my fridge It leaks, a lot!",[],B083KY2FZB,B0C8SDXSJK,AFUY5U222DBVHH3XUU3FFAFTS7YA,1604292880816,0,True
5.0,Five Stars,"I received the item ('s) I ordered, all is good, thanks.....",[],B01KA6LK02,B01KA6LK02,AFZ6BZAWI2CRMPW44L3MY6UDHMRA,1546396409241,0,True
5.0,Works perfect,Works perfect,[],B0000VLPTO,B0000VLPTO,AGQMRVDIACWI4SU2AIFLWO6C3K4Q,1553636129926,0,True
5.0,Great in microwave or as pot holders.,"I use one to cover my food while cooking in the microwave and others to lift the food out.  If they get food on them they are easy to wash off, unlike cloth pot holders.",[],B08YN4W56D,B08YN4W56D,AE57ISR6TTRPU3HLIYTNO2Z5NVQA,1634414542029,1,True
5.0,"They are not cheap, but they work great.","They are not cheap, but they work great. Make things easier during brewday.",[],B07HGK6C32,B09P8WG487,AE2QXXI6U4A5KUPI5WEOGGWBRLWA,1645452894442,0,True
5.0,Great product,Easy to use. Way bigger than I expected but overall a great piping tip,[],B0187ZHJT4,B09MSP442Q,AGWVYCEP74CIHEIHQUHR5AH7QYPQ,1602942491729,0,True
1.0,absolutely worthless,It quit on me after a few weeks. Good luck trying to get a refund from China now. Thanks Amazon.,[],B004101GQC,B09RHTJBR5,AEZVSA3P3HA53OHTQR6RNW3C4SWA,1585109754494,0,True
1.0,Poor Quality stitching not complete,The fabric was very soft lightweight I’m afraid that the fabric was also a poor quality and they did not so down the stitching on the pillowcases so they were loose that’s why I’m returning them thank you,[],B07XKG3CY5,B07XKG3CY5,AE66OGPN5K5TWDKG55QLAAYJBRFA,1589394034030,0,True
5.0,Suits my needs,This is not your powerful vacuum but is perfect for my needs.  I use it on my tile floors and have used it on the woodwork and duet shades.  It is lightweight and easy to drag around.  I like that I can empty the cup and not have to worry about bags.  I also like that the filter can be washed.  Don't expect to do carpets or heavy area rugs with this machine.  Once in a while the attachments fall off while I'm vacuuming and the woodwork attachment folds in but I consider that a minor annoyance.,[],B005ZGJ9JM,B005ZGJ9JM,AEDUTWBUQSHPE7ALZQQ2A2HVCVRA,1398783975000,0,True
1.0,Wouldn't recommend really.,One of the fans is making a weird noise now . Sounds like it's on its last leg. But I think or hope there is a warranty. I've only had then a few months. Not Powerful at All. Don't really put out much Air.!! Very disappointed with Lasco. Thought these  fans were better than the others on the market now I wish I would have bought one of the other brands I looked at. Also the remotes don't work very well you have to aim exactly In the middle of the fan to get it to oscillate. Then it doesn't go very far in either direction. All of this is true complaints./reviews.,[],B0746CNRZ7,B0746CNRZ7,AGHW5B6QCEF4CXH2OGL25NNCKCAQ,1625572589802,1,True
2.0,Air Fryer liners,Doesn't work well....edges folds down with smaller items due to wind air blows.....not very convenient to use.,[],B0BKLT8CY2,B0BKLT8CY2,AGBQ6NKIXMWKX5JXCST5RCI4JK2A,1687463929282,0,True
5.0,Outstanding fan.,"The Vornado fan arrived on time and in perfect condition. Assembly was a snap. It is just what I was looking for. I especially like the 99 remote controlled speeds of this fan. Some reviews say the fan is pretty loud at high speed, but I don't see that. It's a little pricey but you get what you pay for. If you're looking for a well built fan that will last many years, I highly recommend this one. You won't be disappointed.",[],B01C41BDM6,B07HJTK5QS,AFAGNQOZGOBTPWLDESZINWJKDS7Q,1486950162000,23,True
5.0,Good chair,"It's not very big, but we like that. It's comfortable and the best part is, it's easy to lift the handle to recline. Some are difficult, which is especially difficult for older people. It was VERY easy to assemble. Only have to slide on the arms and back. Doesn't look like high-end furniture, but that's ok. I recommend it. It's great for the price.",[],B085FHBF2S,B085FHWQXM,AHLSKYGDNOGPXQXA3QMIH5FAXTRA,1619490141879,13,True
5.0,Very happy with this purchase.,The quality is great. It looks exactly as it was advertised and I love that it came with hardware to hang it.,"[{'attachment_type': 'IMAGE', 'large_image_url': 'https://m.media-amazon.com/images/I/61jhXyttd1L._SL1600_.jpg', 'medium_image_url': 'https://m.media-amazon.com/images/I/61jhXyttd1L._SL800_.jpg', 'small_image_url': 'https://m.media-amazon.com/images/I/61jhXyttd1L._SL256_.jpg'}]",B07P6KTPY4,B07P6KTPY4,AH7O54KLUHCLA223MFJ6VUKCQWPA,1643259401133,0,True
5.0,"Huge, nice lid","It's huge, great for soups and stews and such.  The lid has a nice little port to release steam preventing rattling and boiling over.<br /><br />The free wok works nicely, I definitely use it when my big wok is overkill.<br /><br />The cheap plastic soup bowls and spoons are disposable, IMHO.<br /><br />All in all, a great value.",[],B000VIJSKO,B000VIJSKO,AGP3V6SFMGMIRUN66TLB3HHSAODA,1200307336000,0,True
3.0,Time does not stay accurate.,Looks good but very tricky to set up. Also time does not stay accurate.,[],B076H1JDHN,B076H1JDHN,AFKY7LGPV2VPPBBQSJ436574AW4A,1536812888536,0,True
1.0,Too ugly to accurately describe,"These are by far some of the ugliest curtains I have ever seen in person. The color, the fabric, the everything. I'd rather risk my neighbors seeing me naked than to put these up.",[],B07ZPKPXGS,B07ZPKPXGS,AGQ6ECA2JRXH65LADDJTFSKUUSSA,1621552909311,1,True
1.0,broken promise?,Largest casserole was broken on arrival.,[],B00193GR2C,B00J10XQMY,AERQF63I775GBHTG3J73CHHXNIHA,1467769406000,1,True
2.0,It's not a bargain if you still have to buy the weighing stone,It costs $40 plus shipping to get the weighing stone meant for the 20 L pot (everyone says the 10-15 stone is too light which makes the Harsch Fermenting Pot with it's superior quality and popularity a better choice.,[],B002UUT4CI,B002UUT4CI,AHRELFD3XDLUMMB5UB6Y7KER7P4A,1309977295000,25,True
1.0,Items Don't Work,All four fans were defective.  None of them work.  Had difficulty processing a return.,[],B07R6XLT1Z,B07R6XLT1Z,AFWRDOBNVIBTLLWQFRAVLY3DNHQQ,1683249105686,0,True
1.0,POS,"Super small, wood frame was broke when I opened it. They put white stuff and tape around the frame on the inside were it was broke. The picture itself is cute but not impressed with the size and price or quality.",[],B096TQRSTC,B096TT3H3C,AFI42S5BZZ73TQ7TK2R5UNKPMFGQ,1686531980170,0,True
5.0,It holds beer,So it works :),[],B07TRTXMZ7,B07TRTXMZ7,AEUYD6OIVTVMIEQ2NUMFBKLUJ2IQ,1571701697691,0,True
5.0,Nice quality,Well made and doesn't slide...great price,[],B00KN1ON4U,B0BSZ4B5R4,AFSEBN2TL7GPXO5HM5MGU7V7E6NQ,1598549516342,0,True
1.0,Don't waste your money.,"No matter what settings I used,<br />I could not get it to 250 degrees.",[],B0045QEPYM,B07Z34RCMN,AEESLK77ODA5QRBKTWS4OO2JHGEQ,1576809091557,1,True
5.0,Very Nice,"Very nice bag, especially for the price. Perfect size for multiple uses. Cute, compact, roomy, not too small, not too big. Well made.",[],B016EAYO3S,B016E8OT4E,AGI5OHYV5IM25UYDUXSPFVEB5PHA,1480506149000,0,True
1.0,Do not use on microfiber.,"Horrible product.  Don't waste your money.  Don't use on micro fiber couches, it will ruin the fabric making it rough.  It barely sucks any water back up and once you lift it leaves a water streak at its last point of contact.  The brushes beat the dirt, stain, water into it, it does not suck it up.  The worst thing about this for me is that it's such an ear piercing screeching loud noise that it makes my 5 month old SCREAM.",[],B00008URR8,B07192Y6D4,AEM5OOEDJHCN54G7TJWTKOYPBS5Q,1459017043000,4,True
5.0,I love the functionality and precision of this product,[[ASIN:B0161N956Y PureSteam XL - High-Powered Standing Fabric Steamer with Garment Hanger and Fabric Brush]] I love the functionality and precision of this product.  Have not used my iron since I purchased it.  Quick and effective.  A best buy for sure.,[],B0161N956Y,B0161N956Y,AGX6YAMXHRB6CAE2DRLSQDKB423A,1474119449000,0,True
5.0,Five Stars,Cannot find theses anywhere glad I found them heavy-duty my guests love them.,[],B0001MS8JW,B0001MS8JW,AGON7CHZKVCKDD63SUVEOOLXRMKA,1462549147000,0,True
1.0,Hard to Get On Couch,"I had to return.  I struggled with properly getting them on our couch.  They were excellent quality and I wished they would have worked.  My couch was within the stated measurements, so I’m not sure what the problem was.",[],B07TYTMXTJ,B09CQ62WNT,AEP7EU7KESQMHXDZAGKADMWHJ4CQ,1620775011580,0,True
1.0,BAIT & SWITCH.,Buyer Beware! You're not getting the same colors as they're advertising! Looks nothing like what is pictured! I posted the comparisons! It's dark and totally washed out the print isn't even black It's a dull Grey.  Overall it feels very flimsy and cheap...I was in a bind so I didn't have time to return it after it took 2 weeks to receive it. Stay far away from this seller they can't be trusted! Amazon should have stricter rules about this kind of dishonest practice!,"[{'attachment_type': 'IMAGE', 'large_image_url': 'https://m.media-amazon.com/images/I/71Mtb2zNh+L._SL1600_.jpg', 'medium_image_url': 'https://m.media-amazon.com/images/I/71Mtb2zNh+L._SL800_.jpg', 'small_image_url': 'https://m.media-amazon.com/images/I/71Mtb2zNh+L._SL256_.jpg'}, {'attachment_type': 'IMAGE', 'large_image_url': 'https://m.media-amazon.com/images/I/81MLDro+3WL._SL1600_.jpg', 'medium_image_url': 'https://m.media-amazon.com/images/I/81MLDro+3WL._SL800_.jpg', 'small_image_url': 'https://m.media-amazon.com/images/I/81MLDro+3WL._SL256_.jpg'}]",B08SHLGRBV,B07SZXCTTD,AHNQDZNFT3ILEWX33TPJ34OPBYUQ,1641506928708,29,True
2.0,"Small pieces shedding , scattered","I was very surprised when I washed all 4 pieces before I used them. Literally my washing machine almost got clogged due to dusty surfaces particles same color as towels. Another surprise from dryer, almost clogged there too. And non-fuxxing stop shedding. I washed at least three times and still shedding.",[],B08SPXXMFP,B0C4M1QBDR,AEU5OGPZUD76MI6JD34MYO2UVEYQ,1678042768800,1,True
5.0,Good product.,"Look and work fine, no complaints.",[],B01MTLT1YD,B01MTLT1YD,AFKOSCEIGLGOVT477EBD4DCMCAHA,1515442203935,0,True
5.0,Excellent product,"They washed exactly as advertised although it did take quite a bit of time to dry at a very low temperature. They are very waterproof especially after taking them from the washer. I am sure when the grandkids visit, if there is an accident nothing will each the mattress. Cover is soft and they fit great.",[],B003PWS9AI,B0C7LZYYWQ,AEPXZJC3F2JITE2RLXCH4XVOZS6Q,1392158590000,0,True
5.0,Nice but they wrinkle,"I like these sheets. The size is just right, and they are comfortable to sleep on.  I don't mind wrinkles, but if that is a problem, you might want to reconsider. When I washed them and took them out of the dryer, wrinkles galore.  However, I'm happy with them because wrinkles aren't an issue with me.",[],B01ESPB48E,B0C69V2PD8,AELGXB2KRSPTFKTZR2VI7TLHWQ3A,1597409418409,0,True
5.0,Five Stars,BEST PURCHASE EVER!!,"[{'attachment_type': 'IMAGE', 'large_image_url': 'https://images-na.ssl-images-amazon.com/images/I/71hyGhmgIEL.jpg', 'medium_image_url': 'https://images-na.ssl-images-amazon.com/images/I/71hyGhmgIEL._SL800_.jpg', 'small_image_url': 'https://images-na.ssl-images-amazon.com/images/I/71hyGhmgIEL._SL256_.jpg'}]",B0732MP9G1,B01G9B30D2,AFE22GUTGSSO3CYQOD66DY3HCBTQ,1523502613796,1,True
5.0,Terrific cups!,These are the best cups for tea ever.  The top keeps the cup warm for a long time.  My husband and I have several of these cups and use every morning for meditation with our cup of tea.  Absolutely fine for coffee lovers too.,[],B0017938B6,B004Q7EK36,AE6ONV4JSPEIZS3OTN2LTW4MHSVA,1498415794279,1,True
4.0,"great magnetic block, knives are trash",Tried finding a nice magnetic upright knife block and this was the closest and best value to what we wanted. The knife set was only $10 so we didn't mind getting a set of cheap knives that we can use and don't care about. Overall had for a few months now and it'sm still holding up well.<br /><br />We did put drawer bumpers on the bottom so it wouldn't get wet from out counter.,[],B086WPR6HX,B08J8F1VYY,AGKDBAIFWI7CPJBHBQ4IDALLMCWQ,1621982846581,1,True
2.0,Too flimsy. Hats fall off,Item too flimsy. Hats fall off,[],B001DTA6MY,B001DTA6MY,AGY4VSXCJSV7W5VBQIUCVRBI7KIA,1655009666217,0,True
5.0,great value,"I love this quilt set. Very soft and sturdy. The color is a soft, warm blush pink. It's not milk-of-magnesia pink like some of the photos. This set goes very well with a set of curtains I also purchased on Amazon recently:<br /><br />https://www.amazon.com/Sun-Zero-Blackout-Efficient-Grommet/dp/B07D4C6HND/",[],B07JDDGHCM,B07JDJ2RDX,AFISD75NEXVXWQMQHHEBQ6QA5LEQ,1617812708247,1,True
2.0,Too long!,Looks nice but the curtain is about 2-3 inches too long; had to return it.,[],B01EB04TPQ,B0817534MT,AFAO3R5WCBMICG6ARBCNNHJZXX3Q,1594735669214,0,True
4.0,Great but not perfect,"Super easy and fast to assemble. It is perfect to display trinkets and figurines but I wouldn’t put anything with any weight to it on the higher shelves. Unless you secure it to the wall, it is very wobbly. Overall it was perfect for the space I needed it for.",[],B07QT8336V,B0C5DH7MX1,AEHUQPAEF4L637YNYWVR3M3MJPGA,1600046038425,0,True
3.0,They worked perfect but one has a hole in it,They worked perfect but one has a hole in it.  Has to use tape to cover up the hole.,[],B071ZG8Q7B,B071ZG8Q7B,AGZJOS7MHOW54ZTHDZV3P7NVXGNA,1521749978124,0,True
1.0,"Cheap quality, waste of money","Not worth more than 10 dollars, this thing starts to fall apart after a few washes, not durable for pets and does not sit in place.",[],B0B5GQVZ89,B0C4XFJDCN,AFHET44BXE3TAVMK56OGXMVHRWAA,1677365680884,0,True
3.0,Mr Coffee 4 cup carafe,"No es como la tapa original, no tiene su palanquita para abrir la tapa ,hay que abrirla con la mano",[],B00R8NUSXQ,B00R8NUSXQ,AHT2LR4ECW6BN6GSWFDGCXPT3KIA,1591108479746,0,True
5.0,Scarf Hangers,"Each scarf hanger is a gift for two friends who live in smaller apartments. The scarf hanger will not take much room in closet, but will hold several scarves.",[],B01KW7NVH4,B071P6SDYJ,AFHWBJPPE4U2RZ6ZCASLSKIQUSEA,1521227483575,1,True
3.0,Terrible packaging,"Nice item, terrible packaging",[],B01N10K4XP,B01N10K4XP,AG7YB2LCZSJPTQM3K3YW5WRGNAIQ,1541083439551,0,True
1.0,Don’t waste your money here,Not easy to clean. Not comfortable. No return available. Don’t bother. Spend a little more money on some that actually wipe off well and don’t cling to every piece of dirt. Definitely don’t recommend if you have dogs! Horrible.,[],B07RWCF9V1,B0BFZVRB8J,AHQZQW6WTCT4UQB33SM6SNPIUZXA,1584722059707,12,True
1.0,Little decieving,Doesn't make a cup as fast as I like. Only a certain size cup will fit under spout.,[],B016UO0GDA,B07PJYQ38S,AEFASYJMKSACB4DMUYDGR5EXR7QA,1644247321012,0,True
5.0,Great for the price.,"exactly what I wanted.  Small, sturdy, inexpensive.",[],B000F7JXRO,B00KD162VC,AE7CYX5ICFRDMCZGNFHGYAORFKUQ,1441499813000,0,True
1.0,... first set of mats I have had that I dislike. For some reason they do want the water ...,This is the first set of mats I have had that I dislike. For some reason they do want the water to drain out of the sink.So I constantly have about an inch of water in my sink. Waste of money,[],B0019HL4N0,B075S54DZK,AET2RHD4KJGKFR73OSNUMDWUEOPQ,1481126442000,0,True
5.0,Super soft and big and comfortable!,"Got it in the mail today early and omg I love it so much! It's so soft, and with me being 5'4, this is legit the perfect size blanket to snuggle and watch anime and fuel my Fruits Basket addiction! Thank you!",[],B083LFPS8X,B083LFPS8X,AGKI5ELC7LRWLIVFBP7GTDMPAUJA,1678046121081,0,True
5.0,The backside texture has excellent counter top grip,Worth the price so far,[],B07V28JKFQ,B0BGC38QD1,AGW7OTZOBBJQFJGOPRNHBKJ7OJCA,1670086472348,1,True
2.0,Needs a hotter boost.,Needs to brew hotter. Caraf works well.,[],B0037ZG3DS,B0988L5494,AFSRHW6UACAQ4DBDBGTWNLXD5BYA,1580689671086,0,True
5.0,Awesome,So much better than my  old misto”,[],B0BLHJSPHW,B0C4TYVC8T,AF5F773TQQYVG2C6WYGVIPH32UTQ,1676749824642,1,True
5.0,Perfect for the beach!,Perfect for the beach! We used one to drag around beach toys and it was perfect! We packed the other flat in our suitcase and filled it with laundry to bring home.,[],B01DYXFHR0,B07MKPXF2X,AETFWUFSNOC4V26KZAAVBV6SOCOA,1518546008785,0,True
4.0,Great sheets!,"I love the silky, soft feel of these sheets. Even my husband commented on them, so I bought a second set. I also love the ivory damask color -- more yellow than brown tones.",[],B07B2W2VSD,B08JLYQTQW,AG6X33RIFO6IKDJFKIGDO3JEZZBA,1555082516945,0,True
5.0,Great linear,1 year and no tears.<br />No mold.<br /><br />Works as advertised.,[],B00DH2H5KG,B0949MFPFK,AELJEJ6XSIGVWX3DB6IQS4PP3GTA,1558397473121,0,True
5.0,Great for dorm rooms,Used this in a corner of dorm room for storage - great for for small spaces. Shelves are moveable vertically and will move to different angles on the pole as well.,[],B07QMTKNQD,B0BZ5KJ63T,AEIXMDF2GQZPKQCG7JD5TXCQRO5Q,1641086989392,0,True
5.0,Cleans like a dream,"I basically have to look at this thing for it to wipe off. It is the essence of non-stick. I actually have to use less oil than with my other, more broken in baking sheets because there are puddles of it after roasting veggies. I won't complain, this thing rocks. I have used it about 20 times so far and no problems yet.",[],B003YKGR14,B07DK14H6C,AG2AG74JEKBSQHWUHSN2NAAKM47Q,1397550293000,1,True
5.0,Love it!,I couldn’t wait to put a picture in and give as a gift!,[],B00MJKTWVW,B00MJKTWVW,AHKM7T4XVS5FEQFMKJLTFUJHRH2Q,1595733987617,0,True
5.0,Great value and service,This is the second time I have ordered for them. I love them for my formal Afternoon Teas. The quality is wonderful and great value for the money. I can't recommend them enough.,[],B08N52PVM5,B08N52PVM5,AFTOSY4CFSSXXZC2OK25M7WYDW5Q,1637003166900,0,True
5.0,I get rave reviews....,I get rave reviews of the product from everyone who gets it from me as a fun gift.  It could use directions like &#34;<br />1. put the magnet button on the dishwasher.<br />2. whe you have turned on the washer flip to &#34;come in &#34;we're clean<br />3. when you remove the contents after washing flip it to the &#34;dirty&#34; side.,[],B00EIFXB18,B09JRPRCQS,AFVXQ2FJMIIX25PLQ4MMQKWQ4KRA,1428373787000,0,True
5.0,Just what I wanted,"I love, love this over the sink dish drainer.  Wish I had bought one a long time ago.",[],B07TT3L3VQ,B07TT3L3VQ,AH3BLDEWUMDMK6KL6URFQQXZCPNA,1591481681424,0,True
2.0,Not the best,"The ice is really good but it is so hard to get out of the trays. I've tried not filling them completely, over-filling them, twisting and even letting the tray sit out for a few minutes before trying to empty the ice into the ice box. I am lucky if I can get 90% of them out half the time. I wouldn't recomment the tray.",[],B008ML0YVE,B07H5KY9XS,AE4HV6QNXHKTYF3USG7VAXVEF3BA,1430945058000,0,True
5.0,Nice toaster!,"Ok I really HATE buying toasters. Or I should say the process of weeding through all of the reviews to find a decent toaster. Not sure why this is so hard. Anyway, Consumer Reports rated this one highly so at least that gave me a leg to stand on! It works well. I like my toast, toasted well, darker. This seems to be a failing of a lot of toasters. I like the frozen button as well.<br />Criticisms, Not enough to lower stars.<br />1) The dial for darkness level is impossible to read. The indicator is literally a small raised black bump on a black dial. I mean I had to literally look at it at eye level to see if it even existed.<br /><br />2) Short cord. I did read that in another review but figured my toaster position isn't far from the outlet. However, this is a really short cord!!! I ended up buying a great polarized 1 ft black extension cord on amazon. Now perfect.<br /><br />3) The initial smell. Like another reviewer suggested run it 3-5 cycles to get the smell out. I'd suggest doing it outside if possible.<br /><br />I think the temperature of this toaster goes higher than my last. In the instructions, It noted that you need 1 ft clearance above it. Looking at the underside of my cabinet I should have done same with my other toaster! So I had to move it so not under the cabinet.<br /><br />It is new, just a week. But So far so good!",[],B00451B7RU,B00451B7RU,AHQ63GPUGKKB7KCSBW43QX7B26MQ,1657394921023,0,True
5.0,Five Stars,"LOVE, LOVE, LOVE! I use this and get tons of compliments!",[],B071G93DHH,B071G93DHH,AH3CIUXLPB6OVZTVGC3MNTI274NA,1530455457974,0,True
5.0,Luxury for a buck!,"Gorgeous, soft, luxurious, well made, bargain for the price.  What more can I say.  Very happy.",[],B08MQ7TGQ2,B07TZNM7J7,AGLNHATH2AKF5GQNMJZGFTNDINUQ,1620765978083,0,True
2.0,Wouldn't recommend,Smaller than ideal and not very strong.,[],B07R9RY2WT,B07RBM9FQ7,AEOIHKG7LSYUTMEODQU6HMTHEQUQ,1603369677522,0,True
5.0,Sitting on my armoire with a beautiful vase of shells,These were just what I needed to decorate the beach scene in my bedroom! Sitting on my armoire with a beautiful vase of shells!,[],B00CYU4ITS,B00CYU4ITS,AFI4YFHN7RYR7MQF3UGRLCEACBKQ,1504716587251,1,True
5.0,It's better than I dreamed it would be,"OMG, I love this!  It's beautiful and soooo soft.  When I put it on, I get sleepy within 10 minutes.  I wanted warm and pretty but this is so much more.  I highly recommend it",[],B07XBLG8TC,B07YZJHC55,AECGYMC7QRPXIMNCPHZNYZVH2PSQ,1604991822607,0,True
5.0,Niece's 50th,My niece absolutely loved this.,[],B0B9189MWW,B0BQ6VV812,AG6WMIPTV2FGMWSSGKUAVLTXGKOA,1673265150786,0,True
5.0,Fantastic!!,"These are very lint-y as first so I used a lint removed then fluffed them in the dryer to remove the excess lint. Now they're perfect. Great quality, non-slip. I have them in my laundry room/ half bath. I only needed two (wish they were sold separately) but they're perfect. Highly recommend.",[],B08VDHK73F,B0993B5Q28,AH2OMX3LMSAX47NPZOC33ZUFVULA,1635519628072,0,True
5.0,Awesome Quality,Wow!!! These are amazing. I cant tell if its daylight or night time. I did not know they would feel and looks so nice. I am over excited about this purchase. It adds a glam look to my room.,[],B07TP6KR9J,B09V18ZM88,AGKVDDV4KBCQ64LLDSSTM4AXTOKQ,1597704894114,0,True
5.0,Bed slats worked very well!,"The slat system works great and was very easy to install. Amazon seems to always come through for me.<br />The only downside, the package was opened on both ends and very surprised the small bits were not lost in shipping.",[],B009QDA1LA,B009QDA1LA,AGGHWM2QY3YNNV73TSJAMDDNWVBA,1369695610000,2,True
5.0,3 In 1 Stand Mixer,"[[VIDEOID:710ec13a8fc28c9eece30f352338398c]] The packaging is very good, the accessories are complete, the transportation is not damaged, very satisfied. I use it to make bread to save me time. The 3 in 1 meat grinder and so on, so I don't have to buy another space occupied by the equipment.","[{'attachment_type': 'IMAGE', 'large_image_url': 'https://images-na.ssl-images-amazon.com/images/I/71TFELeqFDL._SL1600_.jpg', 'medium_image_url': 'https://images-na.ssl-images-amazon.com/images/I/71TFELeqFDL._SL800_.jpg', 'small_image_url': 'https://images-na.ssl-images-amazon.com/images/I/71TFELeqFDL._SL256_.jpg'}]",B07H1DJFNC,B089GGCSMM,AG4CGBXPKGUV25UKAMRV4MYANOSA,1545920259443,29,True
5.0,Great Quality - A Lasting Keepsake,"Gave as a gift and the person loved it. Excellent quality. The person that received it as a gift stated that "" I will display this Santa at Christmas forever""  It's a keeper !!!",[],B00S87JHDS,B00S87JHDS,AGU2IUQSRV55JTCLGJY5TAD6UXSA,1609391514808,1,True
5.0,Beautiful,This is an absolutely beautiful wall sconce it's very sturdy and there is nothing cheap about it,[],B00U46VVNA,B00U46VVNA,AEMWZLNRHU7ZTQEMBB6O6JZU523Q,1554081332979,0,True
5.0,Very easy to use!,It’s awesome!,[],B000QRB0D8,B07YM6Q17M,AFBE4JHXZZKNPKMCSWRQABJOUM6Q,1579406855381,0,True
1.0,One Star,Doesn't push corks all the way in.  Bent shaft.  Wish I could return it,[],B000FRWJNE,B000FRWJNE,AH42MMPJ56XGW5UXICEATEKVKQWA,1479710846000,0,True
5.0,They look beautiful,They look beautiful,[],B0BPWPM38D,B0C34CS9TH,AE6ACQTDLLSUQPK6PO5HKHHNDZDQ,1679681658854,0,True
5.0,Great customer service,"I purchased this Frother to mix powders and things into my coffee in the morning. A few months later the attachment kept falling out. I emailed the seller and she was so sweet she quickly sent me a replacement attachment which worked better then the original. Don’t hesitate, support this small business.",[],B07QM4JSYK,B0C2H63BP7,AH35ZUPPIVAFK775BNCQKO7JVASQ,1675717936476,0,True
1.0,Disappointing,"Very disappointing in the speed of this fan, slow. And was wanting a louder fan for white noise in my babys room, this does not cut it at all",[],B001R1RXUG,B0BTJYRYBH,AEVKVSKOMMAPK42JYC4H6NMUEN6Q,1513936191376,0,True
5.0,These are great. They look so good with my napkins and ...,These are great. They look so good with my napkins and on my dining room table that I ordered another set.,[],B00NQ3CRTU,B00NQ3CRTU,AG77TUZN3NKM52MB5J7FNSXL5G2A,1485199960000,0,True
5.0,it was a gift,I bought this as a gift for my sister and her family. they love it!,[],B07N69T61T,B07N69T61T,AG3TR5BXWFSWALTWB54J33PIE5FA,1579447811990,0,True
5.0,Amazing price,Hope they wear well. Great price!,[],B07V9KZNBG,B07V9KZNBG,AEDVDVGISSDZI5SWWJ3CUY2WFY7Q,1612562122239,0,True
5.0,It stays on after the dogs getting off and on the couch.,"It looks cheap,but works great.",[],B072PSZSKR,B0BBTMDHBC,AE7N5EXWQGGLV5FRIFOL7NGPEWYA,1518126941368,0,True
5.0,good,This is my first toaster. It is good. I use 3 for breads and that is what I expected.,[],B0000A1ZMV,B0000A1ZMV,AESKAQOXH5SBYXJMGIZKT4P3NDRQ,1287068250000,0,True
4.0,these are well worth the money... the ...,"these are well worth the money...the zippers could be stronger and they leave something to be desired when trying to stack them... but they beat cardboard boxes all over the place when filling, emptying and carrying them...also they fold up when not in use...I plan to use them again",[],B06X96L38R,B06X96L38R,AFDMXDYBFGSTL2G6UUZLRJYJ4CRQ,1525203261020,0,True
5.0,Sunday tradition,I ordered these to make individual pizzas with our family. They clean up easily. We started making pizzas on Sunday nights as a family tradition.,[],B008BUKNIU,B01HH73Y0Q,AFNBWNJKKLCYIM6YPZTWMCQ674JA,1359896190000,2,True
3.0,Three Stars,"Not bad, but Crêpes pan is much more practical imo.",[],B0179IU3XE,B079RKM4L7,AE4HGR5AV2E5GOQ4EBZFMYEKPUTQ,1518901325945,0,True
5.0,Gorgeous!,I absolutely love this vase!<br />Excellent quality!,"[{'attachment_type': 'IMAGE', 'large_image_url': 'https://m.media-amazon.com/images/I/618HLWHgIyL._SL1600_.jpg', 'medium_image_url': 'https://m.media-amazon.com/images/I/618HLWHgIyL._SL800_.jpg', 'small_image_url': 'https://m.media-amazon.com/images/I/618HLWHgIyL._SL256_.jpg'}]",B093BH5BVT,B093BH5BVT,AHUU5IYAZTXLUS3DYYVF3FOMCYOQ,1660331889272,0,True
5.0,These sheets are awesome!,"I purchased these for a tall 16.5"" mattress.  They fit good and they are very soft.  Just one night in but very good!",[],B0784FWM5K,B07PJVHS3J,AHSRSMEHVRITOEZBAXZXYT5RQ4ZQ,1584117252020,1,True
5.0,Great Desk for a Great Price. Assembly was a little bit difficult but manageable,Great value. Some of the screws didn't align to the manufacturer's drilled holes so I had to jerryrig it a bit but not unmangeable,[],B0885SQQRY,B0885SQQRY,AEJW5YO335H2VI6EDWHSE6P7BYRA,1603737353900,0,True
5.0,This thing is awesome!,It makes your leaf bag a self standing bag while you fill it.  I would suggest using some clothes pins or a clips of some kind to clip the bag onto the sleeve while you fill it.  This makes one man ( or woman ) yard clean up a breeze. It also helps to keep small limbs from puncturing the bag as you fill it up.,[],B0000BYCMO,B0000BYCMO,AEJCLBF6SHCTEUAIYAP3ICVVOAKQ,1609712659642,0,True
5.0,"works right out of box, no hook up or assembly required,makes no noise.",This fan looks good and works straight from box. Just set it up on your wood stove and let it work. If you wan to move  small amount of air with no noise this is the right product for you. However if you think you are going to replace the CFM air flow of a noisy electric fan your mistaken.,[],B07ZXZQ654,B07ZXZQ654,AH64GERSNWYCVY6KAC3KOVDOZZBQ,1586534182748,0,True
5.0,Where have you been all my life?,Love this product and quality. Friends told us about the existence of this tool and we wonder why we hadn’t seen it before. Now my husband takes over browning the hamburger because he enjoys using this....because it works!,[],B00TTZGVSC,B00TTZGVSC,AG55FYPETN5SUD4WKTOIK4LUXMIA,1556216693219,0,True
5.0,I can count on Pyrex,"Nice, clean lines.  I like that the lid states the capacity.",[],B000QODRF0,B000QODRF0,AEKOYAQ32VAFAY5PEQ3X4AL6NLMA,1545511286329,0,True
5.0,I am very pleased,"I purchased the fuschia colored pillow cases. The color is spot on , just as it is shown in the picture. For 9.99 it is a great deal. Fits my king pillows perfect. They are very comfortable as well.",[],B07KPZJLM1,B09X6YDKTW,AGIEKJXN35IRNGYJ4OTP6I4FGW5A,1624501236645,0,True
5.0,Beautiful above bed,The only thing that could be better is the dimmer. Don’t go super low,[],B085L2SFH4,B085L2SFH4,AF3AXXNQ6QYAN52FORU3MWFHOSBA,1630423415088,0,True
5.0,Slipping’ and Sliding,"Excellent value for the cost. Makes my pillows feel silky smooth, not to mention my head slides on the surface effortlessly.",[],B0915WL4W4,B08ZJ8RWRJ,AHZB33CZVHUODFUQPYECTIGIJHDQ,1664947790088,0,True
4.0,Very good suction & easy to empty,It was heavier than I thought but it works great!,[],B01BGS9JVA,B01BGS9JVA,AGKD6TYKNW2PJ3L74QVLQCMJ7X6Q,1675450391754,0,True
2.0,was a gift. lid does not seal since pot is bent.,Thought would be quality since has R Ray name!  Never will be mislead again by her products made in CHINA !!!!!,[],B07RV6N8JW,B07RW845KY,AFGTMJETFIYB7OZWJL5P7I7L4TBA,1644087825822,1,True
5.0,Great cup!,My husband loves his cup! Keeps his drinks cool for hours!,[],B07G1PTZ76,B07G1PTZ76,AFHN5TBZJHEAA6KGO6SU3GIQVO4Q,1618876390558,0,True
5.0,Perfectly designed funnel,"I love the design of this funnel. It is the best-designed funnel I've used and seen in the market. Each piece can be used individually or can be assembled in certain ways for even more varied uses. It can be put together as one piece for easy storage. It's made of sturdy plastic and I find the color quite nice. I just love it and highly recommend it to anyone looking for a good-quality, highly-functional funnel set.",[],B003ANFA40,B01252R6HU,AGXHJ6JJDYSDTAT35LB5N5FXFKDA,1316588267000,0,True
5.0,A great handy helpful product.,"I love my crock pot I've used it three times and perfect pot roast and vegetables , great whole chicken I just got recipes from Google and very happy with my meals I'm disabled so this helps me a lot no standing just sit and add your meat and clean vegetables and a few hours a meal is done just serve very tasty not dried or burned love it.",[],B00OBVQ382,B00OBVQ382,AF7XED7CSBDS3WJED46O6JGDJSMA,1610475121874,17,True
5.0,"perfect pizza pan, and cheap","Only disclaimer is if u have a dishwasher, check will fit",[],B001ET7C2U,B001ET7C4I,AHVB3KV7KB2ZQHBFOJ3WXU7AAJZQ,1648412999275,0,True
5.0,Happy with purchase,"Love this fabric liner.  It hangs very nice and good quality.  Haven’t washed it yet, but I’m not concerned it won’t hold up.",[],B00ALRSXVA,B0BC2MMTMH,AGUSBAAA6U6JBDS3QBKWFNTSYJLA,1617063544208,0,True
4.0,Beautiful but uneven,"I like that these are darkening but not blackout. They are thick enough to feel like you have privacy but not so dark as to make the room pitch black. But I was really disappointed to see that the two panels were visibly different lengths. Luckily I needed two sets, so I paired the shorter ones on one window and the longer ones on another. But it happened in both packages, so there’s a definite quality control issue. Other than that, I’m very happy with them.","[{'attachment_type': 'IMAGE', 'large_image_url': 'https://m.media-amazon.com/images/I/A1wJa27P7YL._SL1600_.jpg', 'medium_image_url': 'https://m.media-amazon.com/images/I/A1wJa27P7YL._SL800_.jpg', 'small_image_url': 'https://m.media-amazon.com/images/I/A1wJa27P7YL._SL256_.jpg'}]",B081RQ3D8J,B07HNVF2PJ,AGFLRPJ6ZVLJFXIFZ5URUNYW7MWA,1631478084945,0,True
5.0,Products broken during shipment,Love the product very sturdy,[],B0B74BY4WC,B0BNNSVKJH,AHZU7UIUAT7IRAKT55GQYF2WHAHQ,1669630863832,2,True
5.0,Good,Good,[],B09FJSJQ95,B0B5W739NS,AHJXCAHSNLNUO2CUB57GGP7R45RA,1639077513486,0,True
5.0,Great Popper!!,"Great unit!!  The mixing arms look a little flimsy, time will tell.  Pops corn beautifully.",[],B0148LA5VK,B0148LA5VK,AGFKTQBL4RCCTLNNVHT4VVUPTBDA,1470102462000,0,True
5.0,A Fine Clock,"Works fine, nice design, like the info.",[],B00FLQ95RW,B00FLQ95RW,AH575RTPYUGLJ7ASGK2WTDC6TNQQ,1437703858000,0,True
5.0,Super cute print,"Purchased to jazz up my new, black home office chair and it does not dissappoint. Keeps me from sticking to the pleather, looks fancy on video calls and even repels chihuahua hair easily. Super stretchy so no fear of tearing seams if you tend to fidget and shift often, as I do. Thumbs up!",[],B08BC29BSZ,B0BQ2YJQKX,AGT6MKV6RHIK7A7LMJE25SE4P72Q,1629334492103,0,True
5.0,Just the right size(s)!,These vases add the right amount of gold without being overstated. They arrived quicker than what was originally communicated and were packaged with care.,[],B0869HY4V8,B0869H6DWG,AFHRP37ATDZYFVDARHNKZVVIZPNA,1601691292465,0,True
5.0,Must buy,This is so beautiful and brilliantly made! My mom had recently passed away and I got this in my kitchen in her honor. She started her day with a cup of coffee and if she was here she would have loved it!,"[{'attachment_type': 'IMAGE', 'large_image_url': 'https://images-na.ssl-images-amazon.com/images/I/71U2S143XOL._SL1600_.jpg', 'medium_image_url': 'https://images-na.ssl-images-amazon.com/images/I/71U2S143XOL._SL800_.jpg', 'small_image_url': 'https://images-na.ssl-images-amazon.com/images/I/71U2S143XOL._SL256_.jpg'}]",B07542K11H,B07542K11H,AEMWRMEDXOP5VSUE4DRTJVV7DENQ,1600107955215,1,True
2.0,Color was off,We ordered these thinking they were WHITE.. they’re more of a light gray.  We found another use for them though.,[],B075YQW1X6,B08W456K2H,AELMFAFGICF3Y4E7CLTZJBS4JH5A,1623956351218,0,True
1.0,Cheap,Box broke as soon as the roll of bags went in.<br />Will return but first I need to replace with something better.,[],B0BQ398RSG,B0BMPNXF8N,AFAVHPXSMJKKZW43HQPL4TQC3LVA,1679195474596,0,True
5.0,Small but functional,The design of the toaster oven is simple and easy to use. So easy that I don't have to read the instructions. The oven gets hot quickly and heats up frozen pizza really fast. I particularly like the removable tray that catches crumbs at the bottom. More energy efficient than the traditional oven when I just need to cook for one or two persons.,[],B015YUDYVM,B015YUDYVM,AG74WB6SJAD5EAIMTEAXNVUOTDPQ,1542831540589,0,True
5.0,like another customer,"... like another customer, i bought these to raise my couch.  although they were bigger than the picture indicates, they worked out perfectly and even better than i had anticipated ... AND the espresso finish matched my furniture perfectly.",[],B0089MORUA,B07BW9BPD6,AGJQPFVBVRBEVKYEZ3OYXC7IXQGA,1399063128000,8,True
5.0,So far so good,I am pleased with my purchase so far.  It fits great in my 4” depth space.  I have had no issues with the product.,[],B09FXDY76G,B09FXBR5NN,AH5DLTBESOFDWOTWRNLOQEVG3AGQ,1678705987066,0,True
5.0,I wanted to keep the dust off my shoes and this is a great solution. I put it together by myself and ...,I was impressed with this.  I wanted to keep the dust off my shoes and this is a great solution.  I put it together by myself and it didn't take long at all.,[],B00S0Q1COO,B0BJLP2T7G,AGX42W6SN4KP3TUVDRKCEC6S3FQQ,1489686045000,0,True
4.0,It's perfect for 1-2 servings,This little tiny rice cooker is quiet mighty! It's perfect for 1-2 servings.<br />I love everything about it.<br />One small thing that I did notice that if you don't rinse out your rice thoroughly and cook the max allowable qty 1.5cup dry) it does bubble over thru the vent Arthur too and the starchy water ends up all over your counter.,[],B01AAAHCZK,B01AWDZC1Q,AE6VXTDNGHZBMAUEF4L6DRI4N4VQ,1476632403000,0,True
3.0,Just ok,"The quality isn’t great, but you get two pillow cases for around $7 each. I mean you can’t beat the price. I wasn’t expecting Pottery Barn quality for that price. I have two little kids, so these will be fine. They have a zipper, which is great, one zipper barely works though. I also lost a button after a week. It should be easy to sew back on though. You get what ya pay for. I didn’t want to spend much and they match my chairs pretty good!",[],B07RZQB2ZY,B0B9FJXM1K,AHU4LQPESHJSIAVWNYFKYK44KOTA,1574010007126,1,True
5.0,Buy it ..Soft Great size Great Price,So soft cant beat the price beautiful rug thank u,"[{'attachment_type': 'IMAGE', 'large_image_url': 'https://images-na.ssl-images-amazon.com/images/I/81wmUxXDLwL.jpg', 'medium_image_url': 'https://images-na.ssl-images-amazon.com/images/I/81wmUxXDLwL._SL800_.jpg', 'small_image_url': 'https://images-na.ssl-images-amazon.com/images/I/81wmUxXDLwL._SL256_.jpg'}]",B009KSIW6W,B07HSWPCZ7,AGDYMN4E7KALWAWCWP26R7XUN5ZQ,1578364540897,0,True
5.0,I would buy again.,I like this for everything.  Would buy again.,[],B000IGKUH4,B000IGKUH4,AHOLWSYOTSZVBSX6PKJNF5LKARUQ,1495828891000,0,True
4.0,Four Stars,Smaller than expected but beautiful and the teacher loved it.,[],B0090R6GTI,B0090R6GTI,AFL7W5LBXI3P2CKMSQBTFB4BY7WQ,1407692822000,1,True
5.0,Five Stars,its a mug.ok,[],B0156G9YVI,B07XZR3ZJZ,AE5V7QTQCLRCSPLP6ITU7CHYDUXQ,1494735321000,0,True
4.0,Cleans well!,This is good product if you like to clean floors naturally. I hate using chemicals and this works perfect to clean although it requires more time than a mop,[],B0028MB3HM,B0028MB3HM,AG3NPZLO6OAUTYBPN6TZK6VUYZOQ,1594659391482,0,True
5.0,Excellent kitchen tools,"These measuring cups never get hot in the microwave. Easy to use. Store within each other, which is more compact. Love the feel of the silicone. Measuring information is very easy to read.",[],B01B7HSHMM,B01E7QTVUW,AGRJQKZ2RI363SB2JBBVKDYWPWYA,1646390808268,0,True
4.0,Collector of Lenox Poohs,Pooh is so adorable.  Can't help but love this ornament.  Lenox figurines are the best.,[],B007XVLZOO,B007XVLZOO,AFK54TOS2ZC6MBSSHQNJGYGX4CSQ,1408057381000,0,True
5.0,Great job straightening up the cabinets,"I bought two of these and found that they work equally well for small spice containers, as well as larger cans and jars. What a difference it makes in terms of finding my spices. Now I can actually see what I have. No complaints.",[],B0036OQU56,B09Q8J51BB,AESOZBNP5VCNO532E56HMSMRVVSA,1393776230000,0,True
5.0,great tack,love these overgrips.  These are the only ones my family uses.  The tackiness is just pefect and the design is super cute,[],B000SHNIRM,B06XNVXRMG,AH65OLVHGCTFXLC33AJFVKG45UMA,1369398792000,0,True
5.0,Great product! Does wonder!,"Diatomaceous Earth helped me with my pain in my arms and my nails are stronger. I think it helps with the cold too. In three days it's almost gone. But the most it works on my dog, who contracted mites. It really kills the bugs! The natural way! It's incredible!",[],B00025H2PY,B00025H2PY,AFT3HEK4UKLBRZG7FIU3LTPJWCTQ,1548361097774,0,True
4.0,It will  do,Work,[],B09JMK3BC2,B0BKP6YDVV,AG5LLBZAFZLHKEFRCDXXKXC5CIOA,1655922670494,0,True
2.0,Cheap,"This item seems to be super cheaply made. The print just doesn’t look quite right. It isn’t of high quality at all for $30. I definitely expected it to be nicer, $10 sure but not worth $30 at all.",[],B095FPXKFW,B0BLRF44YN,AHESDN3YGKUOK7WLPVCEBDI6UNTQ,1665625582825,1,True
4.0,Holds so much!,"This is fairly simple to put together (though it takes some patience, and about an hour). I love that it comes with a mallet to help with securing the connectors, and hooks for the side of the built unit. I purchased two units in black and modified the configuration to create spaces for my son’s lightsabers and Nerf guns. I love the way the clear-window storage cubes look in the unit as well. I can’t speak to how long this will hold up. The plastic “shelves” seems pretty sturdy but will dent if sharp corners come into contact with it. Overall, I’d buy it again! Also purchased in pink for my daughter’s books and it looks great in her space too!","[{'attachment_type': 'IMAGE', 'large_image_url': 'https://m.media-amazon.com/images/I/81-f4fbflJL._SL1600_.jpg', 'medium_image_url': 'https://m.media-amazon.com/images/I/81-f4fbflJL._SL800_.jpg', 'small_image_url': 'https://m.media-amazon.com/images/I/81-f4fbflJL._SL256_.jpg'}, {'attachment_type': 'IMAGE', 'large_image_url': 'https://m.media-amazon.com/images/I/81DyBiP++LL._SL1600_.jpg', 'medium_image_url': 'https://m.media-amazon.com/images/I/81DyBiP++LL._SL800_.jpg', 'small_image_url': 'https://m.media-amazon.com/images/I/81DyBiP++LL._SL256_.jpg'}, {'attachment_type': 'IMAGE', 'large_image_url': 'https://m.media-amazon.com/images/I/81onVr2ICNL._SL1600_.jpg', 'medium_image_url': 'https://m.media-amazon.com/images/I/81onVr2ICNL._SL800_.jpg', 'small_image_url': 'https://m.media-amazon.com/images/I/81onVr2ICNL._SL256_.jpg'}]",B085ZG27N1,B0BS6YT8M7,AFKIU6VDH2DPS2RQPGZTUZW6GOGA,1676164378277,5,True
5.0,Work very very wll,For me very nice and work very well  I recomend  this produt I like very much,[],B00ZYLIIAO,B09WPZ4WBZ,AHDBO67OHOTVLLKPEEAUHSX6S5FQ,1679899286256,1,True
5.0,Good leaves,I got this for a seperate diy project for the leaves. If you buy leave by themselves they never look as good,[],B0957VJS4B,B0BGPS4HMF,AFJTG5KDPMRGV5DEY5HGEBLWNCUA,1649362772032,0,True
5.0,"Excellent quality, reputable merchant.",Product is of excellent quality and is exactly as described. The item arrived quickly. Would deal with this merchant again.<br />Satisfied customer.,[],B086GY1YDC,B09DT6BMHM,AEAFUE4OSJOB3L42NL3P2LAEY3GA,1615752246705,0,True
5.0,Works great!,"My sons room is right above the garage. So no matter how cool we keep the house, his room is always hot. This is exactly what we needed.",[],B07DQVNSP8,B0BZRHWHCQ,AFDNS32G7EVAYHCGGGVBHKF5IQUA,1658443249167,0,True
5.0,Perfect,As advertise,[],B00SICPAX4,B00YQJSWE2,AHEP7PPPFOXRGTEL4E5S4NQJ7XWA,1578951957389,0,True
5.0,Beautiful & fits well,So far this is a review of my first impression of the couch cover. This cover is absolutely beautiful! The pictures of the detail is spot on and the color is beautiful and matches the pictures provided by the seller.  Hopefully this cover will hold up better than the last one from a different seller. The other one got picked and fuzzy where people sat.,[],B07H9C3FFV,B07H9C3FFV,AEBLXPOETY57Y74UGK7G7RRZIBLA,1553832893928,0,True
5.0,I am very satisfied with them,Canisters arrived in a timely fashion.  They are exactly as describe and the color is &#34;spot&#34; on! I am very satisfied with them.,[],B000NTZKOY,B000REHZLQ,AGC2W24YFCQMRUGVWFOFFQQOBY3A,1471406274000,0,True
5.0,Great purchase,This is exactly what I was looking for. Amazing quality and design. I think I might buy a few more in different colors.,[],B00PAJ3954,B0C3MR4DPT,AFBNCP5LFLLWXE34MWMXWCN2LFAA,1429766416000,1,True
5.0,Love them,"These roses will definitely need a fluff, but they do look very similar to the picture. The roses a a tad darker then the ones in the picture. They do have a mild smell, but most plastic/ rubber does at first. I bought 60. I will definitely be buying more. I wish they came in a bulk size! That would be awesome. If you plan on buying them, it’s worth it.",[],B082DRKSQ4,B0BGNYJWM7,AF5A3Y5L4DV574IBBDADVBIVZ46Q,1684096970846,0,True
5.0,Perfect,Exactly what we wanted and looks great in a poster frame.,[],B013A8HTZC,B013A8HTZC,AHXZIYTWU4ETO6U7VLDHMYD5CYRA,1647109075745,0,True
5.0,"Great brand, great spatula",Love the Calphalon brand. This spatula works well. It is solid and sturdy and a even a bit flexible. The handle is long enough to keep your hand away from the heat. It washes well and has held up well. It drains oil/liquid well and holds on to the solid food well.,[],B00478V8MU,B00478V8MU,AF7GOZZMCPMZDPZFAHH56XCDRE7Q,1544145604161,0,True
4.0,... correct part and it arrived on time and in good condition. I just wish they were made a ...,The part is the correct part and it arrived on time and in good condition. I just wish they were made a little sturdier so they would crack so easily.,[],B000UJY2IW,B000UJY2IW,AGD37RZKUMEYG2WWZOFXZXQMMREA,1508787404155,0,True
5.0,Love it! Sad I had to use it so ...,Love it!  Sad I had to use it so soon though.,[],B00RSUDKKC,B00ROQ8VCC,AFBZLCR2A7NBTJ6VH3HNO3TC3Z7Q,1443047244000,1,True
5.0,Love it!,Im satisfied with the quality and design of this product.  It’s also very easy to clean.  I can now make proper craft cocktails.  ❤️,[],B00YBP918M,B0BX7KPS8W,AG4REOL3L2M37VGAQGAGP7XJGXFA,1578632212084,0,True
4.0,Confetti,Convenient but had to cut a hole in the bottom to get them to release,[],B07YDNRM82,B09XBCPVYP,AGSE7CDTINJWTVHVXMBNK4SJ5EYQ,1632792301942,0,True
5.0,Great starter set.,"Great starter set for cooking. Easy to use, easy to clean.",[],B00008CM67,B00008CM67,AGVZKFN4R323GWSZ7KGUVCV3S7WQ,1590102623723,0,True
3.0,Just ok,"These are just ok. The compartments are smaller than they look, and lids don't lock tightly. I have to tie them up in a bag to be sure they don't spill. There are several ridges in them that are hard to clean, also.",[],B07VF6TLPR,B07VF6TLPR,AHFHSUKTPN7YR36LSDMFXOVDGAGA,1619298605001,1,True
1.0,Tons of Lint!!,After washing I had to vacuum the blanket to get all the lint off. Terrible quality,[],B07KX62N7D,B07KX62N7D,AFKJ65AOZQZNM7HEHYZO56KLNGOA,1552430601772,0,True
5.0,Super Sharp,"Cooking is one of my favorite things to do. Some people go out and hike, or drink, or dance but I cook! I kinda love showing off my super fast cutting skills you know :) But to do that you must have a good materials!<br />I was looking for a good and affordable knife. and found this! Loved it. It had a very fancy package. (felt so special :))<br />Okay, so the knife has marble decorated haft! Looks so elegant. It has this white plastic scabbard. I personally think that it was very thoughtful because the knife is very sharp. It is very balanced so when you are chopping up something very fast, you feel safe. There are knives out there that the blade part is so heavy and makes your hand hurt quickly. But this one is at its best. Not too light, not too heavy!<br />The blade part is white and as you can see in the pictures the sharp part looks like platinum. I just loved it so I might order the rest of the set too!","[{'attachment_type': 'IMAGE', 'large_image_url': 'https://images-na.ssl-images-amazon.com/images/I/51I4V8bGtXL._SL1600_.jpg', 'medium_image_url': 'https://images-na.ssl-images-amazon.com/images/I/51I4V8bGtXL._SL800_.jpg', 'small_image_url': 'https://images-na.ssl-images-amazon.com/images/I/51I4V8bGtXL._SL256_.jpg'}, {'attachment_type': 'IMAGE', 'large_image_url': 'https://images-na.ssl-images-amazon.com/images/I/51wLXErNzwL._SL1600_.jpg', 'medium_image_url': 'https://images-na.ssl-images-amazon.com/images/I/51wLXErNzwL._SL800_.jpg', 'small_image_url': 'https://images-na.ssl-images-amazon.com/images/I/51wLXErNzwL._SL256_.jpg'}, {'attachment_type': 'IMAGE', 'large_image_url': 'https://images-na.ssl-images-amazon.com/images/I/618J4kQOFDL._SL1600_.jpg', 'medium_image_url': 'https://images-na.ssl-images-amazon.com/images/I/618J4kQOFDL._SL800_.jpg', 'small_image_url': 'https://images-na.ssl-images-amazon.com/images/I/618J4kQOFDL._SL256_.jpg'}, {'attachment_type': 'IMAGE', 'large_image_url': 'https://images-na.ssl-images-amazon.com/images/I/61vyTa1o6uL._SL1600_.jpg', 'medium_image_url': 'https://images-na.ssl-images-amazon.com/images/I/61vyTa1o6uL._SL800_.jpg', 'small_image_url': 'https://images-na.ssl-images-amazon.com/images/I/61vyTa1o6uL._SL256_.jpg'}, {'attachment_type': 'IMAGE', 'large_image_url': 'https://images-na.ssl-images-amazon.com/images/I/71DKfBab16L._SL1600_.jpg', 'medium_image_url': 'https://images-na.ssl-images-amazon.com/images/I/71DKfBab16L._SL800_.jpg', 'small_image_url': 'https://images-na.ssl-images-amazon.com/images/I/71DKfBab16L._SL256_.jpg'}, {'attachment_type': 'IMAGE', 'large_image_url': 'https://images-na.ssl-images-amazon.com/images/I/71siM0+7YqL._SL1600_.jpg', 'medium_image_url': 'https://images-na.ssl-images-amazon.com/images/I/71siM0+7YqL._SL800_.jpg', 'small_image_url': 'https://images-na.ssl-images-amazon.com/images/I/71siM0+7YqL._SL256_.jpg'}, {'attachment_type': 'IMAGE', 'large_image_url': 'https://images-na.ssl-images-amazon.com/images/I/81yX4Ng0P1L._SL1600_.jpg', 'medium_image_url': 'https://images-na.ssl-images-amazon.com/images/I/81yX4Ng0P1L._SL800_.jpg', 'small_image_url': 'https://images-na.ssl-images-amazon.com/images/I/81yX4Ng0P1L._SL256_.jpg'}]",B087479JLF,B09GFJ3QXX,AHMSGW6DBRL4X3ILOFX3XZDLIOOQ,1595105114564,0,True
5.0,beautifull!,"muy original y vistoso, lindas",[],B07K9XSB53,B09NDSTTR2,AHEED6ZHVVJUNBCGJQZSOOCOMRKA,1566361743716,0,True
4.0,I am enjoying my new slicer.,"The only I'm not real pleased about is that cleaning it would be much easier if  the parts that get greasy from use could be removed for cleaning.  Otherwise, a good product.",[],B07CT5TVTX,B07CT5TVTX,AGVUX2QZ7OQWSMTGB6SXHJQ3KPRQ,1618339981887,0,True
5.0,My Favorite Towels,"I received a pack four Williams Sonoma dish towels about 15 years ago and the quality has been beyond amazing. Only now were they getting a little frayed, so I found these pretty green and white ones and am delighted that quality is still the same. Yes, they are not cheap. But 15 years is a LONG time for a dish towel. Very pleased.",[],B01N4QXX69,B07BYCPT7G,AH6SEDXG4U57T5UFZOZK5QDPFIPA,1593294457341,2,True
4.0,"Disappointed, but at Least it's a Lodge","First, to be clear, I gave this pan four stars instead of three because it's a Lodge, and is therefore well-made, with THICKER CAST IRON than its competitors.  What I'm disappointed in is that this pan doesn't cook a steak as well as a smooth griddle; I had always been told that the raised-up ribs were the way to go.  Yes, the meat does indeed LOOK BETTER when cooked this way; those dark stripes are spectacular.  It just seemed a little dry, unlike a pan-fried steak.  And burgers?  Well, I'll update this later.  Mind you, I haven't given up yet.  Stay tuned.",[],B0001DJVGA,B0BM86RWQ8,AF6MXJ4VOHE23KMD5HVK5SXG6ZMA,1635355442679,0,True
1.0,Junk,Save your money. Use cling wrap it works better than this junk.,[],B07NTRN8WG,B07NTRN8WG,AFLSHYEUDKQZCBBTKZM4QW3X6AGA,1624387223569,0,True
4.0,Simple but does the job,These are smaller than I realized but I was able to display a decorative Christmas platter securely.<br />Believe I will get good use of these stands.,[],B000RO6CEC,B00S3QEF18,AECAD6HSEAYKMJZ6DYIB5XJF37NQ,1453403666000,0,True
4.0,I like it,Great condition,[],B07VF4W6VY,B08Q3JBWD9,AFYFATE3VEHSRMXDOCOEDUHVI64Q,1587473501308,0,True
5.0,Getting the job done,"Bought it for my husband bc our property has a ton of mature trees, this blower  is amazing bc it saves time and energy, getter er dun",[],B08PKYS9NG,B08PKYS9NG,AFGQETUAACBEY25FEZXTVKNSZD3A,1664221122257,0,True
4.0,Hot beverage,You get what you pay for. It is fine for an occasional cup of tea!,[],B079FP6ZCP,B0C2B5MM25,AG3HJVZHYT6Y24PD7WPOGNLBHL6Q,1614432495506,0,True
3.0,a bit drippy,It's ok.  Would'nt buy another one for 2 reasons:  1) the pot drips when filing it  2) thetimer automatically shuts  off after two hours and there is no way to adjust it.,[],B002FWQU3W,B002FWQU3W,AFOXKWHVVTC2VGQQVUK3ALCUVYIA,1338091865000,0,True
5.0,"Perfect, as described.","Perfect, as described.",[],B00ZN0ZKKW,B00GEMCD30,AGYYWIL6GFYIX7GKIXQK5ZCTGMMQ,1568992271554,0,True
5.0,Replaced old outside sendor,My old sensor have an eroded wire connection. Erosion was caused by battery corrosion or weather.  Replaced original perfectly.,[],B00T0K8NXC,B09YLBHWSS,AEAH3N5SOJKNMHO6KBITPBFWLUOA,1653443982561,0,True
5.0,Great product,Easy to use. Does what it is supposed to.,[],B01NBGY141,B0B97L2HH9,AFJ5FJFU4GDWFD5KEREYKPE4CINA,1638230988131,0,True
5.0,Quality of the pictures,Great pictures that delivered very quickly,[],B079NF2NFW,B0711H8PD3,AFJL62M7DJRU3WC3IHYHYWLC4JWQ,1583857772583,0,True
5.0,Great,Trying to organize all ornaments  so this was amazing thank you..,[],B08HPKSS8Q,B0BNK5KJD1,AEQSFFHTU2WM6SCMDBWL25Z4EOXA,1673116702371,0,True
3.0,"VERY FRAGILE, buy with caution.", ,"[{'attachment_type': 'IMAGE', 'large_image_url': 'https://m.media-amazon.com/images/I/61NzRnv+f3L._SL1600_.jpg', 'medium_image_url': 'https://m.media-amazon.com/images/I/61NzRnv+f3L._SL800_.jpg', 'small_image_url': 'https://m.media-amazon.com/images/I/61NzRnv+f3L._SL256_.jpg'}, {'attachment_type': 'IMAGE', 'large_image_url': 'https://m.media-amazon.com/images/I/71bmF9n5IFL._SL1600_.jpg', 'medium_image_url': 'https://m.media-amazon.com/images/I/71bmF9n5IFL._SL800_.jpg', 'small_image_url': 'https://m.media-amazon.com/images/I/71bmF9n5IFL._SL256_.jpg'}]",B01NATP383,B09DL8DX11,AGKGXYWFWPHAUCB2WOU3E2XWFNGQ,1673396296257,1,True
5.0,Excellent,Excellent,[],B07Y5R285N,B07Y5R285N,AGOFFZVZYM7OURIJK2UZONQI3BPQ,1634455233759,0,True
5.0,Five Stars,Works.,[],B0013FGVW2,B0013FGVW2,AF3IJ44WLSQKRHGCXSELEHOB57TQ,1428094388000,0,True
1.0,Rough not soft,Horrible very rough cuts your skin. Not a queen or King in between so it keeps coming off bed. Just poor quality.,[],B01N5IZ3Z7,B0874WGWRY,AEZHCRZHML6VOBR7MH7T65VXXXAQ,1592376711570,0,True
5.0,Very easy to use and cute.,I love these. Easy to put in and remove.,[],B01G6QOEO4,B01G6QOEO4,AGCJ55S5LYDVFTQ4DIPUDTB242SA,1570840878654,1,True
2.0,Color is pretty faded...,"I just received this and when I look at the pictures in the ad and people's posts, it looks more defined than the one I received. Mine seems VERY faint. I got the gray/white. It is very soft, I'm just disappointed in what it looks like.",[],B074PMF7RD,B089LG6FVJ,AEBBHVP5DODUODH4Z36NLXCJZSPA,1601401175639,0,True
5.0,I love these place mats!,I love them so much I got the matching runner! They go perfect with my boho decor,[],B094J4L5WJ,B0C68KD99D,AGPBQY6YBJ6JCLWV5MUHK7Q6BO4Q,1643943087883,0,True
3.0,"Meh- easy to clean, but not flexible enough to clean the inside of a bowl","This is an OK set, but I would not buy it again or recommend it to a friend. While they seem sturdy and are very easy to clean, there isn't enough flexibility to these tools to really clean the inside of a bowl- be it cookie dough, sourdough starter, bread/pizza dough, etc.",[],B07QRVP42K,B09MS53W9T,AF74ZBLTFAFFRB7BKTZ3VR4TFJMA,1589474748086,1,True
5.0,Lysol,Product awesome for sanitizing.,[],B074NHRZQX,B0C5F1C875,AFT4MQQOBZQVVRV254LL3EOGW7CA,1614169352273,0,True
5.0,Just what I was looking for!,This is just what I needed for my classroom. It came quickly and is as advertised.,[],B06X6GFPCB,B07SCGLSX8,AEKQGRM2ZHOFX2NFC3EROCXHJAOQ,1570148604913,0,True
2.0,Showed up Scratched and dented,"Top piece is scratched to hell already and a corner is already dented upon arrival. I expected cheap, but cheap and damaged I wasn't expecting. Super easy to put together, but all plastic and pressed cardboard. Fine for now in that room but mostly just future trash.",[],B00KCSHQTI,B0C5DXCM8F,AGDFAOJFWCPGD2VBEZRA4FOM4BXA,1644517026282,0,True
5.0,Perfectly wonderful,"This douve cover is absolutely wonderful, I just love the bold, jump off the bed roses and at such a great price. Ladies, if you only but yourself one thing make this it, you won't regret it at all",[],B014P7ZGZM,B014P7ZDOG,AEVR6ZKKY52KLVWZHTALS5RJHBAQ,1488450052000,4,True
5.0,It’s perfect,[[VIDEOID:4d5e0012e2a2bbbefc373e14e10bb0e1]] The color is beautiful and vibrant absolutely worth every penny I spent on it. I cooked some potatoes last night and it turned out very tasty. It’s pretty Big so it has a lot of space to make large meals. Very easy to use and it has a touchscreen. Definitely recommend this one if you’re looking for something simple and easy to use.,[],B08ZJDQC7W,B098Q1QHH2,AF5VAPCUUGHCTA7LUIKGCLAEDP4Q,1660783668985,5,True
5.0,Easy and cute,Just like it’s described,[],B08JGWQK86,B08JGWQK86,AEULKJD3DYKIB5R422RFSVJI2FLA,1656293912585,0,True
5.0,Christmas traditions,Kids loved them. These same kids had a fire at the house for the day after Christmas. So hopefully the memories before Christmas will be what they remember. Thanks,[],B076PYNN18,B076PYNN18,AFROFUELSGMRUARKBLF7ATJLQLHA,1579607349744,0,True
5.0,Good value!,Using to support a small flat screen above desk.  Works great!,[],B008OB228A,B008OB228A,AFR6P665XRNFISRW2A2UHX5PT47A,1482685872000,0,True
5.0,Even more beautiful in person!,"Arrived promptly, packaged beautifully, will buy again for another clients home!",[],B093WMLVWN,B093WPY79L,AE4FNDPCVFGR5UK64PQ2G7MCJF5A,1649332301512,0,True
2.0,"Good value for money, however, Amazon quality check failed.","Unfortunately, the product came with scuff marks and some wax residue (as in possibly used and returned). I was a bit disappointed over the Amazon quality control. It otherwise works as directed (so far) and is a good value for the money. If you had a choice, however, look for one with an automatic shut off; this one does not have that option (hence the lower value)",[],B00FL5V5N0,B00FL5V5N0,AGP5KHDKKPGZ5QJVBXG74ZHVF7PA,1548480923776,0,True
5.0,Dual function in kids room,Brightens up the room and also educational. The kids like to jump from letter to letter to spell words. The only negative is that it doesn't stay put - had to buy carpet tape to tack it down.,[],B0732BG4L2,B094L916TD,AFUJYM5MW7YC5VIICXRE3LZD3W6Q,1506914309254,1,True
3.0,Beautiful Flowers,The number of flowers in the bundle is not enough for the money! I was expecting more!,[],B011MYS97I,B011MYS97I,AFAP2L3PBTGE5KDLML3Y3IQWYT2Q,1646944498066,0,True
1.0,Cusinart should be ashamed!,"The worst can opener ever! Cheaply made. Blade after piercing can, will not stay down to cut. Totally frustrating experience. I bought the brand name and got a worthless device.",[],B001C2F5NW,B09XT95G8W,AFKZBALUVGIM3ENS5W7F3MKHSH6A,1679088280836,1,True
2.0,After a wash there’s lint,This blanket was good before wash but after first wash there’s lint,[],B076BJTHJK,B077KRZNT9,AGXIVC3KXPKCRM6K74IQE3LN735Q,1676824858639,0,True
5.0,Five Stars,good,[],B00R58FSSE,B00R58FSUC,AGBAB4KMOWF5G5NNWCDULY7V7T3Q,1429090585000,0,True
5.0,Perfect Tea Favors,Got these for a bridal tea shower party favor/thank you for guests. They're perfect and we're a hit.,[],B074T2FWJY,B09W5YZYQ9,AEJSNBQZR3XLZC3FGCU2C5T4NDLA,1659491974930,0,True
5.0,Great Purchase,I purchased these for holiday gifts.  I was so pleased with the quality of the fabric and the designs.,[],B07FVQ232Z,B07FVQ232Z,AHT3YAP4Y4MLE66T5RD6NIJUPMGA,1545246496082,0,True
5.0,Great find!,I love how this sign is interchangeable.  Storage is limited at the house and this is perfect.,[],B095HCF4F2,B09YV1QZHQ,AG5KT2I2QRUYHSYIGZ6BQNN3YFHA,1635381188068,0,True
1.0,These are horrible! The sheets slip out constantly so I ended ...,These are horrible!  The sheets slip out constantly so I ended up throwing them away.  Stick with the grippers that have the alligator clips - much better.,[],B005VL1NXG,B005VL1NXG,AGLYJLIG7DH72SGZPO5LT23FLMOQ,1418069210000,0,True
3.0,Broken on arrival,"Just received containers so can not comment yet on air tightness or durability.  One kid was broken on arrival and containers were quite difficult to take apart.  They are also not as clear as expected.  They will do the job I suspect, but I am disappointed that they are not exactly what I hoped for.","[{'attachment_type': 'IMAGE', 'large_image_url': 'https://m.media-amazon.com/images/I/812oNrpBMzL._SL1600_.jpg', 'medium_image_url': 'https://m.media-amazon.com/images/I/812oNrpBMzL._SL800_.jpg', 'small_image_url': 'https://m.media-amazon.com/images/I/812oNrpBMzL._SL256_.jpg'}]",B089W8TBRS,B08QV9QRP8,AFKGAJPFN2TO64SRS4ULPLGZDPRQ,1674135125733,2,True
5.0,Better than I expected,"This vac does a surprisingly good job at cleaning carpet. I am amazed how much dirt is in the hopper when ran over a clean looking carpet.  You must make sure that there are no big objects on the floor like butterfly clips as it will choke on them. It also may get hung up on door mats. Just make sure these are taken up and let it do it's thing. It does best when there isn't too much furniture in the room. Runs for about an hour and shuts itself off.  Fairly quiet, great for putting in a room, shutting the door and let it run. I would buy again.",[],B07F8ZQDSZ,B07F8ZQDSZ,AEKZP67VFXOJQSHMIOW4ZF2AYWZQ,1579313108970,0,True
3.0,Good for price,"Mugs are a little thin, but still good For the price",[],B01LW30I5S,B01LW30I5S,AGCLNQZJII7WW3UUVY3KJ73G2GHA,1574399753805,0,True
4.0,A liter is way smaller than i thought. I would have bought a 2 liter because it is so small.,"Other than the size, the little water cooker is good for a couple cups of coffee. It heats fine, and is small and compact, easy for travel. I would have preferred one for heating water up quickly for spaghetti or boiled water for disinfecting silverware. anyway, its a cute little water cooker. It will get the morning ritual of making coffee, done.<br />TraciMoon.com",[],B072DWYBL7,B0C3GTYZSK,AHARFJELKY6PRNZHJIBRAVDEXAJQ,1609268509381,0,True
3.0,Its Good,I like it. Not as easy as I thought. I have thin hair my sister has thick and you still end up seeing the accessory. And the hair tie thing is kind odd. And it broke the 3rd time I used it.,[],B00B5ELP1I,B00B5ELP1I,AE4PCCFZGBF5E5YQ7LQLENNQF3KA,1361797363000,2,True
5.0,Best peeler ever!,My mother always had this type of peeler and for years I have tried so many different ones only to always be disappointed.  Not with this one!  Works like a charm.,[],B00176JEY4,B0BCB15QC8,AGVM6K4XAG4D64MXTRPSIJS7SFWQ,1562010839511,0,True
3.0,Doesn’t fit new stainless steel instant pot,"I bought a second instant pot stainless steel inner pot and a instant pot silicon lid, so I could put my leftovers straight into the fridge. Unfortunately, the lid did not fit on this new stainless steel pot. The lid fits on my original stainless steel pot and the enameled Instant Pot. It works great for the pots that it fits and it’s a breeze to wash.<br /><br />The instant pot that I have was made in 2016. They apparently redesigned the stainless steel pot without redesigning their other pot or accessories. Weird, and not a very business savvy thing to do.",[],B071JST5RY,B06WGWRPV5,AHVERV4FY3WOZA6Y2MCE24XXEL6Q,1599252128257,0,True
5.0,Love these cups,I usually by the disposal cups from Costco but they take so much room. That why I bought these reusable.,[],B01912LI5S,B01912LI5S,AEKKV6CCM4LPAQAFUG7TZLLOIB4Q,1570898701567,0,True
2.0,Love it but arrived damaged,Arrived damaged. The glass wasn't glued on all the way.,[],B07GGPY2V7,B0BYZGTYSV,AFCEB3CQIRSINHWQIWGT3TQLY3OQ,1549728869019,0,True
5.0,Five Stars,great bin...,[],B00VF3G5ZK,B0C6VCTLT4,AHOMEIYDEJX53D65FQNEB6G45KBA,1522079856151,0,True
5.0,Meets needs,Hard to keep in shower Blows out,[],B0882YSTVL,B0BXJ3WR3T,AESDXDHRP7HQ4BF65GFFNWNUZT5A,1664978020985,0,True
5.0,Great value for the price.,"Smelled, but put outside overnight, n it was fine next morning.",[],B088TS47SM,B088TS47SM,AGN42J2PYBIWQFNETIF6ZIDZC5QA,1625162608208,0,True
1.0,Not good,"Appears to work well on initial suction process, but food is always encased with air when thawing. A lot of air. Too late to return it, terrible.",[],B08F72TY67,B0C3ZCH82L,AF2WZDQQWKAEYIRHTZ7DNSMUBAGQ,1633291097663,1,True
5.0,Good quality for the price,Very easy set up and feels solid.,[],B074VCTR7K,B077RSQLSW,AGAPBVAYG25NJBAY7IR6TJDKJ7JA,1548085913885,0,True
2.0,Wish I could say good things...,"My mother is Christian and my father is Jewish but they both celebrate Christmas. I wish I could say good things about this cool interfaith star but it has three fatal flaws:<br /><br />1. The metal is thin enough that it is easily bent. Indeed, one of the corners of the Star was slightly bent upon arrival but was easily bent back into shape.<br /><br />2. The Star is heavy enough that is is VERY difficult to get it to balance on the top of the tree. It kept leaning forward and then would eventually slide off its perch and fall. This happened enough times that we took it off before Christmas day so someone didn't get impaled by a falling Star of David as they opened their presents.<br /><br />3. The Star rests on the tree via a coil/cone that is on the BACK (not the bottom) of the star. This is why it kept leaning forward and falling off--the weight is imbalanced. It also this means that the tree only looks good if viewed directly from the front. Everyone who sees it from the side or back will have an unsightly view of the 'hardware' on the back where the star attaches to the tree.<br /><br />Good idea in concept but flawed in its execution in several ways that were avoidable. Too bad.",[],B0060N2KX6,B0060N2KX6,AF5S6ALNBGJK7HRWPVL2DK2RTCOQ,1401294513000,0,True
5.0,Great product.,"Haven't used them yet, but they are really nice. I didn't realize when I ordered them that they were only pillow covers, not pillows. Will have to get pillow forms.",[],B07P41FCTP,B01HRRY7Q6,AFBZAPN56KIA5UXRT654R73PRGIQ,1571550930346,0,True
5.0,Beautiful. I enjoy the view.,"The Llama and Catci Design is beautiful.  The colors are bright and vibrant. I enjoy the design but also the amount of light through the curtains is great, I had a very dark curtain before these curtains. They allow light in but still offer privacy as well as brighten my kitchen. Thank you.","[{'attachment_type': 'IMAGE', 'large_image_url': 'https://m.media-amazon.com/images/I/71MUDUqUloL._SL1600_.jpg', 'medium_image_url': 'https://m.media-amazon.com/images/I/71MUDUqUloL._SL800_.jpg', 'small_image_url': 'https://m.media-amazon.com/images/I/71MUDUqUloL._SL256_.jpg'}, {'attachment_type': 'IMAGE', 'large_image_url': 'https://m.media-amazon.com/images/I/71SpnMDJqfL._SL1600_.jpg', 'medium_image_url': 'https://m.media-amazon.com/images/I/71SpnMDJqfL._SL800_.jpg', 'small_image_url': 'https://m.media-amazon.com/images/I/71SpnMDJqfL._SL256_.jpg'}, {'attachment_type': 'IMAGE', 'large_image_url': 'https://m.media-amazon.com/images/I/71qWXVyhpqL._SL1600_.jpg', 'medium_image_url': 'https://m.media-amazon.com/images/I/71qWXVyhpqL._SL800_.jpg', 'small_image_url': 'https://m.media-amazon.com/images/I/71qWXVyhpqL._SL256_.jpg'}]",B071XSS695,B0B18YXDFP,AFFOZTDZSOX572YAEMSCUTVGRDVA,1634420059545,1,True
5.0,Great alarm clock; love the minimalist design,This alarm clock is great both aesthetically and functionally. The controls are intuitive. Alarms are easy to set and turn off. Brightness and volume are simple to adjust. It works well and I love the minimalist design.,[],B07RKTVQDR,B082YNVNGT,AEBDHRDHGJKL3TEOZRTYPU7NRIJQ,1678540005746,0,True
5.0,I'm very pleased with the quality and now know where I can ...,"I've been shearching for these wall signs for a long time, I'm very pleased with the quality and now know where I can purchase additional pieces. It arrived well packaged and on time.",[],B004NFRWXQ,B004NFRWXQ,AF6ITB3MBATYA5HVVINNLLV26WWQ,1420227450000,0,True
5.0,Nice,Beautiful,"[{'attachment_type': 'IMAGE', 'large_image_url': 'https://images-na.ssl-images-amazon.com/images/I/710Qi3f2mLL.jpg', 'medium_image_url': 'https://images-na.ssl-images-amazon.com/images/I/710Qi3f2mLL._SL800_.jpg', 'small_image_url': 'https://images-na.ssl-images-amazon.com/images/I/710Qi3f2mLL._SL256_.jpg'}]",B01MYB45V8,B09V8XS6YT,AHUIK6HI2PKHWMKQJM2WJAZMQKTA,1576660055770,0,True
5.0,My mom loves it,Great and works like a charm,[],B00AZEZ50Q,B06XDQHTN5,AGHAUVGIWV3ZOO3MCVW3XT367IVA,1645884736842,0,True
1.0,No suction,I bought this one to replace one that had to screw to the counter I wanted one that would have suction. Well it took me about a half an hour to peel five apples because I had to keep adjusting the thing and sucking it to the counter sucking it to the counter. This thing is going back. I'm not the first one to say bad things about the suction part.,[],B09MLZRN3C,B09MLZRN3C,AFYSK6GQWMZWV6FJK3XSLF3MZF3A,1681095613481,0,True
3.0,Not good for soap making,Lasted 2 months. Not good for soap making.,[],B018ELIYA4,B0BSY9YS5C,AFDAKW2VAESYMBTDSJIYYSKZPCGA,1624877412238,1,True
5.0,Awesome,Loved it,[],B07L1MGTWD,B07L1MGTWD,AHQOKVAYJC53HDE43AEYANOA652A,1576608206221,0,True
5.0,Great canister set,"Just a great size and love the shape and color. Goes perfect with my mixer, can opener etc. Design is great also.",[],B000NTZKOY,B000REHZLQ,AHOOPCHHVKYJ4T2LG4NQ4RNOOREQ,1377563744000,0,True
5.0,Beautiful,"Beautiful tree star. I wasn’t expecting it to be glittery, but it isn’t bad, I didn’t want a glittery mess. Looks great on our tree!  You just need to make sure you have enough bulk at the top of the tree for it to be on sturdy.",[],B00CAJFIHO,B00CAJFIHO,AGBJHE74FYXWCOMBVZT37DRILE6A,1607025196864,1,True
5.0,Perfect!  Looks great in modern office area; most importantly it is  a comfortable chair!,Office chair in our home office,[],B06XG4L63W,B06Y22B5T6,AFJTY54PEIGFV3GCWHNSVRQQ2PEQ,1615772508225,0,True
5.0,I received the right part,Like Amazon ..  use it on vacuum,[],B0BTVSDTBX,B0BX73Y96J,AGFVUKRJ7LODAEZSCOSXXJXH5NIQ,1684973137135,0,True
1.0,No legs,I did not receive any legs or hardware,[],B07DB45MPS,B07CPSDFKH,AG7724WYEYTQZZUX2H25H26VIWYA,1666625660410,0,True
3.0,Seems a little flimsy.,I have just started to fill the container but right now they don't seem very sturdy.,[],B0B5KZQNTJ,B0BTBQZDXT,AHCFZDETEHQ2IWDQGG6AHNESJG2A,1673145576364,1,True
5.0,👍🏻,Worked perfectly,[],B07JKBSMMT,B07JKY24DJ,AHDLR5I6GLA5627Y255M3T7PP6XQ,1626026621201,0,True
5.0,Great carpet tape,They go on easily stick great hold a heavy carpet in place great value for the money,[],B09BDNJQC7,B09BDNJQC7,AFMZBLVFKAT2K7WKLKVOYEUNKNJA,1649443303532,1,True
3.0,Not what I expected. Very lightweight and has a rough surface.,Too lightweight. Rough surface.,[],B002RL83FO,B002RL83FO,AHOQ5MINOS2LMMZ4L3QMHTNVRGLQ,1637631775384,0,True
5.0,Soft Cozy Covers,These covers are great!  They really helped add warmth and coziness to my living room!  Ordered duck egg and was pleased the color is as pictured.  They washed up great and the zipper seems durable this far. Used 16’ cover for 18’ inserts and they fit perfectly.  The pillows are fluffy and the covers are extra soft!,[],B07Q79GSD2,B06X6LDMYR,AFKABOXWGMT4YKQVZZMYMEHTYKYQ,1601647886304,0,True
5.0,Surprisingly easy,"After many years of cooking, and even compiling my own illustrated cookbook, I wasn't interested when my husband wanted to get one for me.  However, it's easy and fast and a breeze to clean.  On the down side, I have to learn cooking times for myself; none of the air fryer cookbooks I bought agree on temperatures or times.  It's also loud since our house features a 'great room' where the kitchen, living room and dining room share the same space.  The fryer is right behind where we sit to watch TV.",[],B07FF117K7,B0BV1YW9Q9,AGSMC5DAQENQY5AAVQVK5YGITM4Q,1602252102512,0,True
1.0,Pretty oil burners but they don't heat up enough....disappointed,"They look very pretty, well priced, and arrived without any damage BUT they do not work. Tried two of them and they do not heat up the water/oil and therefore no fragrance. I see some previous reviewers mentioned that the oil burned too quickly. The opposite for me. It did not heat up at all, even after I put two tealight candles on top of each other to raise the fire closer to the liquid. Maybe they changed the design or the porcelain. Disappointed.",[],B000MBMFIM,B000MBMFIM,AGLSBCPRIUDHSEXEIZCZMWNZSU7A,1494502105000,1,True
5.0,Love these baby cheesecakes,Great price and received it quickly.just in time for the party. These baby cheesecakes are a hit!,[],B01EFN91VQ,B07JHJ2YFQ,AHBCUK2FU5TNT5IPLB4PATJVEWHA,1483880872000,1,True
5.0,stunning,Its beautiful  its nicer in person. Very happy,[],B07WW2BXX5,B07WRSV6FV,AGRX4BRLRZSPOXUOYPPA2DN46WGQ,1592258041774,0,True
5.0,Five Stars,Simply awesome.,[],B01BLDDPZG,B09MQ3FCML,AGB7OMZXBBYAAKQJYAQVFF7L5GRA,1478229858000,0,True
5.0,Great Draft Stopper,I utilized the MAXTID Door Draft Stopper to replace an existing double draft stopper that had ceased to work with my laundry room door.  The product is easy to install and effectively blocks the draft of the one inch gap between the floor/door and does not hinder the use of the door.,[],B07MQK3QFC,B07XMRRTWH,AFO6GM37KTUTEUJXOB67AJZTOUGQ,1562623997016,0,True
2.0,Capacity is too small,"At the angle necessary to drain the tank, the capacity is just enough to empty the A/C tank. My first attempt at use ended with a puddle on the floor. It should be a little bigger. Also, it should come with the A/C, free.",[],B00VT8NI4M,B00VT8NI4M,AEWAFXQHEGVQRFHUKQCN4CXE7HAA,1540729666886,16,True
5.0,Well made!,Perfect hangers for my pants and skirts!,[],B06W2LWD4F,B06W2LWD4F,AEWYZLIVDRPJV37LLOT7CEW3YDNQ,1503628330986,0,True
4.0,"A bit shiny, and delicate but look great.","These are the perfect touch to my living room updates. They’re bendable, so you can adjust how they’re displayed. My only issues with them:<br /><br />- They’re very delicate and shed. There are hair-like fibers on the stems that rub off. Also, the hairs on the dandelion ball are clumped together in sections. If you’re not careful, they’ll come off.<br />- I’m pretty sure they’re made of fine fishing wire, so they’re shiny in appearance","[{'attachment_type': 'IMAGE', 'large_image_url': 'https://m.media-amazon.com/images/I/81++mBl0IxL._SL1600_.jpg', 'medium_image_url': 'https://m.media-amazon.com/images/I/81++mBl0IxL._SL800_.jpg', 'small_image_url': 'https://m.media-amazon.com/images/I/81++mBl0IxL._SL256_.jpg'}, {'attachment_type': 'IMAGE', 'large_image_url': 'https://m.media-amazon.com/images/I/81-DaEHXgZL._SL1600_.jpg', 'medium_image_url': 'https://m.media-amazon.com/images/I/81-DaEHXgZL._SL800_.jpg', 'small_image_url': 'https://m.media-amazon.com/images/I/81-DaEHXgZL._SL256_.jpg'}, {'attachment_type': 'IMAGE', 'large_image_url': 'https://m.media-amazon.com/images/I/81s072erXtL._SL1600_.jpg', 'medium_image_url': 'https://m.media-amazon.com/images/I/81s072erXtL._SL800_.jpg', 'small_image_url': 'https://m.media-amazon.com/images/I/81s072erXtL._SL256_.jpg'}]",B08F1ND556,B0BBL8LDML,AFKDCF76GZV4CY7JXB4EFRBJUGBA,1660581030328,0,True
5.0,Great banners!,Very good quality! They looked great. Very pleased with this product!!,[],B08P6L2BVN,B09X5V7XL9,AELDOBWZXA6XAC4GAREJENISCXZA,1656032335166,0,True
5.0,Cloud pillows!,"These pillows are amazing! It’s like sleeping on a cloud, they’re so fluffy and squishy. Definitely recommend. Not too soft, not too firm.",[],B085TFXZNY,B085TFXZNY,AHWTZ6JGT3JXLXBSUN4K6QI7MAQA,1590078417294,18,True
1.0,Too small,"I bought 2 of the 52x54 curtains for my kids rooms with 48x48 windows and the my husband took months to get the curtain rod up so now it’s past the return window otherwise I would’ve returned them. These were not the right size, I had to use 2 for 1 window. One curtain measures 44” and the other is 46 wide. Very disappointed since these were expensive. Walmart has higher quality the right size for less than half the price.","[{'attachment_type': 'IMAGE', 'large_image_url': 'https://m.media-amazon.com/images/I/71Y4SHeXbJL._SL1600_.jpg', 'medium_image_url': 'https://m.media-amazon.com/images/I/71Y4SHeXbJL._SL800_.jpg', 'small_image_url': 'https://m.media-amazon.com/images/I/71Y4SHeXbJL._SL256_.jpg'}]",B08C2RT23W,B07ZQ81ZZT,AGEWOI4GT7PA4FYES4Z7NQ2YQVLA,1646918312903,1,True
5.0,Love it,This mad my husband and son very proud of me. Lol know they can find everything,[],B01D58DRVC,B01N4MMAB0,AFTVQPWY5WSQEOUVBPV72KQO2QTQ,1637313325257,0,True
5.0,Cooked each individually and they came out perfect.,"Cooked and entire meal the other day.  Beef ribs, whole potatoes and corn on the cob. Cooked each individually and they came out perfect.",[],B00JZKTF98,B06WP59KWS,AH5IKEUUX42O5MXEIVWOEBFZUFYQ,1438667186000,7,True
5.0,Body Butters,I used this to make body butters/ bath bombs for my business . So far it works well !,[],B08JSVX9GT,B08JSVX9GT,AHMHEZFDNP53WQ7O7RW6A3DYOVVQ,1642223390101,0,True
5.0,Serves purpose,Not very high quality plastic but Served the purpose.,[],B00QNUCRW0,B09R8FMYL3,AGLOMSMKPQR463WRJEHQD5YYGKPA,1568540653267,0,True
5.0,Works great for iced coffee!,"Making iced coffee is a breeze with this, highly recommend!",[],B07C36HVWK,B0BTT36RYF,AE4HYRT6F7VOX7UTPGAMOIXP5GYQ,1581790174174,0,True
5.0,I can't believe they're plastic disposable spoons,"True, they're plastic. But they look so sleek and elegant, you'd never guess without picking one up. This is a very attractive tiny spoon. It is ideally sized for using with &#34;small bites&#34; appetizers and desserts. I actually prefer to use these over the steel spoons that come with the purchase of mini serving ware by Libbey. Those spoons are steel, but a bit oversized, in my opinon, for the small dishes they accompany. Plus, they are of a very plain style. These spoons are the right size and look much nicer. I would absolutely recommend them for anyone who needs a quantity of small spoons.",[],B0037XOUMG,B0037XOUMG,AEP4AFYJMWHLJK6PQZJS45MCZ7EQ,1397664635000,0,True
5.0,"Measure twice, cut once",I used this for windows. It really looks great when the sun shines through it.,[],B07Q3ZJ4GK,B07Q31WSY5,AFW2ZMY3ZRPRY2Q2RWWV2DXNQDAQ,1567379399894,0,True
5.0,It was easy to assemble,I really like these because they’re big enough for all kinds of shoes and boots and It was easy to assemble,[],B09N3HP3C8,B09N3HP3C8,AHHLP52ZJWLT363GKPMA2KMTANYQ,1653937526304,1,True
5.0,Very easy to use,I bought this stool as I am very short and can't even reach the second shelf of my kitchen cabinets.  It is so light that I can carry it around the house to use wherever I need it.  It is very sturdy and I feel safe while standing on it.,[],B07B9RZ4W9,B07B9TWYRC,AHVKFRIDXCMFTPJ3XO6ZH4QY73AA,1554934383804,0,True
5.0,Dishwasher Must,"If you are a dishwasher, and you like to go home dry after a hard day, or nights work, this is it! My boss even reimbursed me for the cost, but even if he hadn't, I still would have got it. Just remember to take it home, everyone will want to use it.",[],B005CZBFKW,B0BY3XRTTD,AFXWLXNN376OTPVADSBWK6VU3UYA,1432390153000,3,True
1.0,Not worth for Money,With in few usage it was not working.. it is not holding breads,[],B00CXMO02W,B07JP5WV2B,AFXTDGDVFRQYP23HYKR7CHNDUANA,1587940232233,0,True
2.0,Poor quality for price,"For the amount of money this cost, plus shipping, I could have bought a very nice big print at a store. The frame is thin and poor quality. The canvas was poorly stabled to the frame. The canvas is not tight on the frame and has ripples in it. I love this picture and am so sad that the quality is as poor as it is.",[],B0824P2PTZ,B0824P9K9G,AFJNDKPLBLA5SXNRW3KLJ6C7PAJA,1649212492547,0,True
5.0,Perfect size,Love these ! The perfect height to fill the space I needed to fill. They add a nice color to the room as well,"[{'attachment_type': 'IMAGE', 'large_image_url': 'https://images-na.ssl-images-amazon.com/images/I/71rVjfNu4VL.jpg', 'medium_image_url': 'https://images-na.ssl-images-amazon.com/images/I/71rVjfNu4VL._SL800_.jpg', 'small_image_url': 'https://images-na.ssl-images-amazon.com/images/I/71rVjfNu4VL._SL256_.jpg'}]",B07V1MG6CS,B07V1MG6CS,AHPY3ZGLOW4JR5N6IRWXK2D5UUYA,1580949173955,4,True
5.0,Absolutely recommend,Amazingly bright and flexible. Easy to connect multiple strands,[],B07TRM8X1B,B07TRM8X1B,AFUDXNT2XL2MWYOW7SN6BB7NHG6Q,1575482451128,0,True
5.0,Lasts all night or all day.,So awesome when we use the fireplace it makes my sensitive nose so much more comfortable! Couldn’t do a winter without it. But I do use bottled water because tap water has minerals,[],B013IJPTFK,B0BGVWR323,AH6XUXREAFK2HINVD4QH4IIFWICQ,1613866274046,0,True
5.0,Great for city living,Perfect balcony ambiance!,[],B00EOHF1WM,B00EOHF1WM,AH7BPPDVPOU3ZM3EN3LVZDAUHCXA,1446759368000,0,True
4.0,Great alternative to plastic bins,"Great for moving clothes or other light items and not wanting to have to buy plastic bins. Some of them did tear with heavier items, but they accomplished what we needed them for.",[],B07HM6FTVC,B0C2NQW78Z,AGLBUQT3V3Z6OIMKVYBSYVZWTNPA,1565210158345,3,True
5.0,Great,Excellent product and service,[],B0006V2XBW,B0006V2XBW,AHYYDKGLQWLVL5IRVZVEC7NN3FQA,1495377854000,0,True
5.0,Excellent product,Very strong. Very convenient.,[],B07V5GKD57,B07V5GKD57,AGZLJO2RGRDGAQ23RDMQB4DR7FMA,1583276171209,0,True
5.0,chinchilla loves it,Chinchilla loves it.,[],B07GSWZ773,B07GSWZ773,AEBYNJ3UTG7YQ3XA2IGY35SJYRPQ,1561061687151,0,True
5.0,... have had this for over 3 years and just love it. It isn't a full power,"I have had this for over 3 years and just love it.  It isn't a full power, full sized iron but it is perfect for what I use it for - quilting.  I keep it next to my machine and press seams as I sew them so I don't have to get up and walk across the room to the big iron (that is now cold and needs to reheat thanks to that annoying safety feature, auto turn off.)  I also prefer it to my small craft iron for turning the edges on my freeze paper appliqué.  I have used the steam function, just not often.  It is my belief that all irons eventually leak anymore so I just don't put water in them most of the time to avoid that issue.  Now I just need to order a 2nd one of these for the day that this one dies as all irons eventually do.",[],B0057UMYAW,B0BLVKZ9ZR,AEO6BQVHNFWM5XAJCXSGZ55AQAUQ,1526892084852,3,True
3.0,Does not whistle!!!,Cute kettle...Disappointed...doesn't whistle!,[],B07DFF5WPQ,B07DFF5WPQ,AEB4DEOMFT4KA3JYUHCJXUL3QSUQ,1610934201780,0,True
5.0,BEAUTIFUL QUALITY PICTURE!!,BEAUTIFUL QUALITY PICTURE!!,[],B08LNHGKL1,B08LNHGKL1,AESP4S6H7JGLX234DZJ5ZV42WGZQ,1650893278015,0,True
5.0,does just what I want it to do.,works wonderfully. perfect size.,[],B074MX8VN5,B077P7GM7Z,AHYFENQSQXJFMIFO3AZLYNY4AHWQ,1611520564693,0,True
5.0,They were easy to hang and very well-made,Purchased to hang a couple canvases. They were easy to hang and very well-made. I am happy with this purchase.,[],B00488B2S4,B0BZWNGYK4,AEC5TA5B2FVA7EP6FWBALZTMVILQ,1516924874432,0,True
5.0,I love it!,No simple complaints at all!,[],B06XVNGHXH,B08YDYPSFM,AHJAUC3OG2EERQJPPFGWUC2YVCLA,1577649430987,0,True
5.0,... a gift to my mother in law and she loved it. It was beautiful,I gave this as a gift to my mother in law and she loved it. It was beautiful!,[],B003M0LSNI,B003M0LSNI,AE4QX7C4APQ74AOTSUIFPP5H4WQQ,1420414696000,0,True
5.0,Excelente,Loved it works perfectly,[],B07T9ZCF8Y,B0C4Q9F8XP,AGBAFKZSITWGSSKDTPTNMQL7QDAQ,1618094338441,0,True
5.0,It is nice,My son love it,[],B0868V76CR,B07PLMNX5M,AGYNKPISA2FNNEWDRL6LMIMMCJ6Q,1647554812644,0,True
5.0,Great Buy,"Purchased for baby’s room! Very quiet, doubles as a night light and totally serves it purpose! Great price, Arrived quickly and easy to assemble and clean.",[],B08591YCSH,B08591YCSH,AHO5ZJ5RC3FJD3QKPUJGK36XJTJQ,1589391296812,0,True
4.0,Four Stars,Ok.,[],B004O07LRC,B00ENA46UI,AG4P6AJ3JYPPPN4QX7TVXJRMQUGQ,1491090239000,0,True
5.0,Perfect,Great,[],B07YNXBXNS,B0CBHYQMY7,AHGXYENA5HLCJCDI2NXPKHSE5BPA,1603591565875,0,True
5.0,Very handy!,Very handy and a good size for travel. I have had no problems with mine.,[],B00GE9GPO6,B00GE9GPO6,AFVYB53BOBTY2MBNVGFAYIUEHYTA,1422983387000,7,True
3.0,Drawers don't work,"We had ours professionally assembled. Bed works fine as a bed, but if you're buying it because there are drawers, don't bother. As a lot of others have said, the drawers will not close properly if you open them. You can use brute strength to slam them shut, but it takes a ton of effort.",[],B08XBFH11B,B08XBFH11B,AGK7ETKE43AZBPB66JJOTBDAWVDQ,1635807771680,3,True
2.0,Sad,"This product after several accurate uses...is now not working properly. The temp. showing is not accurate, when comparing to a meat thermometer.",[],B014DAVHSQ,B014DAVHSQ,AGT2HOM4QOHMFHDY2Z242W4VDYXQ,1556995325230,0,True
4.0,easy peasy,"Well I knew it would not be as sturdy as one made with iron pipes, It does seem to be a little on the flimsy side but sturdy enough for what I intend to use it for..  I only need it to be able to carry about 25lbs of clothes at a time  \and it will do that.",[],B085MWCP3W,B09CSYH6CK,AGLUTTZ4AJDIQGOWZGDSQPYWHYWA,1624589280618,1,True
1.0,Didn’t even turn on,First time use and it wouldn’t even turn on,[],B09DC6BXJK,B09DC6BXJK,AFTTC7L25DBMMNJJ7JADY5QN7HXQ,1656625312157,0,True
5.0,Works great.,Nice heater.,[],B004VVJANC,B09Q4BFS8D,AGGZUC6GLF2SWNANI7V444IYZVSQ,1572426164062,0,True
5.0,Its just what i was looking for.,Its the right size for my 6 year grandson. He loves it . The price was worth it,[],B00ODSYD4Y,B00ODSYD4Y,AEXE4CQA3JNKITMJ4N6YH7OJTNDA,1482788655000,0,True
5.0,Diabetic control,It helps control my portions,[],B00TSQOP8U,B07R988RYK,AFYRF5UIAF7W5MTZR2VKBCEQ4XGQ,1633258761643,0,True
5.0,My grand daughter loves it!,Excellent for making cookies,[],B06XNQNN99,B06XNN3F91,AF5TFQAYSYCWT6O2Q7ZZ3C5DLHTA,1616436500990,0,True
3.0,Not what I thought it would be.,"It’s just a little too big and too full to fit in the nape of my neck, which is what I thought it would do when I bought it.  One of these days when I have time, I’m going to empty some of the hulls out of it. Also it does not come with a washable case, unless you want to empty all the hulls out before you wash it. So I’m going to have to buy the zippered outer cover, which is an added expense.  The materials are good, however, and it is made well.",[],B073WKC48D,B0BJL5SPB4,AGSCCEHUI74D2DNMW62J34FA5NCA,1576454833917,1,True
3.0,"It works, but does not feel like high quality","I read all the reviews and knew that it was poor quality when I bought it.  It does work as advertised, but I'm always worried about overspinning it.",[],B00004W4UT,B00004W4UT,AHA7GJTO5TG55OKJVUGT2W6ZKH2Q,1361371775000,0,True
5.0,Beautiful gift for an aspiring nurse!,"This beautiful blanket is the perfect gift for my nurse-to-be granddaughter.  It arrived so quickly and was everything I hoped it would be - inspiring pictures and captions, soft and cozy.  I can't wait to see her open it on her birthday!  Thanks for fast service and a beautiful gift at a great price!",[],B09KNPRDW4,B0C4YM6VZL,AG42ZCHYMA7QEBL64OHK6DEATH3Q,1669254173829,0,True
4.0,fun!,"I just this inside Birthday cards I sent in the mail!  Most love it, a few...not so much!",[],B00YD4KJSM,B00YD4KJSM,AEDP5NESTGPQ6HIPEAKSXPMDS3MA,1451069459000,0,True
5.0,Great Compost Bin for Countertop,"Wanted a fairly small countertop compost bin for vegetable scraps.  Bought this one, not only because OXO has such high rating on their other kitchen products, but because it was the right size.  I bought compostable bag liners also - perfect fit!  The bin holds a good amount of scraps, and doesn't allow smell to escape.  Nice, sleek design.  Washes up very well; doesn't hold onto orders.  Has a sturdy handle for carrying out the entire container to the green eco recycle can, if desired.  Everything I wanted in a countertop compost bin.  Highly recommend.",[],B07ZDRTFYN,B07ZDRX791,AFJ3HHTDXCVYGCN2E2YZWQMXRACA,1650217867798,0,True
4.0,A little more care in shipping is needed.,Box when arrived was broken and part of the chair was sticking through the box. The telescoping plastic that covers the hydraulic cylinder was broken. The chair is very durable and functions well.,[],B00CMQCQ9S,B076H1ST98,AFDP6B6VUN2JY3DOTAIABYUPFE7A,1434565154000,0,True
3.0,Okay.,"Okay if you want to spin out lettuce for a small salad. Still, it didn't seem to get the lettuce leaves nearly as dry as the spinner I had before, but it will do in a pinch.",[],B001GAQKMU,B0B5HKTMCG,AFUVHTJSLRDYPLKJJASR4GTERCMQ,1587344586674,0,True
4.0,Bueno,Exelente,[],B01MYXVUST,B01MQU5GGN,AHAZBOCVYCGF4PPALSYYPE5TUR7Q,1557960509843,0,True
5.0,Bring the natural smell of the Rockies to your home,"Now that I've used most of the incense, I felt compelled to leave a review due to the high quality of the product. The small does remind me of pinon from the Rockies. It is not overpowering but instead compliments the room with a great natural aroma.<br /><br />The packaging itself is quite nice and the company donates proceeds to several great organizations (see pictures for the list). My one knock is that there could be more incense but overall a great product. Would order again.","[{'attachment_type': 'IMAGE', 'large_image_url': 'https://images-na.ssl-images-amazon.com/images/I/61Dw4iOUuzL.jpg', 'medium_image_url': 'https://images-na.ssl-images-amazon.com/images/I/61Dw4iOUuzL._SL800_.jpg', 'small_image_url': 'https://images-na.ssl-images-amazon.com/images/I/61Dw4iOUuzL._SL256_.jpg'}, {'attachment_type': 'IMAGE', 'large_image_url': 'https://images-na.ssl-images-amazon.com/images/I/717l48lKDzL.jpg', 'medium_image_url': 'https://images-na.ssl-images-amazon.com/images/I/717l48lKDzL._SL800_.jpg', 'small_image_url': 'https://images-na.ssl-images-amazon.com/images/I/717l48lKDzL._SL256_.jpg'}]",B07L1BN4RR,B07L1BN4RR,AGHIWSSNEXGDJCSHXS7BNPJSXEGA,1560025499799,0,True
5.0,A new life for my IRobot,I was up and running immediately upon putting in the new battery.  Wonderful!!!,[],B07L46W8KB,B07L46W8KB,AHPGSLI3JCY64MRK4G36PFSMB4KA,1577731633414,0,True
1.0,Used lights for less than month - broken,Waste of money- lights broke in less than a month of using.  The lights wouldn’t turn off by remote or manually- threw in the trash.,[],B01KNK1QUE,B09SKV3W4H,AG6ID5NXPL4B7CNKWYHLUCM5QC7A,1623454504097,1,True
5.0,Get it! It’s worth it! No more struggling!,"When my dad found out I bought a 12’ Christmas tree he was dreading the horrible balancing act we usually do with smaller trees. When I tell you this thing was up in less than 5min I am not exaggerating! We had to make an adjustment here & there but this is by far the best stand we have ever had as a family! It’s heavy (in a good way), build extremely well, has a water level indicator, & this crank foot grip action: simply the best! I told everyone I know they need one!",[],B000XRQUSQ,B079GVJ6L1,AH7IVQMPNELMETIPQX5ODEWOUL7Q,1580169392653,0,True
5.0,Terrific Kitchen Gadget,These are relatively inexpensive but they work like a charm.  I can't tell you how many chopped vegetables have ended up on my floor as I tried to scrape them into my pot from my cutting board. This solves the problem. I've given them as hostess gifts and to my family and friends and they love it. Makes a good stocking stuffer.,[],B006GDRKQC,B074LQFVM2,AER2OCSIM4ENRRMHFPSH6CRSKV4Q,1418394360000,0,True
5.0,Perfect for small space,Perfect for small area. Easy to put together. Seems durable enough but time will tell,[],B07F11LTS8,B07QXPYG3Y,AHBMGY55K7UE5PR4X4ZFA4JSQTAA,1550344094748,0,True
5.0,Love this shower curtain,This is a beautiful shower curtain.  I absolutely love it.,[],B0978XRG2C,B0978XRG2C,AEIYXE2MTC5FVZBEWXK7BUDU7OWA,1648926585147,0,True
5.0,perfect,I’ve used  these for over six months now and love  them!,[],B01K6VRJWE,B01K6VRICU,AGMZJQDKJVAFQMHPXZQTU2UOIP3Q,1537316806327,0,True
5.0,Electric can opener,It works perfectly.  Opens all sorts of cans.  Recommended for opening tall or heavy cans.<br />Also has a knife sharpener and a bottle opener.,[],B00030J1U2,B00030J1U2,AFQUKMBSHSENN2N6AWNLFVZ5SVCA,1356553349000,0,True
2.0,Disapointed :(,"1 Led system wouldnt work.  Bottom drawers on both night stands do not align well and have to be manipulated to close correctly.  The instructions were perfect with QR code videos that would show some of the trickier parts, home run hear.",[],B08YK17542,B08YJVFT3L,AFOWT5VJFZN53I3MDQFHNH3O7A7Q,1666281613145,0,True
5.0,My best teapot ever!,Just make sure the removable lid a placed solidly in place. Now I always get that great whistle. Mine is a very nice Barcelona Red that accentuates my kitchen.,[],B07QDYVWT8,B07T89KG6F,AGB2BTX2X53BIFYOGFHKLWBUDWFQ,1648000075417,0,True
2.0,Flimsy,These are flimsy for the price.,[],B07MFM5BFZ,B07MFM5BFZ,AGBMXNKMK72CRQXTSUU6S7RWPRMQ,1595337630705,1,True
5.0,"very pretty, I am glad I got it","very pretty, I am glad I got it. the only thing is, it looks bigger in the picture so I hung it in other room",[],B013U69DX0,B06XFPWH6D,AHQE5Q77WEW5EEBMVNDQWKWTU5FQ,1472912736000,3,True
5.0,Extremely large plastic quality  container,"I  bought these for making bread; my recipe calls for a 6 quart container with a lid; this fits the bill.  They are made of a fairly thick grade of plastic, and seem well made and fairly thick (they don't bend that much under normal circumstances).  They are fairly transparent, so you can see what you have in the container, and the lid fits reasonably well (I wouldn't turn it upside down with liquid in it, although the liquid may not necessarily come out).  They wash up well, and for holding bread batter (or dough mixture), they are excellent.  I am not sure how tomato juice or some acidic liquids would react to the plastic, so that is something to consider (this is the one very big advantage of glass).  Finally, you can drop these on the floor, and unless  you are really unlucky, they will not crack (now, if the container has frozen stuff in it and it is frozen, all bets are off).  Also, although I would use this in the freezer, I would not use it in a microwave as some of the plastic might get into the food, especially liquids.",[],B002PMV77G,B002PMV780,AF6M3EZ5KMDTHOQDNDGMSK4APZXA,1385353365000,4,True
5.0,cute fun,"My teenage daughter has become obsessed with making cupcakes, especially to bring to school for her friends on their birthdays, so these were a perfect addition to her Easter Basket. She loved them.",[],B000PY5X30,B006WH76NO,AFWUKGIRLAXZQAIU56EFCJ47IEXA,1337831911000,0,True
4.0,After much research this is the wet vac I went with,I have only had the wet vac for a little over a week now and I would say I am liking it. It is nice that everything comes apart so it can be fully cleaned along with the sled cleaning function. I was also worried that I wouldnt be able to clean my whole top floor of my home on a full charge but it does work just fine.<br /><br />A few negatives- it is extremely loud when it commands stuff which is often. It says it's out of clean water when most of the time it doesn't seem to be. The other negative is that I have to run my Roomba or vacuum with something else before I use this wet vac because it will just blow dirt around if it gets near it. I have had to lift the vac up and put it on top of dirt so it picks it up and doesn't blow it to a corner or something. Seems counter productive.<br /><br />I do in general like this wet vac and I am impressed with how dirty the water seems to be every time so it is picking up dirt and debris.,[],B0BHWMKSQT,B0BHWMKSQT,AGXCANRUINCQWZUYTDSLQITL3YWQ,1679571445259,2,True
5.0,It's so quiet!,"I seriously can't believe how quiet this unit runs.  I've had humidifiers in the past that have kept me awake at night.  This one is quiet, sleek, and I love the fact that it has a separate tray for essential oils.  Great value!",[],B074MP9DK2,B0994K3LDF,AHEOUCM2VYQYTQL7BCNAS4APAANA,1547556159483,0,True
1.0,Not great,If you’re using for sugar cookies the seam is too tick and makes icing curl.,[],B07W14LC9P,B07W14LC9P,AGG44SMKZCWU5GCWB34LNTZLOB5Q,1652644249865,0,True
5.0,Nice rug,Nice rug. Exactly as advertised.,[],B07BG8N179,B09MXK9FWF,AFSPP5CKW4L5ZUVC767ZKJUXRBYA,1582169804534,0,True
5.0,Great product,Great product. Works as described.,[],B07NPBBB2F,B07NPBBB2F,AG76VW6OJ2MIHL7OZ5XYL2AG6JPA,1584755733305,0,True
5.0,Loved it.,Was exactly as described. Loved it.,[],B001PROIB4,B001PROIB4,AEIFHPBVNL6EKFIBNUNI4CI72WRQ,1440700923000,0,True
5.0,Good looking living room carpet or even in the dining room as it doesn't seem to stain.,"This is a pretty thick, well-made carpet. Spills, and pet 'stuff' clean up easily. I wash it by draping it over an extension ladder set horizontally between two chairs in the backyard and hose it off w/ a little scrubbing on that dried 'stuff'. Dry by sunset.",[],B00YNVYTQI,B0968Q8TWJ,AHDCIUT3SMLQUHRZ643J665RYDZA,1492671254000,2,True
5.0,Watch it It’s hot,Works better than expected. Doesn’t take up much space.,[],B01MTS22RG,B01MTS22RG,AF3HRMP2N54IDE6FSDY35LUBZ6FQ,1520558766517,0,True
5.0,Beautiful,Gave this to my Dad for Christmas. He loves it. Really big. He uses it as his comforter.,[],B08LW2ZHQV,B09PDW8RDP,AGQMHQ3LAONWL5ADXJPCWYK5FBFQ,1659261141060,0,True
5.0,I like it,"The top is open, I guess so you can add stuff as it works, but it does not have an actual closing lid and that surprised me. Very fast at making slushies! Like less than 10 mins. And a nice small size for a smaller family that won't eat a gallon of ice cream in a setting.  If we use it a lot, I may buy a second freezer bucket for it so we can make different flavored stuff quickly. Grandkids are the best.",[],B0041A3KPC,B0BKH6KQH9,AH7AYYEZWLJWXLLQRXL4EFDEOOQQ,1558981200846,0,True
5.0,Five Stars,These sheets are THE BEST?,[],B011F37XNM,B08XN764G8,AFLNQQUYYRQPA24EKCIQ5ZPAFT7A,1462815622000,0,True
5.0,Heavy glass,Love them!,[],B00030L81M,B00030L81M,AFUF35BHHYQ7EVBZ4ZACUTXEFJEQ,1449760004000,0,True
5.0,So much sturdier than I was expecting!,I haven't had these for super long so we'll see how they wear and last but they are so much sturdier than I was expecting! Very pleased so far. Lightweight but not bendy or flimsy at all.,[],B01G1CDRIC,B07CMF1HXS,AFZSARDHW3IOZ7VZ5DVNTA43LU4Q,1620852097665,0,True
5.0,Expensive quality at fraction of the cost!,"Very nice, love the chenille stripes, and the weighting at the bottom to hold it down.",[],B0BCVFQ54P,B0BM63CLVN,AEEQEH26KBEZMBICXCTPQV53K5VQ,1680155773302,2,True
5.0,Five Stars,excellent,[],B00GZZXFLA,B00GZZXFLA,AHAUWQCHPCNN5TGLO7CKSRKZJ4DQ,1424837832000,0,True
4.0,CAN’T BE 16 OZ,I love everything about this cup but description said 16 oz. I use my Keurig 12 oz button & it is filled almost to the top. Not much room for milk. I am keeping the cup but will use 10 oz setting. Still looking for a big enough cup 😐,[],B07QNHHY9D,B07QMK2KRF,AFQV3XNLT56XP72KWSNM3O25WY7Q,1636124947655,0,True
5.0,Sturdy & good looking,Great wine opener!  Sturdy & easy to use.  Very happy with this purchase!,[],B07QG7DJCH,B0BQFFDKB7,AF73D36NE75AUJJMGV4AC5TRJFFQ,1601603404096,0,True
4.0,Almost,"This bench/table is a work of brilliance-—in design, engineering, materials, and (almost) manufacturing. The assembly instructions, even with a magnifying glass? Not so much. The photos on the Amazon web page for the “SONGMICS 2-tier Shoe Bench Boot Organizing Rack Entryway Storage Shelf” (whew) make putting it together possible.<br /><br />I bought it not to use for shoes but as a side table for my TV recliner to hold everything from a lamp, phone, and laptop computer with case to a half dozen or so remote controls and a Family Size box of Cheez-It crackers. It has more than enough space for all my stuff and does the job with simple elegance.<br /><br />I gave the table a 4 star rating, but it actually gets another ½ or ¾ star. The ding is for one shelf nut and bolt combination that would not mesh, no matter what. I spent over an hour trying everything I could think of to make that nut and bolt pair merge. I took a break for dinner and tried some more. No deal. In the end, it looks like I stripped the threads on the end of the bolt, and maybe it can no longer get started properly in the nut. But it doesn’t really matter. The loose bolt does not show where I have the table placed and the table is plenty strong without it.<br /><br />I highly recommend this bench/table. Just don’t let it ruin your dinner.",[],B00NL9I3JC,B07GRRMXPV,AGPO6H3LZI5UOZHGT4Q2KO4J3ANQ,1472666143000,3,True
5.0,Assembled and beautiful,"Love it.  It came assembled and in beautiful condition.  Perfect size, smooth wood, comfortable to sit on.  Def recommend.","[{'attachment_type': 'IMAGE', 'large_image_url': 'https://images-na.ssl-images-amazon.com/images/I/714yYQcxyFL.jpg', 'medium_image_url': 'https://images-na.ssl-images-amazon.com/images/I/714yYQcxyFL._SL800_.jpg', 'small_image_url': 'https://images-na.ssl-images-amazon.com/images/I/714yYQcxyFL._SL256_.jpg'}, {'attachment_type': 'IMAGE', 'large_image_url': 'https://images-na.ssl-images-amazon.com/images/I/71HXHKhTnAL.jpg', 'medium_image_url': 'https://images-na.ssl-images-amazon.com/images/I/71HXHKhTnAL._SL800_.jpg', 'small_image_url': 'https://images-na.ssl-images-amazon.com/images/I/71HXHKhTnAL._SL256_.jpg'}, {'attachment_type': 'IMAGE', 'large_image_url': 'https://images-na.ssl-images-amazon.com/images/I/71mQ0IPtUYL.jpg', 'medium_image_url': 'https://images-na.ssl-images-amazon.com/images/I/71mQ0IPtUYL._SL800_.jpg', 'small_image_url': 'https://images-na.ssl-images-amazon.com/images/I/71mQ0IPtUYL._SL256_.jpg'}]",B01893GDUU,B01893GDUU,AEDCEK3JUCYQA6UDXMT4HTAOWP3A,1541044931839,1,True
5.0,Exactly what we needed,"This heater works really well. The remote and it’s functions make it useable all the time. It’s a nice design as well, unlike those smaller space heaters that resemble fans.",[],B0B936LJVS,B0B936LJVS,AFHMFJ6P4EQER6VMZP7MOQCLHZKA,1674079354274,1,True
5.0,Great for scraping dough off my granite countertops.,I use this for making pizza dough & quick breads.,[],B07BDPTFMJ,B07BDPTFMJ,AHLRDDB2JTSILQ22TNUOHKMWJKJA,1578413356179,0,True
5.0,Five Stars,Works great in my kuerig,[],B00FOT9W5Q,B00FOT9W5Q,AE5PWF5EASOXQWZ2UVG23T7RLFTQ,1486134708000,0,True
5.0,Super cute decor!,Love these I’m my daughters playroom for decor! Great quality and the tassels are very thick!,"[{'attachment_type': 'IMAGE', 'large_image_url': 'https://images-na.ssl-images-amazon.com/images/I/61PH89xzhhL._SL1600_.jpg', 'medium_image_url': 'https://images-na.ssl-images-amazon.com/images/I/61PH89xzhhL._SL800_.jpg', 'small_image_url': 'https://images-na.ssl-images-amazon.com/images/I/61PH89xzhhL._SL256_.jpg'}, {'attachment_type': 'IMAGE', 'large_image_url': 'https://images-na.ssl-images-amazon.com/images/I/61YN74-4r5L._SL1600_.jpg', 'medium_image_url': 'https://images-na.ssl-images-amazon.com/images/I/61YN74-4r5L._SL800_.jpg', 'small_image_url': 'https://images-na.ssl-images-amazon.com/images/I/61YN74-4r5L._SL256_.jpg'}]",B07MLPQTWF,B07MLPQTWF,AHWBMSMGQVLRQKPQIGDRSMXMX6FA,1599054286100,0,True
5.0,EXCELLENT PRODUCT AND TRANSACTION,EXACT REPLACEMENT OF MY ORIGINAL!,[],B07BKW53BM,B07BKW53BM,AGGO77EJOZMPE3L4HVL3KB6BA3SA,1574276108408,0,True
5.0,Great,Great,[],B07FCSB9SG,B07FCQ1FS5,AFVU63PXMU6QFAJQ24QI5FET6CWQ,1570348298078,0,True
5.0,They fit nicely in your hand as a drinking glass,"These are a gorgeous color blue. We fill them with reverse-osmosis filtered water, to use instead of plastic bottled water. They fit nicely in your hand as a drinking glass.",[],B00B80TJX0,B00B80TJX0,AFGDHXHFUHWK3YQAEU6W5EEUQGPQ,1412018789000,0,True
5.0,Nice,Easy to assemble and perfect for a couch side table.,[],B07DRGZMHQ,B08NPZZW5R,AGZGJCTMUJXKY2VQHQNUVAHLCFTA,1616012225860,0,True
5.0,Perfect size,This was the perfect size for my friend to put on her counter under her cabinet it looks great. She only needed a small holder as she is single. Thank you for making this smaller holder of 24 all the others were too large.  I was happy to help my friend get what she wanted she is older and does not use amazon.,[],B014Q8HCSO,B07NXW7LFR,AGIOZO6BO2ODKWG3FZE7ZPVD7JYA,1587927689279,0,True
1.0,Don't waste your money,I bought this to replace the existing frother I have.  This is unbelievable underpowered compared to what I was replacing.  I put two brand new batteries in and it barely had the ablilty to even move the liquid.  The button was also not engaged unless it was pressed JUST right.<br /><br />I literally took it out of the milk and threw it in the garbage - complete waste of money and very disappointed.,[],B074ZL35DH,B0BX72BZV2,AEVOPPOB53QHQ5MFGTZ6VTKKIOZA,1615244094692,1,True
5.0,Great standing desk!,Very high quality. The glass too is the best! Highly recommend!,[],B07MT7GQWF,B098CPVL7Y,AF2XOERXZURRV3L7WVQKZQELVWBQ,1618943928173,0,True
5.0,Snuggles are key to sleep,My daughter loves her pillow,[],B0777NG38G,B09QVK3MJK,AHBMISPWX3FPKOQVDEUB2JQP4QJQ,1595161746694,0,True
5.0,Great Value Storage,We needed smaller under counter storage and these work great.,[],B07C8LFBRB,B0BMN7V9VL,AEIGP2L6JQ7662PMBFLOZT5AM54A,1568257538303,0,True
3.0,Inexpensive but looks it.,It is ok but not great quality.,[],B0BHY5RGT2,B0BKFXV5WX,AHCTTCSJCFJYKTH4MWSKFML4P4WQ,1688584952357,0,True
2.0,Two pieces were broken,The little pumpkins hanging from the string do not light up. Two pieces were broken. I had to super glue it. It's a cool piece though.,[],B091ZJZKWS,B091ZJZKWS,AGGYMUHKPIFQP26LXMARVIT7VBKA,1669256956929,0,True
1.0,Incorrect Measurements!,Measurements are off! Highly disappointed!,[],B07JQ96MGD,B07JQ96MGD,AF3RPO5INPR5CECO43K5SW7EESIQ,1574920726313,0,True
5.0,Great quality,Cute pics and nice quality!,[],B07KMD9Q13,B07KMD9Q13,AGVYNSRPHDQTUESDTBIDOQM6HAAQ,1552325257218,0,True
1.0,One Star,wasted money,[],B019U2XPE6,B0C1HWZ35X,AH3UFFSY5PXG2HPBTCNIJCBJWOUA,1477691228000,0,True
3.0,useful for my car,Standard pieces not much for what I paid,[],B00002ND4D,B00002ND4D,AHTBUTD5TOCO42OTHRWO5WDNYR7A,1492459181000,0,True
5.0,Awesome product,"Shipped quickly ( I live in Hawaii, that’s a huge thing) easy to put together. It works great, and is quiet. Very sturdy.",[],B006MISZOC,B0BZJP9VGZ,AEYR3NYPL6FBU5V4TZRSB3O7VNQQ,1544556795440,0,True
1.0,Broken in less than 2 months,"I am not pleased with this fryer at all. I purchased it and received it on July 13th, I have used it maybe 5 times and went to use it this weekend and it will not heat up. Very disappointed.",[],B00PXAZTKI,B00PXAZTKI,AHS77M47WBA66JAYXIDKV5ZMTXKQ,1662500828621,1,True
5.0,It stays hot!!!!,"Took mine to work. I work for Hiland Dairy company and i work in a cooler. I took my coffee with me and forgot to drink it. It stayed cold in the 34 degree cooler my 12 hour shift, not only that, when I got home I still didn't drink it and when I opened it before my leave to work again it was still hot a full 24 hours later!! I love this!! My wife wants one too now.",[],B01ATTBEY2,B088C5SSV5,AEMN3C23GB7NALL7FKZQVLDILRDQ,1644190789390,0,True
5.0,Love this chair,Love this chair!  I spend many hours at my computer and with an added cushion I am quite comfortable.  It is attractive by my desk and adds to my decor.  I also use a carpet protector under the chair and it glides effortlessly.,[],B0039MIMYM,B019EYN40U,AHGRIE4X66OLMOVX5TRUHNZA4NWQ,1520201620291,0,True
2.0,No excuse for the top of the book shelf looking the way that it does,"I am extremely disappointed in the quality.  It looks pretty sturdy overall, but the top is not put together well at all.  There are 4 very visible screws, and the workmanship was sloppy, so that they're not set flush with the board & there's damage around one screw.  Additionally, there are darker blue marks all over the top, as if a kid had been playing with markers.<br /><br />There is no way I'm going to re-package this thing to return it, but I'm very annoyed that I spent $150 and got a product that looks so sloppy.  It wouldn't matter as much if it was a tall bookshelf, but at this height, the damage draws your eyes immediately.  There's no excuse for it ever leaving a warehouse like this.<br /><br />On the plus side, the packaging for shipping was incredible.  It would have been very difficult to damage this book shelf during transit.  Too bad it was already a mess.",[],B004VJMCMU,B07D2LKK1B,AE7DG2Q2ZZKEH43LRQOWXUENVWFQ,1525019261061,3,True
3.0,Three Stars,Sturdy but I found the openings were too big for what I wanted to put in them.,[],B002BDTEV0,B07JQLWBNG,AH7NFPTNFSU5ATZP2EWIPCSNWXMA,1514693241347,0,True
5.0,Looks great,Looks just like the picture. Sturdy & attractive,[],B01MYSWADJ,B07H3GSGP7,AGNIP5ZVGY2ING4M6U5ABXS6MJDQ,1635257767415,1,True
5.0,Five Stars,I love my George Foreman grill!,[],B00KDVJLJW,B00KDVJLJW,AFGU5H34YMIPYELYHPT2NUI2STHQ,1516160752184,0,True
5.0,can't wait to use these!,"size is good, durability is strong, a little pricey",[],B0948RSYQJ,B0BKCYDV4P,AGNUJFW2OBXJ7TCBH7K5WM2WRYKA,1664208733674,0,True
5.0,Amazing deal,"We bought two different $1000+ memory foam beds before scoring this one for only $350 and neither compared to this one! With just a small layer of gel on top it forms perfectly to your body without it caving all the way in. It had made nursing my little one while laying down a hundred times easier. Absolutely love this mattress and would definitely recommend. Also super easy to unpack, I’m 5’8” 135lbs and carried it from the front door to the room and unboxed it by myself l, I would recommend a second person but if you have the drive you can get it done",[],B00LJ7CYM0,B098F22J8R,AETNLGDKIBMM2HH54QWRJFQZ4VCA,1654019046992,3,True
5.0,Love them!,"I get compliments often like other reviewers mentioned. There was a woman following after grocery store to find out where I've gotten these. I have these in three different designs, and I love them all. They seems to be very tough, and they are holding up quite well. I do fill them with fairy heavy items from the grocery stores, but I don't see any rip yet. (I'm using them for almost a year now.)",[],B003B002U4,B003B002U4,AHGFHAJRGKP6CIV6ZSA7H2VR3I6Q,1387169390000,0,True
5.0,Great little dishrack for the price!,"This is exactly what I needed for my tiny kitchen. I have almost no counter top space but this rack seems to be just the right size; it's not too bulky, but it's large enough to hold a considerable amount of hand-wash-only items. The dish rack folds up very nicely and goes inside the bottom cabinet without any fuss. The rack is made with great quality bamboo and it looks good sitting out on the counter. I would highly recommend getting a microfiber drying mat to go underneath the rack. I learned quickly that using an ordinary kitchen towel to catch the water will only leave one with a soured towel and a soured smell on the counter tops - yuk!",[],B000MM5EQG,B07C8YGFFX,AFXFZKLEIH2GO3OSAWYGFDEWNXJQ,1386362595000,0,True
5.0,great value for money,"It's a good pan for what you pay for. It is not the highest quality pan maybe, but we've been using it almost every day and it's just as good as new.",[],B0030T1KE8,B0030T1KE8,AHXANBQAHBT7FLPZPQYRZPIP7E5Q,1364222586000,1,True
1.0,One Star,I didn't get the cleaning brush and the peeler,[],B00NLNFGKM,B00NLNFGKM,AG4V2DE4ZIDTS5TA7ND4NPK4PU5A,1417149468000,0,True
5.0,Love my 16 qt. Presto pressure canner,Was everything I expected. I almost got the 23 qt. and am glad I just got the 16 qt. It is not too heavy for me to lift and I only do small amounts at a time so it is perfect. Quality is great and I am very satisfied with this product.,[],B000QJJ9NY,B000QJJ9NY,AG2PFVIUCYJ7XUIK7DNUEBUHV22A,1441754042000,0,True
3.0,Rips easily,I have only had this product for several months and it started ripping on one of the seams that is not where the zipper is.  And my child who is only 2 does not even sit on this bean bag.  I use it for storage of stuffed animals and am disappointed it has ripped when we haven't had it for very long.,[],B075RYRPZS,B075RYRPZS,AGU4KDQNBCEYPNRPKC56F2H7OM5A,1528248162559,0,True
4.0,Bright colors and soft,Get the bigger size for a love seat,[],B08BLRQ194,B08FYGPV7Q,AEZ2SYLORD4TLJ6R2EUKHN6G6QKA,1656768994935,1,True
5.0,❤ this popcorn popper!,"A friend had one and I loved it so much I had to buy one, too. Well, I actually bought 3; one for my daughter and one for another friend.","[{'attachment_type': 'IMAGE', 'large_image_url': 'https://images-na.ssl-images-amazon.com/images/I/61AaEIJY0UL.jpg', 'medium_image_url': 'https://images-na.ssl-images-amazon.com/images/I/61AaEIJY0UL._SL800_.jpg', 'small_image_url': 'https://images-na.ssl-images-amazon.com/images/I/61AaEIJY0UL._SL256_.jpg'}]",B07JFL43NX,B09VVQK1ZT,AFIYCBNXJS2D6NP5NIV4X3FAFINA,1557022460695,1,True
5.0,Works for the space,"I love this item for my cocoa, tea and coffee station",[],B0977XQ5PX,B09JNFG8TP,AHK3QSVZI5EKJWAPTEGQPXHKRGGQ,1663447111473,0,True
5.0,Five Stars,super sturdy. locks perfectly. and looks amazing all organized on the shelves!,[],B00ITLCJ0Q,B00ITLCJ0Q,AGDTJC4SDJ54QLXU3COFJW5HMNAA,1452782328000,0,True
5.0,Excellent,They were just what I was looking for.,[],B01K5TJ08S,B01K5TJ08S,AGH7GQGTK6TP2BCYTEKZTUDXV2VA,1560833593681,0,True
5.0,Looks great!,Beautiful. Spacious and sturdy.,[],B07L6X5W46,B083YW9TYD,AFQ6RY5THR6S3A3ZKQ625SVIT4LA,1564155455917,11,True
5.0,Awesome,"I got this for my stepmom and she loves it. It smells really good! As for burn time, still working on that.",[],B005518S9Y,B01KP4CMMO,AGIB5BSFMAMVP52LNCQHOHCB3ONA,1387533798000,0,True
3.0,Three Stars,No discernable difference between Fizz Pump and bottle cap.,[],B00XWCB0PM,B00XWCB0PM,AHTWJQZDNGFGQOUEQTYKGMEVLPIA,1457059771000,0,True
1.0,Very disappointed.,"I switched from a dyson because it wore out, now I see the reason this unit is so much cheaper.  Very disappointed.",[],B071GBPRVX,B071GBPRVX,AF7Q5HTELJSX5GXIL2M625O3RBBA,1518909742370,0,True
2.0,... review on this item and they gave it a bad review. I bought it to see if it ...,"I have seen in the past other people`s review on this item and they gave it a bad review. I bought it to see if it would do the job as advertised, sad to say it fell apart the first time I tried it. all I would say is buyer be ware.",[],B0756SNBQ7,B0756SNBQ7,AEPHOJ6QUWA6LIXTPKXNO33K5HOQ,1524519848997,0,True
5.0,cute and good quality,"came a little dirty, but were perfect for our nursery.","[{'attachment_type': 'IMAGE', 'large_image_url': 'https://images-na.ssl-images-amazon.com/images/I/61jYzEbbykL.jpg', 'medium_image_url': 'https://images-na.ssl-images-amazon.com/images/I/61jYzEbbykL._SL800_.jpg', 'small_image_url': 'https://images-na.ssl-images-amazon.com/images/I/61jYzEbbykL._SL256_.jpg'}]",B07JLVN9XF,B07JLVN9XF,AG5PFGD6V5G6KEMP6555AIKCN33Q,1564277630514,1,True
5.0,"Works great; have two, and they clean up my fridge","I purchased this to stock an entire 12-pack of soda at one time in my fridge.  For this purpose, it works fine.  I load it outside of the fridge and then move the whole thing into the fridge.<br /><br />Some people complain about cans getting turned sideways; this only happens during loading once in a while, before all cans are loaded.  And like the one reviewer said, just reach out and fix it!!  But once the cans are all loaded, and then are being removed one by one, I've never had an issue with the sodas advancing properly.",[],B001B2VMQM,B001B2VMQM,AE4L3NQTDDE2E4BC4HJQZUKHXCYA,1424636090000,0,True
4.0,Easy and perfect size,This is easy to use and I do daily.  Takes about 20 seconds of cranking and I have it set very fine. Only minor complaint is the handle squeaks. Seems like it should come lubricated from the factory.,[],B09R167L4P,B09R167L4P,AH3RHS5RCSDIDOKE25CVJKO4OLNA,1657221285617,2,True
4.0,Not a Bad Fan,"I've had this tower fan for over a year and it has performed about as well as I expected. Its not as quiet as I would like, but why ask for the impossible? It's a fan and it's going go make a bit fan noise while its on. Mostly it fades into the background. It blows well (that's what fans do) and oscillates which seems to efficiently circulate the air in my small bedroom/apartment and makes a big difference on hot days -- no central AC, here. I really like the remote and built in nook for it on the top of the fan. It's nice not having to get out of bed to adjust the settings in the middle of the night.<br /><br />I don't like that the lighted display can't be dimmed or turned off. The light is very very bright in a dark room. I usually put a ball-cap over the top of the fan at night so it doesn't glare at me while I'm sleeping like an air-circulating eye of Sauron. Also, the &#34;nature&#34; setting, which I assume is supposed to mimic the ebb and flow of natural wind outside, is probably the most annoying thing I've ever experienced a fan do in my life as it constantly changes speed and cuts out into still, dead silence at intervals -- try sleeping with it on that setting. Dare ya.<br /><br />Overall worth the money, I suppose.",[],B00410BTXC,B0BYDR9GD6,AHBHJMDTDHNGAXWVRMYBLHRXTLSQ,1483416773000,1,True
5.0,Works well. Will be purchasing another set for a ...,Works well.  Will be purchasing another set for a house warming gift.,[],B01LWKW2MK,B01LWKW2MK,AH3RXQK7YZORE74NEYVAY5ZZ2VKQ,1505671560079,1,True
5.0,Magical bread pans.,"These pans are nice and heavy, perfect for baking bread. Have made bread on several occasions now with no sticking or difficulties with the bread. The bread bakes evenly and does not burn. I also get a really nice crust with these. I ordered two and I don't regret it! I will probably order this type of pan in other sizes.",[],B002UNMZP8,B0BKWSK12Y,AHERGYR7CWG6FO6BI3XDVUJ2QFBQ,1403552276000,0,True
4.0,The keyboard holder keeps falling down,I used the desk to work from home. Not enough space for my monitors. It is. Pretty .,[],B08J7JS9F6,B0C1Z9443C,AECJWGHY2TGB5755HKZ2IJXAQD4Q,1634550212381,0,True
5.0,Awesome,Love this little buddy It helps to keep my upstairs clean,[],B077HW9XM7,B077HW9XM7,AHDBOCZG7K666E6FUWOQTQFTCY7Q,1561040084348,0,True
5.0,Super nice!,"Super nice tablecloth,  love the material, wrinkle free when it comes out of the dryer! Highly recommend.",[],B07L6Y988X,B07L6Y988X,AGI43AFU7VNUVRN5URO2INXVY37Q,1580308496169,0,True
3.0,"very good, absorbent DO NOT DRY","As described. Would like it if you made a slightly larger version, 1&#34; on all sides, but this fits. DO NOT DRY IN DRYER. It shrank and bunched and I couldn't straighten it out!",[],B01N9LHVD0,B01N9LHVD0,AGMQSFDBDVFPGBYKMJ77V4SAD5SQ,1494475903000,0,True
5.0,Five Stars,The product is great,[],B00H0LC4GA,B00H0LC4GA,AFTR3PUXHV6NITZNEGONM4HQ34SQ,1497039915055,0,True
5.0,Non-stick that is really non-stick,One word &#34;awesome&#34;,[],B074T2MQBL,B07RTD4V9L,AFQWJJCML64UWDC76UMT6TCAQAPA,1519370887998,0,True
4.0,Nice gift,Gave a s gift for a friend recovering from neck surgery. Stays in place. Good support.,[],B01IEJHJWK,B01IEJHJUC,AFFENOW6N4NLZ33IT37YYV5VLQZA,1639571025799,0,True
5.0,"My water keeps cold, sturdy, and pretty!","Love this water bottle!  Both my kids chewed my rubber lid/straw to pieces, so I had to buy a replacement from another company. That's my only minor complaint. Keeps my water so cold, it's perfect!  It's so sturdy, and the colors are pretty.",[],B0895S7TXB,B0968DHKN2,AG72O4UNLJWNBVEXU4M7OT644BMQ,1605755963008,0,True
3.0,Spiral Slicer Review,"This was not what I expected but for the ONE vegetable I use it for the most (zuchinni), it works great. There is no way that it slices at all. It works so-so for carrots.",[],B0000DDVYE,B0000DDVYE,AHMEXLRHYDXVJMLRLBMMDH23CQ5Q,1181741147000,7,True
1.0,Don't buy,"Definitely not worth the money, nothing but cheap plastic",[],B081DNWG7N,B081DNWG7N,AF6NGYFJ3OUSVSUBOJ6R3HQPBMEA,1676499064340,0,True
5.0,Great but small.,It's really small though.,[],B002IT6E6A,B0778KV29D,AFBUSMEHRGKX2C5VC4RJYGC454LQ,1431988810000,0,True
5.0,Sturdy!!,"I am so impressed with this cordless vac! It is sturdy, powerful and the battery lasts much longer than most. I have purchased 4 different brands of cordless stick vacuums lately. They all went back! I’m keeping this one! The light on the front shows you all of the dirt, dog hair and debri. You can vacuum ceiling fans, baseboards and hard to reach places. I love this vacuum!",[],B08DG4FWHN,B099DP3NJY,AH3R2QEEZQUTB6XZXUBUNC56YPFQ,1618602504406,0,True
3.0,Didn't fit as well,"I purchased this for my 32oz Bison Tumbler but it did not fit at all.  I purchased the 30oz Yeti and it doesn't fit that very well.  The top ring does not go up far enough so the bottom ring doesn't touch much of the cup if any.  Also, it will not fit in the car cup holder or the golf cart holder.",[],B01LP9BIJG,B079ZJZD33,AEO5NZBYCIUNEZSSTXG3SIGZ6XKQ,1623177112146,0,True
1.0,The pillow was hard!,The pillow was too hard!,[],B0994XG5P9,B0BN7C5JLC,AHBOX3GUAFYIUXSF7IKEV6RM3MOQ,1650568632113,1,True
5.0,Perfect for the price,I ordered 2 of these because my husband and I both work from home. My husband and son put them together with ease. 6 weeks in and they are still in top notch condition.,[],B0B42KR3PT,B0B977WSCQ,AHLHEWL2RMNSFNJ7DLPDZAO6SHZQ,1661839165276,1,True
2.0,Eeeh,"Overall, the power of the fan is pretty good.  We bought 2 of these for a drag race and spent too much time trying to position them in order feel relief without having to hold them.  We were missing too much of the event, so we ended up just putting them away and dealing with the heat.  They are a bit weighty, and it would be extremely beneficial if the clip rotated.  I really wanted to clip it to underside of my hat to cool my face on a 100% humidity day and could not make that happen.  It tends to pull away from your body when clipped to a waistband and also with the neck strap. I fully charged both and let them go on high speed until they ran out.  The battery barely lasted 2 hours.  I'm glad these weren't expensive, or I'd be even more disappointed.  You get what you pay for.",[],B09WKFK5GZ,B0B4ZHW5H1,AH3DPM5LQNKE6JKP3QKSU6IL2Z7Q,1689262469809,1,True
5.0,Makes perfect sticky rice.,"I had a Thai sticky rice steamer a while back and just got around to replacing it. My daughter has been asking me for some time to make sticky rice and I find this steamer to be just perfect. It doesn't come with instructions for use, but it's fairly simple and you can always find instructions online.",[],B000FGC67E,B000FGC67E,AGG7OECMLSW4LAC47V2Y53YRPO7A,1505831242602,0,True
5.0,Great set,"Everything was there, all items were exactly what they supposed to be.",[],B09SB3Z2YG,B0C4HHYMXH,AGCSQ7S3UBNKICYMZGZNZPKERTQQ,1679113826941,0,True
4.0,Read the Instructions,"Should have purchased it, Before I shelled out for a  Blender.  Better Product for the Job.",[],B07CTBHQZK,B00H290386,AHEZSON5X4UWUS75FQDLE5TY23WQ,1620511241425,0,True
1.0,Arrived with bag open3d,Package was open in the shipping box not sure why thats okay,[],B07Q6KBW19,B07Q6KBW19,AGEJGAFACH43VDZ26ORBXHWVH5PQ,1653012382238,0,True
5.0,Muy satisfecha,Fácil de limpiar,[],B0882YSTVL,B0BXJ3WR3T,AEJ3AFOPBDAH45UH7VFQRVFFJHFA,1603553141479,0,True
5.0,They work,They work I can grab hot things when I’m grilling with them.,[],B08R624GRZ,B08R624GRZ,AFSVXEDLHMSRUHTN5MQD57CMNVLQ,1633987465418,1,True
5.0,Great purchase,Great purchase,[],B00421AYIG,B00Y49P5Q2,AGFIVESPOYZL2BP7FFLUBMDNKA3A,1545676758522,0,True
5.0,Perfect,I enjoy using this steamer for many reasons. It’s super easy to set up with the resting ring I purchased to use on most any size pot. The tiers give me multi steaming abilities and makes easy to steam more. The lid’s dome shape seems to redirect the hot air to circulate so I think it steams faster. It’s perfect for my use.,[],B07H9YCH5H,B07H9YCH5H,AFRRURQP5B75FGVNW4MS4FQ6DM6Q,1658114889822,0,True
5.0,love theses,"Love these they are great and sublimate great, some have has some strings hanging at the edge, but I just cut that off if there is any before sublimations and no issues at all.",[],B07TFS4FB8,B07TCLBW92,AFVHVBLQ5WNYYU24P6NMZQA4GVIA,1679064842941,0,True
5.0,Calming print of beach,"Well done artwork, used on a gray wall nicely.<br />It is an inviting scene of the beach path, charming.",[],B08R75L7DD,B08CV6BB1S,AFY2UFPLGTFBJX5J62DNUGJAQ3EA,1646464503528,0,True
5.0,Makes a great gift for the Yoga enthusiast in your life,"Good size and value for the money.  Purchased it for a yoga enthusiast as a gift.  Nicely made and comes with the stand, if they want to display on a table.",[],B09FT8K27M,B09FT8K27M,AFZIP4IKAHUZ7JWXOWEWBTNFNSFA,1655504673352,0,True
5.0,"Love, love","Love, love, love the 9-cup.  I have a new dog who is tall enough to reach the kitchen counters and yesterday he reached up and took hold of this container that I had just filled with food.  He was able to carry the container to another room where I found him, but could not get the lid off.  Already ordered some other sizes.  Love it!",[],B00GJ840DA,B00GJ840DA,AHRUXZTS5DFJKEGREWFHSLM4IQ5Q,1475195652000,0,True
5.0,Five Stars,My favorite water jug. Good quality and still in its original condition years later,[],B01DR2KBGK,B09L7RZ96X,AGWVORVA6XGJSYQEZDOH7JQR2OSQ,1508612701072,0,True
5.0,Love it,Great product,[],B010OB89CA,B010OB89CA,AEO5PU6QUABKSOW2SN627GZFP33Q,1480536019000,0,True
5.0,Super soft linen duvet cover,I cannot express how excited I am for this purchase!!!! The softness is my favorite! The color is perfect! The price was amazing compared to other venues!!!! Thank you!,[],B015PC71KE,B09DSWM884,AHWQ3DI6AXJROQORNFF66FEFAX2A,1615127764730,0,True
5.0,Customer service and fast shipping..excellent,Very pleased with my purchase,[],B0091JG0LY,B07CZTNMJK,AGOFU5H4J7X275LAISRJDPQL57FQ,1609384831476,0,True
4.0,Very good knife sharpener for the money cost,Cheap price for a very good product,[],B089H2BF2T,B0BSMRVSJF,AEYNWSAGNGULX6Z5DT565BVSDQCA,1630691184411,0,True
4.0,"Good, but a little small","Nice dish drying rack. The adjustable drain works well so far and the wire part inside comes out, making cleaning easy. My only complaint is that it is a little smaller than I hoped it would be.",[],B07L1BKC9Z,B07L1BKC9Z,AGF35NTETRG6EUQB4F6OAMGDKSDQ,1551928924645,1,True
5.0,Good buy,Great Mattress very comfortable,[],B07VXD6TMT,B07VXD6TMT,AEHU4AIMHNAHK23ODUXOZV7D7VAA,1568384652584,0,True
5.0,Love these mugs!,"I love everything about these mugs. They are light weight, durable and so stinkin’ cute! The double wall insulation is perfect, keeps my hands cool and my tea hot. They are a great addition to my cup obsession.",[],B08FD7Y3S9,B08FD6S7RQ,AE2EZDZ532M5KF3URJ3BJSAEKC3Q,1643369629785,0,True
5.0,Mother loves,"I bought these sheets for my mother,  who's room is done in skulls. We all love them so much,  I tease her about me taking them. Very nice for gifting as well. Since anyone would love a set.",[],B09B46TTHG,B09B46TTHG,AECEEEAAPQLWQVUX3P23VMEMI2RQ,1647861561767,0,True
3.0,Burnt plastic,7 of my bins were burnt. They smell very burnt too! Could not find a way to contact seller about my order.,[],B07DFBSTFR,B0C5S3VTF1,AG77CRLDU2ZXHGD4AWOTNA6BBO5Q,1602109391639,0,True
5.0,Love it,"[[VIDEOID:fbd3655464332afa3f5c06491dd16f2f]] This is a fantastic cutting board. They are flexible, durable and  very easy to clean.  I love this board so much.  I ordered this  larger second one.",[],B07MXMKWGM,B09CNRLR74,AHZOB7UEIUHBYRO4RZXP477LIOIA,1566485285280,33,True
5.0,Great for nail techs crafters and so much more,Works used it when doing nails picks imup dust and rhinestones,"[{'attachment_type': 'IMAGE', 'large_image_url': 'https://images-na.ssl-images-amazon.com/images/I/71VWxVOA98L._SL1600_.jpg', 'medium_image_url': 'https://images-na.ssl-images-amazon.com/images/I/71VWxVOA98L._SL800_.jpg', 'small_image_url': 'https://images-na.ssl-images-amazon.com/images/I/71VWxVOA98L._SL256_.jpg'}]",B07ZXSTPYS,B07ZXSTPYS,AECPZ7DVYUOBQECK2U5PRXU2PK6Q,1600899697468,3,True
4.0,Four Stars,just right for my home office and craft room.,[],B003YP2T98,B093GMQSYL,AHT3KFBNG3YYKMC4CQB5QMAO4RNQ,1425155555000,0,True
4.0,It was smaller than I expected and was a little ...,"It was smaller than I expected and was a little more expensive for that size than I would have paid for. Not the seller's fault though, it was mine for not paying attention to the dimensions before I purchased it.",[],B014PYU1D2,B014PYNIG4,AFXRH5XTB4DP7NOX3RVOACE37S2A,1485389584000,0,True
1.0,Not durable,Bag unzipped while in the dryer and one of the bags already has a hole in it only after one use in washer/dryer,[],B07L2MJ2ZF,B08BX6H8HX,AFOTHQOGHMG2VSYB7Q2MUXGLPQEQ,1581346801455,0,True
3.0,BAR CODE SHOWS UP ON SIDE OF CANVAS,"Really cute picture but bar code, which is part of the canvas, shows up on the right edge of the picture.",[],B09DPPXB78,B09NBSFCB9,AGESQDIRXDBRKC3HNWG4ILISOMPQ,1676679508287,1,True
5.0,Finally!,"I have been wanting a boot bag for a while and I finally ordered this one.  I am very happy with it.  My knee high boots fit in it nicely, providing protection for the boots and for everything else in my bag from my boots.",[],B00DRK8WHS,B00DRK8WHS,AGWOR26SUUFPYAATTUUH52MWJY7Q,1401705957000,0,True
5.0,Absolutely love this,Great for parties. Love the glass quality,[],B06XRKXJWS,B07NBWS8WY,AELIQYGUTF3N5QP2BVCLI5TFKLOA,1547406600664,0,True
4.0,Soft,"It’s what I expected, cute, soft bath mat for Christmas.",[],B08FC6L7YJ,B0C559LHPJ,AETODKR4KKIML4LDQ2PMLNC67SVQ,1609526758332,0,True
2.0,The lip needs to be wider to secure to the sink edges,Over edges not wide enough for secure dishes,[],B08ZHCLF4T,B08ZJ6D2GT,AGXTTEL7OC5BY26SCSUL77XFTH5A,1651026510722,0,True
5.0,Really nice!,So many different sizes!  Easy to clean and store!,[],B00CNZX24G,B00CNZX24G,AFWQY2ZGDZBS6ZE35KA5ZFS54PSQ,1578267411917,0,True
5.0,Five Stars,"We love these - use them all the time for yogurt, applesauce, etc.",[],B01D82N1R0,B01D82N1R0,AHWJGUDZQNAA6UP3X35TN3WOR3MA,1521820685813,1,True
3.0,Very Cheap Materials,"This is a get what you pay for deal. Looks cool in further away pictures but up close it is very cheaply made. But, you could fix it up yourself as a cool project. Give it a better quality of sight.",[],B08NFSD26L,B0969G9JF8,AEO2FHOURBDAC64CTMG4IHXQ6OXQ,1608507765391,0,True
5.0,You won't go wrong with this bed,"Love this bed! I wish it was a little less firm, but i love it",[],B0777VRJK2,B0BPBLYF85,AGGYFTHXIUWSEWIFBHUJ2MZ6VOOA,1583371797715,0,True
1.0,DON’t buy to use!  Hinges broke in one week and is impossible to return,"This couch hinges broke in a week and we’re warped and could not out back together without them slipping right out!  I’m only 140 lbs and have been the only one on it!  The cushion covers wouldn’t stay in place either and got warped by day 3.  I understand it’s affordable but is ridiculously cheap and is only meant for looks, not for using!  Now I have the impossible task of returning it and I have to pay for boxes, shipping and insurance.",[],B074FJ57F3,B07JX5XXB5,AE5SB2XYALBYKHNLRT52L6XSGXMA,1670875600585,2,True
2.0,its what you get for $10,"As a teapot works fine the glass does smudge a little, but its what you get for the price.<br /><br />I do wish there would of been more honesty about the color,  got some terrible green color when expecting black.",[],B00FFKI2AA,B00FFKI2AA,AFTXNDCWZ7JHPECT3FMEYVOCHYAA,1388442100000,0,True
5.0,Perfect,"Have both the pepper & the salt mill. The grind is adjustable to your preference & they do not leave a mess underneath them, as the grinder is at the top. Love them!",[],B0017KOFKI,B0017KOFKI,AFOOZMUU7OYHZV4ILTHXAKDI6RZA,1395760613000,0,True
5.0,Crystal Clear Alexandria Oblong Tray,Purchased this item for my daughter - she was thrilled - it was exactly what she was hoping for.  Purchased from Amazon-always satisfied with items received on their site.,[],B0015P93ZM,B0015P93ZM,AEHJW22NCIZITKXSJGW3LQTDZXMQ,1325720801000,0,True
5.0,Value for years to come,"soooo cute, already up and waiting for Santa",[],B00N34DUJ8,B00N34DUJ8,AH2N5YD6S2CBGO5J3U6JDCEVVWHQ,1418184874000,1,True
1.0,Pure garbage. Buyer beware,The company is disgusting. The product is garbage,[],B0829FB7PK,B0829FB7PK,AH2Z4IOQP2QSSOWG2ZVO6E2WQMOA,1605464138815,0,True
1.0,Poca calidad,"No pierdan su tiempo y dinero no vale la pena, hoy lo recibo y hoy mismo hago la devolución",[],B09H22B8BG,B09SDYKM6T,AGDMQ7QPWFCPUCDRGRAFZVGDMAEQ,1663984042391,0,True
5.0,Perfect pelmeni mold!,"I was worried after reading some reviews that it was too small and not sturdy. My mom had one of these and we would use it to make pelmeni and I was hoping it would be similar. And it is exactly like hers was! It's metal and very sturdy. The size is what's normal for pelmeni so I understand why it would be too small for typical ravioli but it's not made for that. It's specific for ""Russian ravioli"" which are basically more like mini dumplings. Anyways, I'm so excited to make pelmeni!!","[{'attachment_type': 'IMAGE', 'large_image_url': 'https://images-na.ssl-images-amazon.com/images/I/B11NB-yhDjS._SL1600_.jpg', 'medium_image_url': 'https://images-na.ssl-images-amazon.com/images/I/B11NB-yhDjS._SL800_.jpg', 'small_image_url': 'https://images-na.ssl-images-amazon.com/images/I/B11NB-yhDjS._SL256_.jpg'}]",B07QLLMSYR,B0BV79VD53,AHWGKIDSUBWJJULXOAHW7IYIE44A,1610585101130,11,True
1.0,Don’t waste your time/money! Sooo many pops!,"I have made balloon arches dozens of times. I usually expect a few balloons to pop during the process. But I’ve literally NEVER had this many popped balloons. At least 30 of the balloons within minutes of blowing them up if not while being blown up, and more since. I never over inflate. This is just ridiculous. As I was tying them, at least a half dozen more popped. These are even more expensive than a big bag of Walmart balloons. Don’t waste your time.",[],B0881F2D9D,B0881F2D9D,AG7GL4GRKII2E7RBAETMMTXGXGGQ,1600804120612,2,True
1.0,One Star,Arrived broken.,[],B074N99MCQ,B074N99MCQ,AE2CFE6VEPOIF6VCUAEAZPZOZINQ,1529006668959,0,True
5.0,"Works wee, very quiet","Have this built in under an ""extra"" section of cabinets. Just the right height for under the kitchen counter. It is very quiet - never notice it running. I use it for white wine at 40 degrees.",[],B089R88LPY,B0B49L7VNG,AEIW7QH3PT3PKYAFBZH3LKDTIT5A,1619870154454,0,True
5.0,Great for Rice and Fruits/Veggies,"I love this strainer!  I mainly use it to rinse rice.  I used to rinse rice right in the pot of a my rice cooker, but I wanted something that was more convenient and prevented me from losing rice as I was rinsing it.  This holds a lot of rice and drains water well through the spout.<br />In addition to rice, I also use to to clean and rinse fruits and veggies.<br />The only bad thing is that stuff does get stuck in the holes. For instance, jasmine rice and broccoli gets caught in some of them. It isn't a bog deal at all, though.  It is easy to clear out the holes with a toothpick.",[],B01G90UQVC,B01M3XZMQX,AFR3WMQTIDJKJPLBOOEGVZDG22UQ,1549062039964,0,True
5.0,Look like window etchings!!,"Love these window decals! I have them on every window in my house. They look like window etchings, not a cheap stick on decal!! I went back and bought more for kids to use in their homes as well. Really, really nice!!",[],B07GRMFWNN,B07GRMFWNN,AHRPD7FFCFQWBEMCHABGL2CCBCIA,1545921711388,0,True
1.0,Arrived broken..,"Bought 2,  1 arrived broken","[{'attachment_type': 'IMAGE', 'large_image_url': 'https://m.media-amazon.com/images/I/711ILmSJNWL._SL1600_.jpg', 'medium_image_url': 'https://m.media-amazon.com/images/I/711ILmSJNWL._SL800_.jpg', 'small_image_url': 'https://m.media-amazon.com/images/I/711ILmSJNWL._SL256_.jpg'}]",B08RY5DFYS,B0BN56JPVY,AFNEKBBE3VBGWPS3LIP7EXSNMGLQ,1667394277161,1,True
5.0,Great product,"Stylish, easy to assemble and affordable",[],B071FMMH29,B071FMMH29,AE7GX3EFM6MRW36FOLJHA76ETPMQ,1550840120677,0,True
5.0,Great buy,Very nice size and sturdy. Looks as pictured!,[],B015RTRNMQ,B0BY31HMBQ,AFOKGM3QAL3LHJECGZ3TMJ7GXO3A,1595949497598,0,True
5.0,Five Stars,This detail just made the that much better!,[],B00CA24P16,B00CA24P16,AHZH6ON7SW5AIGV57LGNO2JQ2TPA,1473781632000,0,True
5.0,A good buy for the house,Great price and quality. Beautiful design,[],B07DPNYBS5,B07DPNYBS5,AHYP7TS2PIZUHXAZPCZ25VAI3WDQ,1582850091541,0,True
5.0,Easy to use very happy for price,I bought this for my husband for Christmas and I'm very happy love that it's has the magnet function and sticks to the refrigerator surface less likely to lose up it is very accurate and very good for the price.,[],B09L89FYJN,B0BDR69LSQ,AH3LJO7MRS7VDIZEIRKYSVSUFOFQ,1642364793054,0,True
5.0,Perfect!,YES! Exactly what I've been looking for. I have been looking for a set like this forever. It comes with a brush that is perfect for my daughters water bottles. There's even a brush for all my reusable straws. I loved the hand written note touch! 10/10 would recommend!,[],B07G4ZG7L4,B07G4ZG7L4,AG5KWJNKROMNSQBBSXZ6HCQFX5AQ,1646168514271,0,True
5.0,Five Stars,Good experience,[],B01MU8VRKJ,B06Y19PG7X,AHR5LRW5QYUN7TML7MQ65AQ572QA,1515270203742,0,True
5.0,Keeps ice,I have three of these cups and they all keep ice for my ice water for about 24 hours which is great in my opinion.  I live in Texas and it is hard to find cute cups that fit in a car cup holder and keep ice cool.,[],B0BLTBGMMC,B0BLTBGMMC,AG3M4LR43W2O7U2SCNTKEN5IQ6LA,1679076678557,0,True
5.0,Good product,"The sizes are great, they close well, I am a strong believer in re-useable so this is what I want. The bags are sturdy and will stand up if I need when I dry them. The must be hand washed, and cannot be used in the microwave-but they CAN be used in the freezer.",[],B0BK8Q2XRR,B0BK8Q2XRR,AFFHAZJPIIIPWU7AOREGXCZWE3MA,1672975660842,0,True
4.0,who seems to like it. Normal to larger size coffee cup for ...,"Given as a gift to a co-worker, who seems to like it. Normal to larger size coffee cup for reference.",[],B00PICGX9W,B00PICGX9W,AERY24QGDZLLTHBT5EFMC4PK5MPA,1471542621000,0,True
1.0,Cute and comfy but damaged,"Easy to assemble, comfortable seat, width of seat is more narrow than normal, chair does NOT adjust forward and backward as advertised only up and down, received chair with whole in fabric in top middle of seat. Already threw away the box and packaging or would disassemble and return.",[],B08XTKJFV6,B08XTKJFV6,AEMXBFSPDM7KMYWVNOZMOJPL3QQQ,1625018027339,0,True
5.0,Lovely Frame,This is the perfect addition to our babies nursery. The frame is nice quality and sturdy.,[],B099PQ9XDJ,B099PQ9XDJ,AGTBKFVPQD655O5LWBXL23K6D4ZA,1651270475743,0,True
4.0,Good waffle maker,"If using batter mix, use waffle mix. Waffle mix is a little bit stiffer. It works well",[],B000TYBWIG,B09RPW97RQ,AFEHMA52YOL7GDEOWETB45BNFP2A,1583807024232,0,True
5.0,Five Stars,Works well at Bible study when they have 1 min to respond,[],B002GJKFIK,B002GJKFIK,AHQAKBICYOAVMUHVZHCLR6CMQA2A,1414602077000,0,True
4.0,Being Sturdy,It's what you pay for... good value for the dollar.,[],B015HGETQW,B0BW4M7RHD,AHSFQHFQS6Y4MMAJ4EHRWERH4JTA,1601415439892,0,True
1.0,"Quality was good, just purchased the wrong one by mistake,",Returned purchased by mistake.,[],B07V9PG1ZS,B0C5BFL7ST,AFTZJOKAX3QC4NGTC6AHHCAHZGOA,1626290030813,0,True
5.0,Holds a lot more than you think,My 22 year old loved it. We added LED Vanity mirror lights to the inside.,[],B071CNBFCK,B071CNBFCK,AGCSA53FMK4NGSUZ4FMZB5FYYZUQ,1611846675180,0,True
5.0,Good,Good,[],B07PVG4955,B081T43YKG,AFGFMQPUAM6YEB4PN3KOE5QOQT7A,1575787400649,0,True
4.0,Four Stars,Love this spoon!,[],B001A4FLLS,B001A4FLLS,AGAKNHGH6U5QPHNUGTPQO2ZLLYEQ,1486053749000,0,True
5.0,Such a find!,"Such a great find. I had surgery and knew that I would need some additional support during my recovery. This pillow was amazing. In the hospital, it kept my head supported and I was able to rest. Now at home, I find I use it daily. The versatility makes this pillow so much better than traditional travel pillows! I even put in in the chair so I can lean back and have a support on my back.",[],B0711D6TXD,B077G5KV4C,AFEK6E5XJVE4ZY3CFMOL4K2IFWOA,1521981210151,0,True
4.0,I thought they were 50” X 70” each… all together,Smaller than expected and not easy to frame,[],B09M9Y6386,B09M9W265C,AFAMKFUZ3MDTHJRHEB3BO3RP277A,1647255232168,0,True
5.0,Five Stars,work well,[],B00J3K4T28,B00J3K4T28,AEXG5EEZBS2A4HD55UI5BEXVZGJQ,1472581131000,0,True
5.0,Perfect for DIY treats!,Easy to use and easy to clean. My kids love these molds!,[],B08R42Q78M,B08R42Q78M,AFRFA3ASONBYJIOL6QBZDILH2KXQ,1611954077991,0,True
5.0,Umbra curtain rods,"Great simple but very easy to install curtain rod,  used for blue/grey window treatment for my son's room",[],B00FB6MHOU,B091BK7RDR,AFX2T2RHRHDWZWEXYBABO2G5537Q,1678592032285,1,True
5.0,Five Stars,bought it as a gift,[],B0016JDE7A,B0BJ263C7Q,AGGEFZFMOHET6XF7OAJZMMDYDUYA,1485180806000,0,True
5.0,Great for small kitchen spaces and organization!,"Great solution to small kitchen spaces!<br />I've been using these for a few weeks now and they are great. My spices are accessible, easy to reach, and organized!<br />I followed the instructions and let the adhesive stay on the back of the cabinet for the recommended number of hours before putting spices in. I think the problem people are having is they are applying the strips to the side of the fridge or above the stove--cold and steam do not do well for adhesive! I believe it's meant to be on the back of a cabinet like all of the pictures shown; that's where it put it and have had zero issues with the adhesive coming off.<br />This is a great product and a great solution for kitchen organization!",[],B00YFCQRRE,B00YFCQRRE,AGZKAXCYUDFWLPA2A5TAIFLGEFXQ,1463938690000,0,True
1.0,MISLEADING PHOTO,"Based on the photo and description- I was under the impression I was purchasing a fragrance, but it's in fact the actual wall plugs. Now I'm stuck with wall plugs that I don't need.",[],B079FXW6W5,B079FXW6W5,AGXI2B43SBBT3C7GJHJORCAS2EEQ,1687122505105,0,True
5.0,Very pretty tray,It is a beautiful tray!,[],B08Z76DY9Q,B09NNH6GF9,AFODDSS6RGZHQ7GE7RVRVC6MDHSA,1685862942795,0,True
5.0,Thin and functional for easy use.,"Not a thick plastic so better for environment and easy to work with. Place small homemade snack like nuts, to give away.",[],B079NLBP93,B0C4TJDVTB,AETS4SXW7W7WAUQZFF2R7UYEXWTA,1676657217462,0,True
5.0,Nice knife for trimming brisket,Easy to hold and good for cleaning fish as well.,[],B004HGUYB8,B004HGUYB8,AFHGA7NDKHEF35AROENFOXROHMRQ,1658793190002,0,True
4.0,Great buy for the price,"Overall, great covers, especially for the price. The elastic bands have frayed a bit, and the plastic hooks on them always turn, but it hasn't really affected the way we use the covers.<br /><br />My only real issue with them is that they never quite stay in position. I expect this is an issue with all covers, though, so it absolutely is not a deal breaker for me.<br /><br />We got two chair covers and a sofa cover. The chair covers work perfectly for our loveseat with a console in the middle; we tuck the inner arm cover along the sides of the console.<br /><br />We've washed them several times and they still work well. We've had more trouble with the sofa we bought than the covers!",[],B00S56BXFW,B0C548YQLZ,AHO5MEFT7HSJLYMPHTGFWX6EW7IQ,1463034432000,1,True
5.0,Five Stars,Beautifully done. Happiness for eyes.,[],B01M9DHQ2N,B01M8KSQJO,AERR5GUROPMWDJTQHARMXQNAZUNQ,1527967462793,0,True
5.0,"A Good, Powerful Vac","Love this vac. I used it for the first time last weekend to do some area rugs. It's easy to set up, handle and empty. You will be amazed at how powerful the vac is. It is a little heavy, but manageable.",[],B009ZJ2M7G,B0C1VZJC9F,AF4WKY7SSDDKAUH6JQ2S2256XKQA,1471448282000,0,True
5.0,Five Stars,As Described; prompt delivery,[],B000UBE7JY,B00M49S1QU,AHHZNJZKCJRPP7IQLT26TAP7E4DQ,1442449005000,0,True
1.0,i dont get it,does not work i tried it and my hands are still smelly it does not really work i dont know if you need soap besides the bar,[],B000F8JUJY,B08P35VL32,AGIJQ6EVEC6HXI3ISWEUMXVE4UCA,1385994155000,8,True
4.0,It's a pretty good item..,The soda cans is a little too tight..,[],B01DC1WN1W,B01DC1WN1W,AEMZGBCRHRPKATLEABPTKMC47ECQ,1557444660964,0,True
5.0,These are so cute to keep the top of my ...,"These are so cute to keep the top of my towel clipped to my lounge chair by the pool! If you have a thick bar, these may not work for you (the sides of my lounge chair have the thick bar, so I use wider clips on the lower sides of my towel).",[],B01BU602GE,B01BU602GE,AFDX7FYCE3UPELSS37CVEOSIKDUA,1495046896000,0,True
5.0,Feels so soft.,"Omgsh, this comforter is so much nicer than I expected it would be. I bought it with fairly low expectations. Just needed a couple of new sets of linen for our king sized bed. Not California king, just standard king. I've purchased quilts for the last 16 years but couldn't find one I really liked for a reasonable price. I ordered two comforters.  One in blue which is my favorite color and one in grey. The grey one came and it's soooo soft. It feels like an UnderArmour shirt stuffed with fake down feathers. It's not heavy but it's not thin and cheap feeling. It's not too short and although I paid little attention to the claims that it's cool on one side and warmer on the other, it really does keep cooler on the side that isn't as solid a color. I'm glad i bought two of them and I may buy some for our grandbabies. It's a very simple design and it's reversible too.",[],B08N9QYLP9,B08N9QYLP9,AENCPOMHLGBHXDLVUL2DAOA5D2ZA,1620519343710,16,True
5.0,Plastic cups hold liquid effectively,"These things are legit. Put water in them, they’ll hold it. Put Coke in them, they’ll hold it. Add ice, these puppies can handle it! If you need cups, these babies do not disappoint!",[],B07MRC5JY1,B08TC5QFDC,AGJSY564POP4CEDWMEZWU6FP527Q,1648075969115,1,True
5.0,Love this Scentsy scent,I love Scentsy! Very fast delivery. I will be buying more. Thank you much!,[],B00LSXZP8A,B00LSXZP6W,AGKVZYLLJDP2A3JW5RGVTW4HTSHQ,1669752076968,0,True
4.0,great for toast,"great for toast! Too light, I have to hold the machine just to push a button. Not great for heating up foods, too strong/hot. No matter what the setting, this machine gets too hot and burns. If I cover the food with tin foil, then nothing gets cooked. Light bulbs just don't do it.",[],B00E07D76S,B00GMDX1WI,AGLNFSIVM4WAUALW3BHXU5HH56XQ,1529228251803,1,True
5.0,Dishwasher safe,"I use this rose mold to make soaps for sale. I love the detail  this mold shows. And, I can stick it in the dishwasher without damaging it.",[],B003VWRUC0,B088QRK5WQ,AEYYX6BQ4BCZWR33SC5YT7FV7LNQ,1418775194000,0,True
1.0,Do not buy these!,These are terrible!  Would not recommend.  Impossible to fit onto product.  Big mistake!,[],B07MJTNWWZ,B07NZBF7MN,AEQB5MNNGUFO3BL26X2C2ECSA4IQ,1586085452202,0,True
3.0,Cute but not as big as advertised,"Let me get the good stuff out of the way: it definitely looks like a burrito, complete with the tortilla burn marks; it's super soft and lightweight - perfect for a summertime blanket when you have the AC & fan going because it's 100d at 10am.<br />The con: For a blanket that is advertised as ""GIANT"" it most definitely is not. I ordered the 71"" after reading reviews & seeing the photos of others with the same size. Maybe the company sent me the wrong one because mine is not as big as everyone else's. My 71"" could definitely encase a small child or two; on a full grown adult, it's more like a lap throw. Using it as a blanket for a twin sized bed & it only goes about halfway up the bed.<br />Again, it's absolutely cute as can be. But the adults of the house still need a blanket that can fit us.",[],B07R1TPZYH,B095K279KR,AG6R365GDUERJVFVS7EODAUW3FQA,1594312878171,0,True
4.0,Saved money,"These sheets fit fine, not perfect, but they stay on and I've had them for a couple months now. Saved a lot of money buying these instead of the bed manufacturers sheet set. I would purchase again.",[],B0BH8JQS5R,B0B1X8GKR6,AEI75PMXKAROJ5Z7GTBW3ZWISCVA,1679239643169,3,True
5.0,Grill Beast,This injector works great,[],B00MNSGWIQ,B0757X6NFN,AFRIFHTGFFWHBAM4GXTCJCDHMHSQ,1541153933958,0,True
3.0,Nice but small,They are very small,[],B082TM6VCZ,B0BTLNBTJ4,AFCXZDZG22DPSVIHZYOZS6HOKMMA,1615512936335,0,True
5.0,Super comfy!,Great value for money. Very comfy and good for travelling. 100% recommended. No doubt.,[],B07WYX5K4C,B07WYX5K4C,AGQ7WG43OE2IPJNRYJYWA22QXMKA,1597464747448,0,True
4.0,Four Stars,"Pretty colors but they tend to skip. I constantly have to shake them. Also, hard to erase.",[],B014UZ7PTY,B014UZ7PTY,AG3J4LBJN72BSWAP4TT7DQ3H24MQ,1517842690787,0,True
2.0,Not a room humidifier,"Thought it was a larger size but TBF, it DID say mini!",[],B07L69PNPG,B09FZ9KPFP,AG3G3VTP3QA5CIDNLLS363NDGKUA,1557509765510,0,True
5.0,First disappointment with Amazon,Great product but was left at the empty house next door to mine. I found it three days later with a half dozen other items I had ordered. More than $100 worth of items. No response from customer service,[],B098MHTC6H,B09KLLSSH4,AEHGG43OUMQPG25J55HWZL6WGO4Q,1648168179295,0,True
5.0,Five Stars,Great bed,[],B00ULIE3Y0,B01M157WA1,AEUMK5JEYYKV5Z7JGRNBVFVC6ETA,1487205349000,0,True
5.0,Cool cover,Perfect coverage without covering light.  Can't set in from outside but can see out from inside.,[],B01JFILPIS,B07QVX32MN,AGXK2GZOGZJH7CWWMHS37H74SPDQ,1581549096724,0,True
5.0,Absolutely Great,Great product both in functionality and also in size.  Simply efficient.,[],B0045QEPYM,B07Z34RCMN,AFKOWJEJPXPADYCJNZV7TSQWWZ6Q,1544285223463,0,True
5.0,Perfect hamper,This little gem is perfect in size and color. It comes with the right amount of dividers and space for my clothes. I love it,[],B08ZYJB5L2,B08ZYDBXQF,AEQ43LSZWAGXK6N2VSRXIG3LJF4A,1676232124912,0,True
1.0,Big Mistake,"I thought I would purchase these pillowcases to see if I liked the texture of bamboo before investing in a sheet set.  They are soft, but they smell bad and I didn't like the ""feel"" of them.  Back they go.",[],B08BZBYXS2,B08BZBYXS2,AH4LUS4O5U77YJW2I7HQFMABAS6A,1600966042759,1,True
2.0,O.k but...,"The good is the bottom hole to apply the mix.<br />The bad thing - it doesn’t mix good, the flower<br />Is sticking to the wall, and the mixer can’t get it.<br />Quality is cheap...as expected.",[],B07CLDXDL5,B07CLDXDL5,AFGBQZELN3W3V2U6YHOIIBGREBYA,1577092965405,0,True
2.0,Does not get the job done.,"I have a one-bedroom apartment, carpeted, and this vacuum cleaner hardly gets the job done.  What may have taken one or two passes with a regular powerful vacuum cleaner, takes like 6-8 passes with this Dirt Devil one.  I mean it is super weak.  Also, it is very hard to clean the debris cylinder.  In fact it is nearly impossible without a special lint collector extension cord (which I bought separately).  The only advantage to this vacuum cleaner is that it is cheap and is very light (compact enough to move around).",[],B000F8EUFI,B000F8EUFI,AGFTNYLKBOQNJBIB6ERKWJSA44FA,1454692028000,0,True
2.0,Doesn't work well with large gaps,It folds under and jams between floor and door.,[],B08R3RWPRT,B08R3RWPRT,AHYXIRDQQ22GHCUKO7K6WHN6SMTQ,1628550191435,0,True
1.0,Don’t waste your money,Terrible quality and if you want to return you have to pay postage to China.  Not worth the cost.,[],B08NZSH856,B08NZSH856,AGH53BCKSIVLC5PLFQKQDLPQCLPQ,1613781131903,1,True
3.0,Great purchase,Great product,[],B07R7N3V9L,B07R7N3V9L,AGBNJ3B3K3IJIRI2ON2ISA5AKJHA,1609452073095,0,True
5.0,Duo-clean awesomeness!,"This vacuum is the best type I've ever owned. Ive owned 4 different duo clean vacuums and this one is the best so far! I own a cleaning service, and these vacuums help us get thru houses with great accuracy and speed. It works perfect on hard floors, and carpet, and the zero-m technology helps to keep us from having to repeatedly clean the rollers. The front roller is extremely gentle for any floor type. If i had to rate these, id give a 200/100<br /><br />My best advice, never buy the slim or the newer rocket if you vacuum a lot.. Theyre cheaply made and fall apart very easily. Those are great for light in home jobs.",[],B07Z9Q15YJ,B07Z9Q15YJ,AGO646EKFR4LXK4XNADHU2H3CRKQ,1595192393950,3,True
4.0,leather chair,used for my wifes' home office - quality is acceptable-comfortable<br />I think the assembly would be difficult for some - patience and a partner is helpful.<br />we like it.,[],B0016ZDZZA,B00XHUSYBW,AGZTAQH3334UX4XUMWG4BJ2XA6RA,1361026586000,0,True
4.0,So soft!,"I was looking for a rectangular pillow and came across these shams. Instead of using an insert, I used stuffing which makes them nice and soft. I actually use my pillows and they are not just for decoration. I worry that some of this gold might eventually crack or flake off but for the last month it has held up very well. They are just the right size and lots of ways to use them. I was looking for some gold accent that wasn't over the top. The material is so soft and I am really enjoying my pillows!","[{'attachment_type': 'IMAGE', 'large_image_url': 'https://images-na.ssl-images-amazon.com/images/I/71FImS1c-yL._SL1600_.jpg', 'medium_image_url': 'https://images-na.ssl-images-amazon.com/images/I/71FImS1c-yL._SL800_.jpg', 'small_image_url': 'https://images-na.ssl-images-amazon.com/images/I/71FImS1c-yL._SL256_.jpg'}, {'attachment_type': 'IMAGE', 'large_image_url': 'https://images-na.ssl-images-amazon.com/images/I/71L7X9p+9GL._SL1600_.jpg', 'medium_image_url': 'https://images-na.ssl-images-amazon.com/images/I/71L7X9p+9GL._SL800_.jpg', 'small_image_url': 'https://images-na.ssl-images-amazon.com/images/I/71L7X9p+9GL._SL256_.jpg'}, {'attachment_type': 'IMAGE', 'large_image_url': 'https://images-na.ssl-images-amazon.com/images/I/71sGt3I2lKL._SL1600_.jpg', 'medium_image_url': 'https://images-na.ssl-images-amazon.com/images/I/71sGt3I2lKL._SL800_.jpg', 'small_image_url': 'https://images-na.ssl-images-amazon.com/images/I/71sGt3I2lKL._SL256_.jpg'}]",B08BC1JXMD,B08BC8DW1V,AEI4VYGQILLHBQMUA3CYEYDSFAUA,1604261733150,11,True
5.0,Soft and comfortable,Feels so soft,[],B00NLNDPXW,B0BY9F63WG,AEMKSW5QCY34XCABJP3GJL76JQDQ,1565152657390,0,True
5.0,Works Great!,"I really liked using a non-electric can opener that I could keep in a drawer but, even though I tried pretty high end ones of that type, none worked very well for very long and my husband had more trouble using them than I did.  I got this and, so far, it has been very smooth, quick and easy.  It has only been a few weeks, so not sure how it will hold up long term, but great, so far.",[],B00T4RH8E6,B0C5CLX5VB,AHZTULR4LT23IBHED3G6STOYIJ7Q,1631650484097,0,True
5.0,Five Stars,Great,[],B006VT9R62,B00N9ZJXPG,AGCTH3O5RLEXQHBWV5DCY7ZVFORA,1456882706000,0,True
5.0,perfect for my studio apartment,"With next day shipping, the hot+cool fan came in less than 24 hrs...  it took 15 minutes to open the box[es] , 3 minutes to set up , and 10 minutes to heat the whole place (550 sq ft), then turn itself off , and the temperature's been a steady 70F for 4 hrs...  the place came with a crappy electric heater that is inefficient and expensive, and is installed at the other end from where i hang out...  this solves all that.  And it looks nice (blue), a little jetson for my taste but ok.",[],B00B04Z3NO,B00PUD7RMQ,AHKYAGSWOMXYLJGZAPNADVIYAGUQ,1371592278000,9,True
4.0,Adequate skillet,"Basic nonstick skillet with a cheap handle.  Better than just functional, reasonably flat. Somewhat irregular surface is a bit odd, but it doesn't stick and cleans up well.",[],B07QTPMCNV,B07QTPMCNV,AGMMLHLWMFOEOSJZSFBVZOBT54TQ,1567546494990,1,True
4.0,small and perfect for my damp bathroom,"Runs very quiet, small and perfect for my damp bathroom.",[],B01KTAF4I8,B01KTAF4I8,AGTNOGR63F3HHLZ4WVSBLERG6X2Q,1492526000000,1,True
5.0,Saves space.,"Holds my gem spheres nicely. Stable and doesn't tip over. I might need 10 more, lol.",[],B07MPCR78Q,B07QR7FZPL,AFJYS23TIWMSYSDA73RMNBITKTEA,1643659644356,0,True
5.0,Works with Keto Pasta Recipes,I originally purchased this to make regular pasta but when I found that I had to go on a Low Carb low sugar diet to get my A1c down I decided to try to make Keto Pasta with it and lo and behold it worked wonderfully.  Have made several dishes with it and all have turned out great.,[],B00004SPDH,B00004SPDH,AFNUNVAWRBQC2VITSKIOPK3HCEFQ,1613622924155,0,True
3.0,"Quality product, questionable confidence","Just by opening the package they included a second pump, anticipated failure? And the installation instructions include no instructions directly related to this item. Check out my photos.","[{'attachment_type': 'IMAGE', 'large_image_url': 'https://m.media-amazon.com/images/I/71D4JlhSmpL._SL1600_.jpg', 'medium_image_url': 'https://m.media-amazon.com/images/I/71D4JlhSmpL._SL800_.jpg', 'small_image_url': 'https://m.media-amazon.com/images/I/71D4JlhSmpL._SL256_.jpg'}, {'attachment_type': 'IMAGE', 'large_image_url': 'https://m.media-amazon.com/images/I/71Gjcin+jAL._SL1600_.jpg', 'medium_image_url': 'https://m.media-amazon.com/images/I/71Gjcin+jAL._SL800_.jpg', 'small_image_url': 'https://m.media-amazon.com/images/I/71Gjcin+jAL._SL256_.jpg'}, {'attachment_type': 'IMAGE', 'large_image_url': 'https://m.media-amazon.com/images/I/71L9YpB442L._SL1600_.jpg', 'medium_image_url': 'https://m.media-amazon.com/images/I/71L9YpB442L._SL800_.jpg', 'small_image_url': 'https://m.media-amazon.com/images/I/71L9YpB442L._SL256_.jpg'}, {'attachment_type': 'IMAGE', 'large_image_url': 'https://m.media-amazon.com/images/I/71RVbfuJ+BL._SL1600_.jpg', 'medium_image_url': 'https://m.media-amazon.com/images/I/71RVbfuJ+BL._SL800_.jpg', 'small_image_url': 'https://m.media-amazon.com/images/I/71RVbfuJ+BL._SL256_.jpg'}]",B09XWJRXDL,B0B6TYDMH2,AHFPYIEXLWSXBMUXVLVWPXTBP5FA,1675109622881,1,True
2.0,Its OK,"I bought this, was looking for a good deal on an air mattress. The first night or two, it was perfect, but a leak must have developed because now, it inflates and is deflated by the middle of the night. Problem is,  I don't know where to look to find the leak. It could be anywhere and I may or may not see it. Haven't spent much time looking for it and I just packed it away for now, but hopefully the next time I use it, I can patch it up.<br /><br />I didn't expect it to be amazing and I got what I paid for, but wish it would have lasted a little longer.",[],B000HBMFRS,B000HBMFRS,AEPIJHTTLG4L34A2HEX4NMAL5FMA,1279913748000,0,True
3.0,Three Stars,I expected a mediocre product for the price I paid.  Works for what I bought it for.,[],B001Z0WB7O,B001Z0WB7O,AERRDBH2DGRJN6VKV5OJZSZV27JA,1435023656000,0,True
2.0,Not good quality,"This blanket is scratchy, stiff, wrinkly and shrank significantly in hot water. It barely covers the bed now. Maybe after washing and drying several times it will soften up, hopefully without shrinking further. I will most likely replace it with something of higher quality than this.",[],B00C4J5UNW,B07932VG2Q,AGZZ2E4WQPM4YY2L2QTVNIPGNTKA,1630079510847,0,True
5.0,Sleek,"It has so many customizable options. It offers light up top, buttons are easy to understand. I get a lot of compliments.",[],B07PTQJZV9,B07PTQJZV9,AFEW6JTSSVAE5D2BGB3BGIPNK64Q,1572983788806,0,True
3.0,"Easy to assemble great for small space,with smooth surface","Was very easy to assemble ,but it was too small for my tv",[],B00DD5ZP6I,B08DJRFLBX,AFZHWYHGMTJ73B52IN4G6IO43D5Q,1617249798645,0,True
5.0,I love this humidifier,This is a great machine for the price. This is the second winter I have used it and it has made a difference in my skin and dry nose. I use it in my bedroom and it is the perfect size for that room.,[],B07C96NK8P,B07C96NK8P,AFVLEEEF6VBC7SFS33EQ5NXXN33A,1576768130313,0,True
5.0,Perfect curtain rod holder,Needed something quick and easy.  No drilling or hammering.,[],B09QPCD61J,B09QPCD61J,AGSPUP7RYAXMRQ574MFXK63ZJLYA,1657511042528,0,True
1.0,They won't stand up straight,"Really disappointed in this product. I read that they come bent for shipping and they would be able to straighten out once reshaped. I did not find this to be the case at all. The stems mostly straightened, but the top part with the fibers on it just flops over and looks horrible in my vase. This product was a total waste of money that I cannot return because I had to trim the stems to fit in my vase.",[],B08CVPXJSF,B097ZWNNQH,AEYSH3BOBRWW6EUKAMSMIBUP7Y3Q,1623010720759,3,True
5.0,Nice mattress pad,Fit great plenty deep enough. Washed before using had weird smell . Looks great. Washing got rid of package smell.,[],B000X1QR3K,B081YCY1VN,AGPG4WLPMFXOV3OVK7MMCC3ZHZJA,1438882674000,0,True
5.0,Works for our small rental company -,We press about 100 linens a week and this has cut the time spent on doing that by hours. We are able to press linens in about 3-4 minutes now - it's awesome and works for us. We also really like the stand.,[],B011CXIU6E,B011CXIU6E,AGZK3XBU5XO24VVEMH37VVMSYGRA,1553690471973,6,True
5.0,Love it!,Love that it is easy to use and not heavy first off. 2nd it has a decent scent neutralizer.  Came quick and completely satisfied.  Will purchase again when it time.,[],B0B2CTWVJ6,B0B7M4R7X9,AHVRXJ6IY25LTIHREWMRUIJ4Z7BQ,1674039590394,0,True
5.0,Thank you,Thank you,[],B07DYCQKYZ,B09NH4KF99,AHPVP7QIBN5AAAOY5HD2HI2P5IBQ,1566258206979,0,True
4.0,Support,Get value! Have this chair in my office at work.  Love it.,[],B07KJYY9BD,B0C2CQ4L9B,AEWFITOX246X447V66W5OK3ZAVNQ,1564712492797,0,True
5.0,Good quality and fits perfectly,"Super happy with this. I thought it might be snug, but it fits perfectly with just a little room to spare. Zipper works great, just what I needed.",[],B01MTZXSW5,B08Z8GQKD6,AHUHVRXQ7O5KG7Q2YUOXWW5P2DBA,1678675639397,0,True
2.0,Junk,Horrible fit. Very sloppy design. Light weight foam does not keep out air or sound,[],B003ZSWER6,B083WY6GD7,AEOOYHTOTXPJU6GPNEXOUH5DWD4A,1510006465228,0,True
5.0,Space saver!,"This thing is great! I had to downsize our kitchen items along our move to a smaller home. Only half the cabinet space as before, so this fits perfectly. Cleans up easily, folds away, extends to fit over the sink. Very sturdy. Fits our needs perfectly.",[],B07LGLTRN7,B09TW9L1L3,AGIHZG3K6E24QZU3HZB5MTYUGDFA,1655380259840,0,True
5.0,It's sharp,"Careful with this. It's like if you had several mandolins strapped together. That's both a good thing, and a bad thing. It's great for doing what you want it for, just also great for cutting your hands. Also purchase some cut-resistant gloves with it.<br /><br />I still give it 5 stars because that's exactly what I wanted. Just wear gloves with it.",[],B07SKFCNMP,B07SKFCNMP,AE4RKXZBRXXDF7XAHKDU6EL7KKEQ,1591914652710,0,True
4.0,Great,It sticks a bit.,[],B07MZW58BJ,B07MZW58BJ,AHP57CT6D3K6MDL35BP74ITHSTAQ,1557430600877,1,True
5.0,Nicely made very sturdy.,"I love fresh ground beans, this works for traveling!",[],B087Q4LGCF,B087Q4LGCF,AEGV432VWGPOHIMDNEMYXSRUZS6Q,1619377310624,1,True
5.0,Love it,We love it for our guest bath. No more tripping over two rugs. Wish we got the single runner years ago!,[],B01I6GLA0I,B01IAVRL3O,AGFFZTHJWW746FUWV3NVLKTVVNDQ,1516145600657,0,True
5.0,Love,Cute as can be!,[],B09R3XDZBF,B09R3ZMB1P,AGVOSCUWBNNOQBUJWTCFLRL6FGCA,1665785067495,0,True
3.0,Three Stars,nice desk,[],B00CLDNEL6,B00CO810AA,AF3TBRJ77VF4MLWWAW4XJP6BGHIQ,1489264383000,0,True
2.0,Not worth it,"I know this is an inexpensive product, but with the good reviews, I was expecting more. The flowers look like what you get from the dollar store: nowhere close to real and easily frayed. I will not be displaying them as intended, but at least my 7 year old daughter likes them.",[],B07ZKX6N44,B09FF4ZBKB,AFVFGHMMA7QRZXDYLTUBXVECTX6Q,1582896163624,3,True
5.0,Great Soap Dispenser!,This dispenser is very pretty.  It’s very easy to fill and looks great!,[],B07Q4R1LP4,B07Q4R1LP4,AGHWPTZQYKEGP4JCVLSSAQNGUCAA,1663630579949,1,True
5.0,Yes-haw! Western stickers,Kids loved them,[],B073SC6N6Y,B073SC6N6Y,AEFDCINY37MZTCFLTR2LNIK7T4OA,1533518090541,0,True
2.0,Broke on first use.,Knives are sharp and neat but the temper sucks. They can't be dishwasher washed and the knives broke cutting a watermelon. Would not buy again. Rather get handforged knives for $200 where I know it will last.,"[{'attachment_type': 'IMAGE', 'large_image_url': 'https://images-na.ssl-images-amazon.com/images/I/C1GAOmYH1LS._SL1600_.jpg', 'medium_image_url': 'https://images-na.ssl-images-amazon.com/images/I/C1GAOmYH1LS._SL800_.jpg', 'small_image_url': 'https://images-na.ssl-images-amazon.com/images/I/C1GAOmYH1LS._SL256_.jpg'}]",B08THL33CQ,B0B4SHNSLL,AETUQZQPWFRWIL2O6G73DINYBPCQ,1625333069446,3,True
5.0,Flame on,I just tell Alexa to turn on fireplace and it’s on. This also has a app on the phone . That can set temp program time to turn off and on .I love it best thing I’ve done…,[],B07WHQF18C,B07WHQF18C,AGPZI7G6IV6GTRRRMCJMBX6R7RDA,1669435874574,1,True
3.0,Would be good for someone who likes a firm pillow,"I am used to soft, squishy latex pillows.  This one is too firm in comparison to other latex pillows I have used.  Would be good for someone who likes a firm pillow.  I always recommend latex pillows because they are totally worth the price and are usually super comfortable.",[],B0128O3NLS,B0128O3NLS,AG4RXEBJCIQME4WIM6L43XGXNDGQ,1442589884000,3,True
5.0,Great,Great quality product,[],B0009MGQUC,B0CD898HTL,AFBFTCIMTH3FNDKEIVMBFK2T4AFA,1550259286169,0,True
5.0,Five Stars,Love this shaker and strainer set! Great addition to my bar cart.,[],B018TH4UT2,B018TH4UT2,AE36MA45JYE2URA6EVTQQXXZTNCQ,1454884236000,0,True
5.0,Must have for any collector,Purchased this as a gift and they loved it.<br /><br />A must have for any collector.<br /><br />Delighted children and adults alike this Christmas.,[],B016AT1NOQ,B016AT1NOQ,AHAGR5MWCE62P6YS5QZEHZLP35KQ,1452699654000,0,True
5.0,Fun to use.,"Great product works good for making cupcakes too, less mess.",[],B010S2NBT6,B010S2NBT6,AECA45QWFUJZS7OEYWZ5VS5QWMOA,1671246540080,0,True
5.0,Beautiful Bamboo. Neatens & Organizes. No more boxes catching on drawer.,"[[VIDEOID:c85ab7f95dec4ac100b476c8e66c6f5a]] This beautiful bamboo baggie storage organizer and holder feels sturdy and well-made. This is easy to install, fill, and use. Pull on the front baggie in whatever size needed and it comes right out, just one, dispensing perfectly. If an extra baggie is dispensed, it may simply be pushed back into the box. I like the engraving on this, so it will not wear off. I have tried it with Ziploc and Hefty brands, but it would certainly work with whatever brand you may have. I love how this neatens and organizes my baggies; no more boxes catching on the drawer when opening or closing. This can be used in a drawer or cabinet or on a counter; wherever it makes your life easier. Very happy with this.","[{'attachment_type': 'IMAGE', 'large_image_url': 'https://m.media-amazon.com/images/I/71Enzd9Em6L._SL1600_.jpg', 'medium_image_url': 'https://m.media-amazon.com/images/I/71Enzd9Em6L._SL800_.jpg', 'small_image_url': 'https://m.media-amazon.com/images/I/71Enzd9Em6L._SL256_.jpg'}, {'attachment_type': 'IMAGE', 'large_image_url': 'https://m.media-amazon.com/images/I/71Hd7I-y79L._SL1600_.jpg', 'medium_image_url': 'https://m.media-amazon.com/images/I/71Hd7I-y79L._SL800_.jpg', 'small_image_url': 'https://m.media-amazon.com/images/I/71Hd7I-y79L._SL256_.jpg'}, {'attachment_type': 'IMAGE', 'large_image_url': 'https://m.media-amazon.com/images/I/71aOx62wNfL._SL1600_.jpg', 'medium_image_url': 'https://m.media-amazon.com/images/I/71aOx62wNfL._SL800_.jpg', 'small_image_url': 'https://m.media-amazon.com/images/I/71aOx62wNfL._SL256_.jpg'}, {'attachment_type': 'IMAGE', 'large_image_url': 'https://m.media-amazon.com/images/I/71coXMiha+L._SL1600_.jpg', 'medium_image_url': 'https://m.media-amazon.com/images/I/71coXMiha+L._SL800_.jpg', 'small_image_url': 'https://m.media-amazon.com/images/I/71coXMiha+L._SL256_.jpg'}, {'attachment_type': 'IMAGE', 'large_image_url': 'https://m.media-amazon.com/images/I/71j8tVWQrML._SL1600_.jpg', 'medium_image_url': 'https://m.media-amazon.com/images/I/71j8tVWQrML._SL800_.jpg', 'small_image_url': 'https://m.media-amazon.com/images/I/71j8tVWQrML._SL256_.jpg'}]",B09PR422HV,B09PR422HV,AHQ4VAOPWBYUD3FUNK53CM6N77BA,1647753741465,17,True
3.0,Good,It’s really nice it keeps hot for long,[],B000FZX944,B01CVOBXE4,AEQ252FJ55ZG2SOEHJNE33OZIEXQ,1650556314137,0,True
5.0,Works well,Easy to clean,[],B00KVZ27UA,B09R8FMYL3,AFQTFU7GR3CLLAAAGSZITBJIJQBA,1630932087571,0,True
5.0,I can finally sleep through the night!,"Hands down the best pillow I’ve ever purchased.  So comfortable and soft and I love that you can alter the firmness of your preference. Get it, you will not be disappointed!!!!",[],B07ZY47VB3,B094R1YH79,AH7YTBTTVQ5BPZCBZMX7TK62TPZA,1601078058509,0,True
5.0,Awesome product,Easy to clean.<br />I would recommend this product,[],B0B9BCWCJM,B0C36YS1DD,AFD2NQUT42FQHSG4MK3WEC23MEKQ,1670082007833,0,True
2.0,Arrived damaged,Had to return as two of the hooks were broken off ipon opening the box.,[],B07MC2JF7K,B07QFMFXN6,AG57PIWCKYNOJFBUW4EFZBTQGL2Q,1644501578179,0,True
5.0,Awesome  Buy.,Love the desk. Simple design and not too complicated. Comes with tools so if you don't have any it fine.,[],B081DXDXW1,B09PGCJN2C,AE6QZTRHNPF2JLTM77UCS5CXQMGA,1616375503383,0,True
5.0,Torches,"Your normal, regular torches.",[],B06XNSJB49,B07RB7WSG7,AEDRYN3GICHX2IHHTXBJTPSEGHNA,1509890779581,1,True
5.0,Bigger than expected! Seems very durable.,Does its job and was way bigger than I expected (I don't even know where to store it!).,[],B071FC4GYN,B0BCKT1DR7,AEA7PLOKPBRWCSTTACQU3YE4AP4Q,1540652215439,0,True
5.0,NA,NA,[],B085W5DXB3,B0C7QWPF3G,AHYPTWQ4HT6IVKSVVPZSN2RJE2OQ,1616962872309,0,True
5.0,Five Stars,Beautiful,[],B01FH126JO,B01FH126JO,AE434ZQIZMA2KXF6KSINKY6DU3ZQ,1477522305000,0,True
5.0,Absolutely worth the money!,Keeps my water nice & cold on those Texas Summer days!,[],B08DP4LT98,B08DP4LT98,AH7PZQNDVSH2U4APYOAKZGB4HDUA,1599180677785,8,True
4.0,Works great! But cheaper at Costco...,"I got this kettle after reviewing about 5 other products. It works great. The design works in my kitchen, too. It's just that after I got the item I found out that it was sold at Costco for $13 cheaper.",[],B004XJWQZQ,B004XJWQZQ,AEW2BLQEYSWPIA2OZZVZOC4XQELA,1322407934000,4,True
5.0,😃,Si me agrado el producto,[],B07V7Y14L3,B07V7Y14L3,AHIWYL5NE5HQPLNCQZZ7UNHZRAAQ,1578854221679,0,True
5.0,The comfort in the pillow.,Helped my neck pain.,[],B09D3T9ST9,B09D3T9ST9,AFQTWAM6KTGEAEQ2QTAKMQUFNA7Q,1652662411199,0,True
5.0,This is amazing!!,Bought it for my 12 year old daughter to make smoothies in the morning and she loves it!,[],B01N7Y3H73,B01N7Y3H73,AGNNGGRN5ODUGUUK3SMVM3WEBDQA,1620867590321,0,True
4.0,Fair Value,It is a good frame for the price.,[],B01FJIS00Y,B0BVRJ53VV,AEWS63CQW7IDEEHESZJVI4TZ77YA,1486434130000,0,True
5.0,Excellent,Excellent,[],B075FZCX8S,B075FZCX8S,AF6BF5KKL5KVG6QREMI4WY4KPDBA,1556845894049,0,True
5.0,This is a pleasure to use,"For the longest time, I have been trying to take a single sheet off of my paper towels only to have half the roll tear off wastefully.  I have been using a plastic paper towel holder mistakenly believing that was my only choice.  If I pull too hard the whole roll falls out of the holder.  Needless to say, I was often frustrated.  Well, what a pleasure to find this holder.  Its description as a ""perfect tear"" is correct.  I get a single sheet when I want it.  And I am delighted it slides on in a single direction.  No longer do I have to battle my plastic holder which fights me as I try to put another roll on.",[],B0024AKCTS,B0024AKCTS,AEGF5ZBBWTFNHKEJXNN55LRIZLHQ,1677766736032,1,True
3.0,While I loved the pitchers,"While I loved the pitchers, the lids were a waste.  They didn't fit properly, would pop out of place while pouring, offered no air-tight seal, etc.",[],B01CT4G1ZW,B01CT4G1ZW,AFEMV5K7V45SWUXK5LNORGA4BQBQ,1468874948000,1,True
1.0,Complete waste of money,This is the third replacement I've purchased. All three lasted a few months and then leaked thru the seams. Complete waste of money.,[],B0063GICPU,B0063GICPU,AFBKOTR3KFBIKJVWCFSTVAVWXMFQ,1490368333000,15,True
3.0,Exactly what I needed for my bookcase in my desk ...,Exactly what I needed for my bookcase in my desk. Have the strips on the outside of the shelves,[],B0066GNEZ0,B073DJK3N2,AEBR5AK62WII2NWUSYPK36XXDOQA,1501107838943,0,True
5.0,Love it!,I loved this napkin holder so much that I bought another for a friend!,[],B0B7FS9XHV,B0CBH9WGW8,AFACFYVPJSUHPNGZDDVB2UTN46RA,1684971496651,0,True
4.0,Keeps your tea/coffee hot/,"I would give it a 5 but the lid that screws off comes in 2 pieces.  When you wash it (by hand), it takes forever to dry.  That being said, it keeps my tea so steaming hot after 5 hours it is worth the money!!!",[],B00B1KVOX0,B00B1KVOX0,AFXC5EY4BTOBA2GPHSWQKJPC3KBA,1431265904000,0,True
5.0,This order came quickly and now my shower is not ...,"This order came quickly and now my shower is not cluttered with all of my wife's bottles of conditioners, shampoos, etc.",[],B017A1WJ6Y,B017A1WJ6Y,AHSCZ3UL7WPCVF3GBHVSIVE3OU4A,1493678028000,0,True
4.0,Mix your drinks in seconds.,"I love this product, it's very efficient, mixing your soft drinks like coffee, powder protein drinks, hot chocolate  and more in just seconds.<br />I use it everyday and It just started to malfunction. I think I need to get a new one.",[],B08R1C9S6Z,B08R1C9S6Z,AHYUEVBJX75CVIADIF4DPYUBD43Q,1660680243183,2,True
5.0,nice size for smaller items,"I really love this for carrying chopped vegetables, meats, and spices to the stove.",[],B098LNTV5Z,B08FDCHS2J,AHARAVBKJ3G7AU7QDXKGCVLZOUIQ,1662656726994,0,True
5.0,Love it!,Love the brushed nickel look and Easy to put up,[],B09PGJ3G3K,B0B2JV3335,AHDI6LD6WKAZ7FETDVAP3YS2QSYQ,1674918797682,0,True
5.0,This will work great for my step-daughter when going off to college in ...,This will work great for my step-daughter when going off to college in August.  She has a lot of clothes and shoes so this should help with storage.,[],B002OAZP3Q,B00KH6ZOVM,AFFLS5EEHXENMQZYJ22Q7X3QGD6Q,1428916376000,0,True
4.0,Four Stars,very cute,[],B00ED2TMGY,B01MU9LS77,AGUXJ3LVRKGGRWSB6FDYOYQA4OMQ,1442941245000,0,True
5.0,Five Stars,very beautiful,[],B00Y83UVLS,B00Y83UVLS,AGVNIP3B4F6VZJNBYZJ5L2BN5OVQ,1438268486000,0,True
4.0,Beautiful vanity.,I have not used the vanity yet but love the way it looks in my room with the other furniture. My husband just put it together with no problems. I will use it in the morning.,[],B001BCSWWO,B001BCSWWO,AHMKJT6EAQEX2R3EBFCH6RP3VSXQ,1398617489000,0,True
5.0,Five Stars,Best,[],B002IY76Z8,B002IY76Z8,AFVGPEUW3FLIBWJRXCUYLIWN2V3A,1423455410000,0,True
1.0,The cover glass is displaced.,I understand that this could happens when making the product. What I cannot understand is how it gets to my home being so evidently defective.,"[{'attachment_type': 'IMAGE', 'large_image_url': 'https://images-na.ssl-images-amazon.com/images/I/51NjqnV7xUL._SL1600_.jpg', 'medium_image_url': 'https://images-na.ssl-images-amazon.com/images/I/51NjqnV7xUL._SL800_.jpg', 'small_image_url': 'https://images-na.ssl-images-amazon.com/images/I/51NjqnV7xUL._SL256_.jpg'}, {'attachment_type': 'IMAGE', 'large_image_url': 'https://images-na.ssl-images-amazon.com/images/I/51f8zHpan3L._SL1600_.jpg', 'medium_image_url': 'https://images-na.ssl-images-amazon.com/images/I/51f8zHpan3L._SL800_.jpg', 'small_image_url': 'https://images-na.ssl-images-amazon.com/images/I/51f8zHpan3L._SL256_.jpg'}]",B01MXYQOFS,B01MXYQOFS,AELEUUYKJXAGBINTY4N67SCXAPRA,1606498071331,0,True
5.0,Beautiful colors combined to match my existing decor.,I like Ed the colors and it’s nonskid properties the most. It was inexpensive but looks like luxury decor.,[],B07QD78MXF,B07QD78MXF,AG5DQDV4HWNDIKA4DGPRKYRTYRYA,1623214785834,1,True
5.0,Serves it's purpose.,I got it to store my silicone straws. It's attractive and does what it's supposed too.  Seems a little pricey for what it is but everything is priced too high these days.,[],B01LZB7XXV,B01MTB92N8,AGPN2RH5CHAPI3XVMYBT2TZ7N23A,1633316373210,0,True
4.0,Four Stars,"I am impressed, very comfortable",[],B00GU4C6W0,B00GU4C6W0,AHIUIGGQDE5FDUZWU7N6BLZNRFEQ,1474905534000,0,True
5.0,Bed,.great!!!!,[],B01730LX9Q,B01730LX82,AEPSCHVI3XIMEEZJWO2GBCPLEQHA,1624761771470,0,True
4.0,Four Stars,works great,[],B003FNU7G6,B00KGV6YT4,AEVLWPZ26UUMGAJAVJ6RBYOIC5KQ,1420918685000,0,True
5.0,Beautiful rug! It looked brown in the picture,"Beautiful rug!  It looked brown in the picture, but is actually wine/burgundy color, which worked really well in the room.  Great quality for the price.",[],B00YV43T9K,B00YV43T9K,AGBMCVCMYID7MSLLSKKYFMN5CG6A,1454271166000,1,True
5.0,Love it,Just what I was looking for,[],B08SBKXK73,B08SBKXK73,AESYLPZBXQM5OP4VQDXEQG3EADOA,1631729822078,0,True
4.0,Small but good for a 6 y.o.,"Bought this gift as a Christmas present for my daughter... I have not attempted to turn it on yet to see if it works as Christmas is a few weeks away and I don't want it to die before hand. For the price, it's a GREAT item! It is a little smaller but I'm sure I would have known that if I read the whole description.",[],B004W82H7A,B004W82H7A,AFWNL66KMFHSZ3M6PFJ7LALQNCNQ,1386604913000,0,True
5.0,Looks expensive than it is,Perfect to impress guests,"[{'attachment_type': 'IMAGE', 'large_image_url': 'https://m.media-amazon.com/images/I/91tlujXjBgL._SL1600_.jpg', 'medium_image_url': 'https://m.media-amazon.com/images/I/91tlujXjBgL._SL800_.jpg', 'small_image_url': 'https://m.media-amazon.com/images/I/91tlujXjBgL._SL256_.jpg'}]",B07FM6R341,B07FM6R341,AGAL53LCI5SEQDSZVGKRIAFFEQDA,1629750971748,0,True
2.0,Shelving,"The main issue you have with the design of the shelf. Is simple as the bolt holes are in a straight line up and down. Very unstable once mounted to the wall from right and left movement. Easy to install. Would not recommend it if you have something large to put on it like. PlayStation, DVD, or X box.",[],B01N5I74Z6,B01N5I74Z6,AHU7OTHI32TP6F23GDQ4LLDBC4FQ,1599832314441,0,True
5.0,Modern TV Stand Television Console,sturdy and looks great,[],B08QC7W58P,B08QC7W58P,AFF2U3VJY2BESOQUVBKTFW45U75A,1623435261154,0,True
1.0,Súper pequeño para su precio$,"Exageradamente pequeño, creo que no vale lo que cuesta.",[],B07GXX8SY1,B07GXX8SY1,AGFOY6PZ26I3RTLHDBS3O7QEGXAA,1593821690176,0,True
5.0,Experience Cozy Bliss With This Blanket!,"I recently added the Ultra-Soft Waffle Weave Blanket to my bedding collection, and it’s safe to say that I’ve found my new favorite blanket for ultimate comfort and relaxation.<br /><br />The first thing that struck me about this blanket is its luxurious texture. The waffle weave pattern adds a touch of elegance and sophistication to my bed, and the softness of the fabric is simply irresistible. As soon as I wrapped myself in it, I felt like I was enveloped in a cloud of coziness.<br /><br />The blanket’s generous size ensures that it covers my bed perfectly, providing warmth and comfort throughout the night. It’s lightweight yet incredibly insulating, making it suitable for various seasons. Whether it’s a cool summer evening or a chilly winter night, this blanket is versatile enough to keep me comfortable year-round.<br /><br />One of the standout features of this blanket is its breathability. I don’t overheat while using it, thanks to the waffle weave design that allows for proper airflow. This makes it an excellent choice for those who tend to sleep hot.<br /><br />Durability is also a strong point of this blanket. Despite multiple washes, it maintains its softness and structure. The quality of the stitching and the overall construction is evident, which gives me confidence in its long-lasting performance.<br /><br />The Ultra-Soft Waffle Weave Blanket has become my go-to companion for movie nights, lazy Sunday mornings, and peaceful nights of sleep. Its ability to provide warmth without being heavy, coupled with its elegant design, truly sets it apart.<br /><br />If you’re seeking the perfect blend of style and comfort in a blanket, look no further than the Ultra-Soft Waffle Weave Blanket. Its quality, texture, and cozy factor make it a must-have addition to any home.",[],B0BRXPYSZX,B0BRXP2CJH,AEMXE4R3GTMBEDZP6C43ATMRFY2A,1692874982092,0,True
5.0,"A dino that hangs on the wall? Yes, please!",This has to be one of the freakin' COOLEST purchases EVA!!!!! It's just as it's pictured but more awesome in person. I've named him Harold Rexington and he lives in my office.,[],B00GGYH12Y,B00GGYH12Y,AEDZ2ZWH6JKMQH5XPN6HSAW5AT3A,1450312353000,2,True
5.0,Eufy RoboVac G30,Oh I'm so in love with my robot!!!<br /><br />So far it's GREAT!!!!<br /><br />The only thing the brush attachment comes off easily but nothing that is going to make me return it<br /><br />I just LOVE it,[],B08JKFCRJL,B08JKFCRJL,AFWDECIKTC6UJAGEHQVVPQBRCRNQ,1658361807464,0,True
5.0,Practical Sturdy Easy Pop In,Great product. Instant pop in and ready to hang!,[],B00TY647VY,B08BW3T6FL,AGILP3P647UUVKTXRVT37KTABRCQ,1608646847875,0,True
5.0,Plastic Flatware,Very nice and heavy duty.  Not the flimsy flatware.,[],B004CG6TSU,B004CG6TSU,AEMRQEPI4PDA2FVV4MR4BIODYEEQ,1498348735142,1,True
1.0,Broke in less than a month,We ordered this vacuum on January 8th and it broke at the beginning of February.  I am still trying to figure out how to replace it.,[],B00020BQGK,B00020BQGK,AHO4UCEADGNRKHNXKZZBIZNFK4OA,1362244436000,0,True
5.0,Sabor y calientito,Me encantó. Queda sabroso el café. Que lastima que no tengan ahora disponible,[],B06X3SSTD8,B0BMB9MY4Z,AF7HN2TW2GCJOMSINAVFLSJH7NOQ,1612580317529,0,True
5.0,Excellent stool,This is exactly what my wife needs to help get in the high bed we got.,[],B08DFFGN7Y,B087TCKGJY,AHDAN4JCVQMEUKAL2CWX2ZXSA5MA,1657723101222,0,True
4.0,Good value for money,Good value for money,[],B0BFWNJ162,B0BFWNJ162,AE227MWXMKJKIMVHYY77LDP3HRWA,1669150023990,0,True
5.0,Very nice,"Good quality, comfortable and sturdy. Also good price.",[],B00IHN4UZ8,B00IHN4UZ8,AHN3HPTN3O3ETVWJEFGRF6FFD4RQ,1541174654777,7,True
5.0,Soft nice comforter,The color is awesome and it’s warm enough. I’m happy with my purchase,[],B09QX2DB9K,B09TG9SLY4,AEDPFNTSW6HKASRIPI5CGEKCQILA,1665346635409,0,True
5.0,Must have basic!,Great for parties,[],B07GKZTQ87,B07GKZTQ87,AHGJKE4EP5B4LOWUBGWQYPAS5IZA,1576444715930,0,True
5.0,Great for School,"I bought this to replace mine that got lost in my classroom shuffle.  I had wanted a larger size, but this was the best one for price and delivery time.  I ended up liking this one for storage.  I can store this one flat in my cabinets, whereas the bigger one needed to be rolled.  I thought about laminating it, but then decided against it so my students could free the crinkliness.",[],B00WR713B4,B00WR713B4,AEGV6NOB7NWEPJOBLQV5FXAR45HQ,1623118509168,0,True
5.0,Very versitile.,Easy use of it.,[],B078H4SVNW,B078H4SVNW,AF6HCATVKKXAC7OEIGAHO5XSBQQA,1540085660423,1,True
5.0,A Fine Product!,Excellent craftsmanship!  Love it!,[],B008DCH9A6,B08NJP6KJW,AGNIGPPAFGTUFHDMFTAAAGOVQ2TQ,1625593584425,0,True
5.0,great quality,love this - very soft,[],B072XGV23K,B0C4MXM9ZQ,AETRK3SAOK4GMLVN2G6V4E6QGCTQ,1572367743819,0,True
5.0,Nice Stainless Steel Straw Set,These are a lot thicker and higher quality than I expected for the price. When I ordered them I wasn't sure if I would like the straight or curved straws. As it turns out I like them both but it was nice to get a variety of styles and sizes. Plus there were plenty for me take a couple extra into work and keep at my desk. The cleaning brushes were a nice bonus.,[],B07D34ZNMH,B09W8XQYDX,AHZDGT6WBYTUFPKCEHY3KFA3MH2Q,1564618233079,0,True
5.0,"From a ""Pillow Snob""","WELL!  I have herniated discs in my neck and have been through MANY, MANY pillows (to include &#34;My Pillow&#34;- YUK/sent back immediately), so I have to say I am somewhat of a &#34;pillow snob&#34;!  These pillows are just unbelievable and for the price, and you can't go wrong.  To try to explain these pillows, is trying to explain perfection for my poor neck.  They are cool, and in South Florida that is important, since it's hot as heck most of the time!  They are soft, yet firm (WHAT?  yes, really!).....They provide great support for my neck which I've had problems with for 20 years.  I highly recommend these pillows to anyone but especially to those who have neck issues.  Mine arrived perfectly packaged (NO MOLD as others have stated).  Once opened from the vacuumed sealed package, they expanded to King size!  Amazing!  Love, Love, LOVE these pillows.  Will buy again if I need to replace these.",[],B01LYC1XSM,B08XYD548C,AH35WRGEDAEKKV6G6BACZTYEIJPQ,1521304043786,1593,True
1.0,"product came damaged with large indents, not from the shipping",A replacement is on the way. hopefully undamaged.,[],B074T3DK8V,B09RNB69M1,AET62LOSSHREMZXIC3WDJUFCLVHQ,1552256237208,1,True
5.0,Five Stars,Keeps the drinks cool and my lunch warm so overall great product,[],B001RKH7FS,B001RKH7FS,AEODAHY3C6BP2Y7Y7HDHPXDXH63A,1516611040795,0,True
5.0,This is the perfect paper towel holder,This is the perfect paper towel holder to mount inside your pantry very stable easy to pull from,[],B000AXG5ZQ,B00WGKHUQE,AETGRQV2P62I7KOELRSFNQE22EPA,1561578952364,0,True
5.0,Black desk,"Great desk, easy install.","[{'attachment_type': 'IMAGE', 'large_image_url': 'https://images-na.ssl-images-amazon.com/images/I/51Evix6VZRL._SL1600_.jpg', 'medium_image_url': 'https://images-na.ssl-images-amazon.com/images/I/51Evix6VZRL._SL800_.jpg', 'small_image_url': 'https://images-na.ssl-images-amazon.com/images/I/51Evix6VZRL._SL256_.jpg'}]",B01MEGZFKL,B084WZKVGK,AFZNPSQGCD4TZMU3KQRHZPAMQIBQ,1572100652277,0,True
5.0,I am so happy with this towel set,I am so happy with this towel set.  They are very soft and fluffy.  I washed them with a bit of vinegar and they both washed and dried perfectly.  I will be purchasing another set very soon.,[],B00GQP1034,B0BGLZXZQ6,AGP7S4BZAJ7ADPTJYLQYHCYPS5MA,1418063093000,0,True
5.0,Easy to install,Great material,[],B07VFN23XJ,B0B723GNRB,AFOHM7AGOXJZRQAKCIC6IJPQUF2Q,1576638975953,0,True
5.0,Great value! Beautiful!,"I fell in love with a dark charcoal gray bed skirt at a store. It was almost $400!!! I started looking and it was hard to find one as long as I wanted. I wasn't optimistic about this one bc it said ""microfiber."" But it's so pretty. It's silky with a slight sheen to it. I threw it in the dryer for a few minutes and it came out wrinkle free. It has splits for a footboard and looks great. Very pleased with my purchase!","[{'attachment_type': 'IMAGE', 'large_image_url': 'https://m.media-amazon.com/images/I/716Qv-tQeWL._SL1600_.jpg', 'medium_image_url': 'https://m.media-amazon.com/images/I/716Qv-tQeWL._SL800_.jpg', 'small_image_url': 'https://m.media-amazon.com/images/I/716Qv-tQeWL._SL256_.jpg'}]",B07KSWSCQG,B07KSWJFRZ,AH6D5TYLCLJU7QSUQYP5OJHW4POQ,1688159003473,0,True
5.0,Worthwhile  purchase!!!!!!!,"Nice set. . No seams, beautiful  craftsmanship,  nice gift box.  Comes with a lifetime warranty.  You won't be disappointed.",[],B019YQ3HSM,B019YQ3HSM,AEXZIBUCU2TQOLCQN5C23J3NZWFQ,1482329781000,0,True
5.0,Five Stars,Very nice and very practical.,[],B00HYOGUKY,B0917BW1RH,AG2V2QQBZTCAZG37T6P25KIJYFMQ,1453416136000,0,True
3.0,Too short for queen size bed,Too short to make the bed properly.  But already washed them so stuck with it.  Will make it work!,[],B00ZWT3NHG,B08ZDR44HX,AFCFH5SNSABG3GJJGGPRHA4QYB2Q,1659542074923,0,True
4.0,Four Stars,Attractive---,[],B01AOMYWQQ,B01N99R41E,AGKS2NVJL6VC7KAI5ZWDEMXUDK4Q,1484525912000,0,True
2.0,Two Stars,Cheaply put together. I'll never buy an apron from chef works again.,[],B00EYBK9V6,B002JM17WW,AHAPWP5JYXXUWEVDFODDLJY7PPZA,1514735888967,0,True
5.0,The best of the best,So easy to use and clean.,[],B07GWNHDXH,B0B66WTLZ9,AG5EVX7IDUCOKCIDQPAA77IY2VNQ,1584485451105,0,True
2.0,Seemed great until it broke,"Seemed like a great pepper grinder, but then it broke. Bought it maybe 6-8 months ago; for some context on usage, I believe we'd gone through 3 or 4 refills. So not that much; I'd expect it to last longer. The breakage is in the grinding mechanism; it's not like we dropped it or anything. Kind of sad.",[],B0017KOFKI,B0017KOFKI,AHCL7HULN25R4UTAZIPK5ZHENTSA,1285621113000,7,True
5.0,Awesome,Great product,[],B078T9P54X,B09PG25PZ2,AEIEVTWOA3MWTK2I5FQUGVOGGSKQ,1605092899979,0,True
5.0,Easy to clean,I use it for tea .very good quality.,[],B09P3NGV68,B09T6SSWK2,AGLPXL7ALTLP2HEU2WM5JJSJ72VQ,1678559567864,0,True
5.0,Perfect organization,I love these. My kitchen looks so much more organized.,[],B0822KNQKT,B0C7CPHD7R,AGXMVUE473WMRFZ45UUD22IUK2DA,1617900148229,0,True
5.0,Very useful,Found myself using this item in ways I did not originally expect to.,[],B07ZH2YN3X,B07ZH51NR6,AEOA25I35TSKSGJOP7DREHZNA2DA,1595433688294,0,True
4.0,Price went up $30 in 4 years???,"I bought 3 sets of these in 2016 and they were $40 a set.  They are a good product and have held up all this time.  I gave 4 stars because the tops are a bit bowed, wouldn't want to put a lamp on there, but otherwise they are great.  I just came back to buy some more, but the price has gone up a ridiculous amount.  I guess I'm not getting any more of these.",[],B00V87C10Q,B00V87C10Q,AHLV5ENAZH62MHYAAXCFKH6Y3S5Q,1605382470739,1,True
2.0,This mop is nice and I was very happy with it for the ...,"First let me say that I purchase thousands of dollars of things on Amazon every year.  I am a Amazon junkie.. This mop is nice and I was very happy with it for the first few weeks.  It did a great job but soon, we experienced large puddles of water because the tank that holds water has a faulty water cap on it.  This makes the mop drop puddles of water that is cold and not hot...  Since we bought the mop 45 days ago - Amazon said it is not insured or returnable.  I only want the faulty water cap replaced but, no chance of getting satisfaction... so I'd say buy this one from a store near you so that you can return it for manufacture fault.<br /><br />Hope this is helpful!<br /><br />Rita",[],B0091YYUAM,B0B5FKLMP2,AELX6GU7V2OZDW7NKDW4J2BIOYBQ,1426627551000,3,True
5.0,Candles,These candles arrived very fast and seem durable. I would buy them again.,[],B07F5JBM3B,B07PQT2DYW,AFIDFKOY3PAUFAXEB7EB3N3BADOA,1551100054918,0,True
5.0,Served its purpose of organizing cabinet items.,Simple and good for intended purpose,[],B08YD23Z7G,B0C5P8993N,AHX544ZSIS4Z4X43HRGFPLKCXMZQ,1628652732707,0,True
3.0,"Good for upholstery, not the best for carpeted stairs","This little vacuum works fairly well for upholstery and the cord is very long so you don't have to move the plug constantly. However, I had hoped it would do a better job on our carpeted stairs. Note there is no rotating brush--this vacuum couples suction with a rubber tip for gathering up hair. It does work, but it can be tedious when you have to cover the same patch of carpet several times to really get the hair up, as is often the case. The &#34;power paw&#34; vacuum hose attachments do seem to work better, but every one I've tried quit working within a few months. Here are some pros and cons to consider for carpeted stairs:<br />Pet Hair Eraser<br />  Pros: light weight, long cord<br />  Cons: often requires multiple passes (slow), need to empty out hair frequently<br />Power Paw (hose attachment)<br />  Pros: works very well, emptying infrequent<br />  Cons: really noisy, not durable, requires you to lug the vacuum up every few steps<br />Regular Vacuum<br />  Pros: works better and faster than the other options, quieter, emptying infrequent<br />  Cons: it's really awkward and heavy to vacuum stairs<br /><br />Note that none of the three does a good job getting into the corners of the steps--the vacuum hose is still the best bet there, although the crevice tool attachment for the pet hair eraser works reasonably well if you also ball up any matter hair with your fingers.",[],B001EYFQ28,B07XBPHM6Q,AH7CXUXIGYAWWW5G4ZH2JDPGKTOA,1406151947000,2,True
5.0,Great vacuum,"Really enjoy this vacuum. I have some shag rugs and it does a decent job getting over and onto them while still being able to vacuum. The battery life is awesome. Covers my entire apartment for about 30 mins and is at about 80%, which is great. Overall glad I purchased this one!",[],B09YLJZQFK,B0C6JX48WV,AHSLZ7TOBDN6ZKBHYHLJQQGWXXAQ,1668656565140,0,True
1.0,Stopped working after a few months,"The product worked fine at first (after I figured out the batteries). However, about six months after I purchased it it just quit working completely. Even with brand new batteries it does nothing. Very dissatisfied with this purchase and would like a refund.",[],B018TCWL8O,B09TL81KCV,AEJUVR62TXF3MJ653WRCBWHHB5NA,1519833791890,0,True
4.0,"Arrived very quickly, everything was as pictured.","Arrived very quickly,  everything was as pictured.",[],B07193WNFD,B07193WNFD,AEYYCHNM7USLYXEMYEA2XOZBKAGA,1511729860946,0,True
5.0,Thank you for making this!!!!,"If you have one of these vacuums, you know exactly why you need this in your life!!! Now I can clean my car—and anything else a straight stick part cannot bend into 🤦‍♀️. This fixes a major design flaw!!!! (It stretches out pretty far too.) Getting this made my week!!!","[{'attachment_type': 'IMAGE', 'large_image_url': 'https://m.media-amazon.com/images/I/612uwL36XpL._SL1600_.jpg', 'medium_image_url': 'https://m.media-amazon.com/images/I/612uwL36XpL._SL800_.jpg', 'small_image_url': 'https://m.media-amazon.com/images/I/612uwL36XpL._SL256_.jpg'}, {'attachment_type': 'IMAGE', 'large_image_url': 'https://m.media-amazon.com/images/I/71-ZBcOuTrL._SL1600_.jpg', 'medium_image_url': 'https://m.media-amazon.com/images/I/71-ZBcOuTrL._SL800_.jpg', 'small_image_url': 'https://m.media-amazon.com/images/I/71-ZBcOuTrL._SL256_.jpg'}]",B00Y35VUWA,B00Y35VUWA,AHLKUQAFUYVZHOBTWTTQUTWRV2FA,1660001335167,0,True
5.0,Five Stars,Fit great on my diswasher,[],B015K69086,B015K69086,AGFXEPJEMOIGUROGPVBH46PSJMZA,1483907932000,0,True
5.0,They came fast and they’re very vibrant.,These are much prettier in person and perfect!,"[{'attachment_type': 'IMAGE', 'large_image_url': 'https://images-na.ssl-images-amazon.com/images/I/C1yQLWKMBtS._SL1600_.jpg', 'medium_image_url': 'https://images-na.ssl-images-amazon.com/images/I/C1yQLWKMBtS._SL800_.jpg', 'small_image_url': 'https://images-na.ssl-images-amazon.com/images/I/C1yQLWKMBtS._SL256_.jpg'}]",B08TPBNYT5,B0B5HWLC2S,AFDTRJIO7L7NHVBP23GEU6LCN2AQ,1621559479405,0,True
5.0,Beautiful Birds,Loved the birds.  Better than I imagined.,[],B071W969KY,B071W969KY,AGADFXOVU6V6EW5L6SDZF2PBCU4A,1576012771854,0,True
5.0,Awesome mattress,Great mattress,"[{'attachment_type': 'IMAGE', 'large_image_url': 'https://images-na.ssl-images-amazon.com/images/I/7186EFKMW5L.jpg', 'medium_image_url': 'https://images-na.ssl-images-amazon.com/images/I/7186EFKMW5L._SL800_.jpg', 'small_image_url': 'https://images-na.ssl-images-amazon.com/images/I/7186EFKMW5L._SL256_.jpg'}, {'attachment_type': 'IMAGE', 'large_image_url': 'https://images-na.ssl-images-amazon.com/images/I/71HAIw80VyL.jpg', 'medium_image_url': 'https://images-na.ssl-images-amazon.com/images/I/71HAIw80VyL._SL800_.jpg', 'small_image_url': 'https://images-na.ssl-images-amazon.com/images/I/71HAIw80VyL._SL256_.jpg'}]",B0779GJ5NY,B0B4TN68NX,AHM2DCRP7S4UUDFKMRSJWSRDV22A,1589369875617,0,True
2.0,Lukewarm Coffee,Coffee should be close to hot when served.  The Nespresso VertuoPlus produces coffee that is not hot and has to be consumed immediately else it is cold.,[],B01NBJ2UT5,B01NBJ2UT5,AFVYHP7DSBTML4SCEF7ATMWENGXA,1581204252691,0,True
4.0,Reversible,I love that there is two sides to this sign and it goes perfectly above my coffee bar. however it is made out of styrofoam I think and is not very good quality.,[],B08SBWCHHQ,B08YD5JJJL,AH6CDWJWK6ISS3APBMZQF2PUYXAA,1670432725292,0,True
3.0,Nice But?,"Love the &#34;crackling&#34; sound, but hardly much scent to this one?",[],B000MURHY0,B0BMNM25WY,AF2SYO5KDFQDMB2V2ON2X3SV4BBQ,1412608110000,0,True
5.0,conversation pieces,"Everyone gets a kick out of these glasses.<br />They are also good quality and practical, and will be on our gift list for families this year.",[],B002MUBWV2,B01MG9MJIP,AHPFZSFY43ZUNQ7GPEUZEX37CCMA,1369745700000,0,True
5.0,Very High Quality,I was very surprised with the quality of this set.  Far superior to others I have seen.  Worth the price.,[],B003OYOWQW,B0BLXTLH4X,AHOJDS2TPOA2INYJS2Y62MU5J6XA,1357244545000,0,True
5.0,Go and lots of options.od quality,Great.,[],B01CT63964,B0B6GLN38Y,AEROQ52GJEZJR2QMMBBRV47YWXYQ,1617931565050,0,True
5.0,Easy to hang,Went great in the bathroom..matched everything..,[],B0832J969S,B08MXNMLKC,AHXYKXAEHF3UD3DY33TY26IWCE4Q,1690126261943,0,True
5.0,Outstanding Company and Product,"Love, love, love this package! Everything you could want for your instant pot and outstanding customer service too. I will certainly patronize this company again.",[],B07W1PX5B5,B07W1PX5B5,AFECKWVXKYDIZ5QCZFDTMHRBXDPQ,1577328363734,0,True
5.0,Super cute,"Super cute hamper, perfect for my monkey themed nursery","[{'attachment_type': 'IMAGE', 'large_image_url': 'https://images-na.ssl-images-amazon.com/images/I/71YbU4FDXtL.jpg', 'medium_image_url': 'https://images-na.ssl-images-amazon.com/images/I/71YbU4FDXtL._SL800_.jpg', 'small_image_url': 'https://images-na.ssl-images-amazon.com/images/I/71YbU4FDXtL._SL256_.jpg'}]",B06W9JQL85,B0BSDKR1VL,AF65PDAOOGNGNUCJRPZBTJZDEJCA,1539822421100,0,True
5.0,Great inexpensive organizer!,Works perfect,[],B06XSS9SSL,B0C5XS381N,AGRPEA4JEJ337LAXER3SSSLMQCYA,1502336254541,0,True
1.0,Horrible,It’s insane! I just got broken pieces,"[{'attachment_type': 'IMAGE', 'large_image_url': 'https://images-na.ssl-images-amazon.com/images/I/51nh66dIasL._SL1600_.jpg', 'medium_image_url': 'https://images-na.ssl-images-amazon.com/images/I/51nh66dIasL._SL800_.jpg', 'small_image_url': 'https://images-na.ssl-images-amazon.com/images/I/51nh66dIasL._SL256_.jpg'}]",B07KXMFKKF,B07NQQ7LV1,AHNDB5UBUN6KFJWSKGXJUZGINUNQ,1595797857432,1,True
2.0,"Dim, So Dim","The above black square is a photo of my new clock with the brightly illuminated numbers, taken at night. It came with an extra piece bouncing around loose in the box and no instructions to tell you what it was or what to do with it. I bought this so I could easily tell the time looking at the wall next to my bed. The truth is - as pictured in the photo - I can’t even see the clock.","[{'attachment_type': 'IMAGE', 'large_image_url': 'https://m.media-amazon.com/images/I/21W0wVRiDzL._SL1600_.jpg', 'medium_image_url': 'https://m.media-amazon.com/images/I/21W0wVRiDzL._SL800_.jpg', 'small_image_url': 'https://m.media-amazon.com/images/I/21W0wVRiDzL._SL256_.jpg'}]",B07Q5W6FP4,B0BJKP88PC,AFQHXJESAUCXAAVYPXM3KERM7KOA,1645088779431,2,True
5.0,Just what I wanted!,Really nice! Easy to fit over chair and really makes it look nice! Will be easy to take off and throw in wash!,[],B08BRJB5QX,B09Y1YCTWJ,AFKV4CNXZEIM42YH4QI6LVEIFI4A,1602015579628,0,True
4.0,Nice,"Easy to clean, boil pretty fast. The max level is half way of the pot, but for 1 or 2, it’s enough.",[],B074T6KZRK,B08CS78N3Z,AEJC43VY45EKT67UBPZCD6ALFR5Q,1608767220197,0,True
2.0,Cute container. Unfortunately have to spend a lot of ...,Cute container. Unfortunately have to spend a lot of time loading the Q-tips just perfectly from the top. Any one that ends up sideways prevents the way dispense mechanism.,[],B01F7TUOXG,B01F7TUOXG,AFRPCRRPUFVWNBT57W3ZRQLHFYGA,1515100343603,0,True
5.0,You are getting expensive looking sheets at a reasonable price.,The sheets really light weight. Don’t wrinkle.<br />They have a sheen. Wash and dry quickly.  The color won’t fade  because of the type of fabric.,[],B0112XOOZ0,B0B53DWRVW,AEVRYIUIPOIP2JPF5LZUYTMUKANA,1581957781456,0,True
4.0,Easy to put together and use,Its a little unsteady. But it's great. I use a laptop and 2 monitors. Everything fits great with extra space. You can save settings for where you want it when you're sitting or standing. Mine came well packaged with no issues.,[],B09HS7RXP6,B09HS7RXP6,AGMFRYXH2OCLKENKWCWCRU6VGQ7Q,1658520848226,1,True
4.0,Cute! Small Defect,"Love the mug! There was a bit of a misprint on the inside, but overall it's still really cute. ""Fine"" isn't as pictured. I've attached an image as an example. Would be 5/5 without the defect.","[{'attachment_type': 'IMAGE', 'large_image_url': 'https://images-na.ssl-images-amazon.com/images/I/61HR1JcAvLL.jpg', 'medium_image_url': 'https://images-na.ssl-images-amazon.com/images/I/61HR1JcAvLL._SL800_.jpg', 'small_image_url': 'https://images-na.ssl-images-amazon.com/images/I/61HR1JcAvLL._SL256_.jpg'}, {'attachment_type': 'IMAGE', 'large_image_url': 'https://images-na.ssl-images-amazon.com/images/I/61beR3a+Q-L.jpg', 'medium_image_url': 'https://images-na.ssl-images-amazon.com/images/I/61beR3a+Q-L._SL800_.jpg', 'small_image_url': 'https://images-na.ssl-images-amazon.com/images/I/61beR3a+Q-L._SL256_.jpg'}]",B07D7JJJKL,B07D7JJJKL,AEAPKGP42JSIIWGXG5RZSI53TXTA,1549126793860,0,True
5.0,Perfect!,Mom uses it everyday!,[],B000RJTNFC,B0188FOIJM,AEQFXEWASK7YQQWBA3GFYDKMTSCA,1545504594345,0,True
5.0,"Great size, non-slip sides work great and they clean ...","These cutting boards delivered everything I was expecting. Great size, non-slip sides work great and they clean easy too.",[],B015D3MH8Q,B015D3MH8Q,AG4TY6N44IQTJUP65BKEHJBAMMZA,1461194537000,0,True
5.0,Great gift!,"My niece loved these for Christmas! She called so excited. She felt so special, it was nice to see her reaction.  She mentioned the set came with beautiful napkins along with the tea cups and spoons, which was a nice touch.",[],B08129K7MC,B08128LL98,AF4PUGW4JTJKIDTADV3WOOV5GN7Q,1609381987758,0,True
4.0,Great item but overpriced at Amazon,It’s a really nice chair for my grandson. He loves it.<br />The bad part is I found the back instructions with a $9.99 price on it with a Kohl’s tag! Amazon charged me $23. That’s outrageous. I only bought it bc his sister had one & I couldn’t find a boy one any where is. I’m tempted to return it but I’ll just learn my lesson.,[],B07GZ15VVL,B07GZ15VVL,AED2BQA33JKOWAJEUUVOKAKE3DFA,1634612517529,2,True
4.0,Great barrel (annoying email policy),"The barrel itself is nicely made, and I like the stand much more than other similar barrels on Amazon.  The tap and plug fit without any problems.  Their logo is also fairly unobtrusive (I burned initials into the wood, so I was glad their logo wasn't too large).  Further, I had no leaks after an overnight water soak.  There were also stickers to label the barrel, I didn't use them, but they seem to be of decent quality.  I am happy with the physical product.<br /><br />The reason I am not giving it 5 stars (and had considered 3) is because the seller sent me four emails  (Subjects: &#34;Your Product Is Out For Delivery Today&#34;, &#34;Following Up!&#34;, &#34;Question&#34;, &#34;If You Like It...&#34;).  I get it, you're a small business and you need reviews, but one email is fair, four just clogs up an inbox and leaves an annoying feeling from the purchase.  Please consider changing this policy to consolidate the information to a single email.",[],B01GDCEHSE,B01GDCEHSE,AHIU42O7EHO6IKACLE2NWUW4R7EA,1477196537000,0,True
4.0,It might be easier to spin the whole barrel instead of using the knob at the top.,"Micro is right it's about the size of the palm of your hand, perfect for size 11 seed beads. This is my first time using something like this so I had to play with it for a while. Mine didn't come with a needle but I looked at the reviews ahead of time and the wire needles recommended work great. The beads fly a little so you may want to use this on cloth. It maybe more difficult depending on the string you use. 7.8 out of 10 some of it was me but there was a learning curve even afte watching videos.",[],B0034LN9LO,B0034LN9LO,AHMZXKUDV6RHTSHGFRZF75XPAYOA,1557456598716,0,True
5.0,Better than what I had imagined,[[VIDEOID:a531889e19e5f30a9ad75c976e18f71b]] Style,[],B071LDMFSS,B08CMRT18J,AEH5X2E77HXKO24AHDAVG7CBGCEA,1629224703029,2,True
1.0,Not True,I order 12 they sent 6 Not Thick Towels They Don’t look like pictures Lying People Don’t Order,[],B00IOWFCCC,B08CW95N6Y,AHXK3N7Y5RYVXKMXIUZHG2M7YKDQ,1614549637985,0,True
5.0,11 months later .......,We purchased the first queen mattress for our RV. After 11 months of full time travel we love how well it’s held up. Has kept its shape and my husband and I are approx 380 lbs together. We just purchased a king size for our home. Expanded in 8 hours and is as comfortable as the first one. It is on the firmer side but it helps with our lower back problems.,[],B005A4OOWQ,B08Z9PSGKQ,AEFOPLKEFP43JGRVBWLJPR7WVFBA,1519008172329,1,True
5.0,Comfortable and looks  great,love it,[],B075X598DG,B075X598DG,AFHKFM3HDNVCKFPBWOVEKCRA34LA,1575314353225,0,True
5.0,Yeesss!!,It honestly made a great piece for the party! My daughter fell in love and uses it for her room 😊,[],B01BA5WPLU,B01BA5WPLU,AGJTSW345AOEYN3DTJKVOVM5MT2A,1468506758000,0,True
5.0,Pretty bathmats,Very soft—the sage color was darker than I thought but it’s pretty.,[],B07P7PBD5M,B0BSYX11G8,AEH3QFVTA76HK5GLNQS7ZPAH7FKQ,1612539045870,0,True
5.0,Muy Bien producto,Para aspirar mi algombra,[],B09YLKKPLD,B0C61CBHHH,AEKB3NKEX3QMABDMVUNJCIUNOFFA,1663391307929,0,True
5.0,Five Stars,"Found a great cabinet door to attach it to, and it works well.",[],B01ENOUCOC,B01ENOUCOC,AHM2P5LU4BMF5LNCOUHORGAWEYQQ,1467887492000,1,True
5.0,Perfect pans,Great pans. The cakes came out fabulous.,"[{'attachment_type': 'IMAGE', 'large_image_url': 'https://images-na.ssl-images-amazon.com/images/I/71Ao8M5jZDL._SL1600_.jpg', 'medium_image_url': 'https://images-na.ssl-images-amazon.com/images/I/71Ao8M5jZDL._SL800_.jpg', 'small_image_url': 'https://images-na.ssl-images-amazon.com/images/I/71Ao8M5jZDL._SL256_.jpg'}]",B07ZVHYRRY,B0B8GT2L9G,AGHY4NZ3VQKRMWPH4GQNM2GJ4BKA,1581932144188,6,True
5.0,Best Water Bottles for Kids!,"Much easier to clean than Contigo, Bubba and others.  Also, easy replaceable cheap parts.  Comes in a variety of designs as well!",[],B00DAPQT3O,B0CBW9RW43,AGYJZMLKCK5773SJYAXLNAS7P4GA,1571176126712,1,True
4.0,Smaller than expected,"I'm still deciding if I like these. They look nice. Not sure if I like the added step of removing and replacing a lid. Also much smaller than a standard ice tray. Well made, serves its purpose, and keeps the ice clean.",[],B07BNF1YJR,B07BNF1YJR,AESGB4JFW2MP47YBT7CMOBUFMZYA,1602701336233,0,True
1.0,Not turning on,First time trying to use it and it doesn’t turn on!,[],B0BKPBM3K6,B0C7VC8TDR,AFRSLXB4SCTRGGN3NQ4LOZXOVQMA,1683797321671,1,True
5.0,Great little shoe storage bench.,Great little shoe storage bench.  Fits nicely in the entryway of my apartment and gives me a place to store my shoes and to sit while putting them on.,[],B09G9WG7RQ,B09G9WG7RQ,AECKIBCBIROXGYY2XE27N2OUNKHQ,1673542965492,0,True
1.0,Don’t waste your money.,We had two shelves that were broken we noticed after the fact of getting most of them already set up. You can see that someone tried to fix the one with tape! DO NOT RECOMMEND!,"[{'attachment_type': 'IMAGE', 'large_image_url': 'https://images-na.ssl-images-amazon.com/images/I/61+uFrzLH5L.jpg', 'medium_image_url': 'https://images-na.ssl-images-amazon.com/images/I/61+uFrzLH5L._SL800_.jpg', 'small_image_url': 'https://images-na.ssl-images-amazon.com/images/I/61+uFrzLH5L._SL256_.jpg'}, {'attachment_type': 'IMAGE', 'large_image_url': 'https://images-na.ssl-images-amazon.com/images/I/61FhtsjvSqL.jpg', 'medium_image_url': 'https://images-na.ssl-images-amazon.com/images/I/61FhtsjvSqL._SL800_.jpg', 'small_image_url': 'https://images-na.ssl-images-amazon.com/images/I/61FhtsjvSqL._SL256_.jpg'}]",B0866Z7ZFY,B0BKGDXVWG,AHTE6TJ5FTQL4RDEH6BAGKCW5VLA,1592256197793,0,True
3.0,60% satisfies.,"I like it .But<br />1.when I open the box ,I found it is a bit damaged, which really frustrates me!<br />2.some white spots(I believe it is salt)on it as the pictures show. Someone use it before I think.Definitely not New.<br />Let me know if you may prove I may<br />Wrong","[{'attachment_type': 'IMAGE', 'large_image_url': 'https://images-na.ssl-images-amazon.com/images/I/61gPA7bM5xL.jpg', 'medium_image_url': 'https://images-na.ssl-images-amazon.com/images/I/61gPA7bM5xL._SL800_.jpg', 'small_image_url': 'https://images-na.ssl-images-amazon.com/images/I/61gPA7bM5xL._SL256_.jpg'}, {'attachment_type': 'IMAGE', 'large_image_url': 'https://images-na.ssl-images-amazon.com/images/I/715XZqSBPmL.jpg', 'medium_image_url': 'https://images-na.ssl-images-amazon.com/images/I/715XZqSBPmL._SL800_.jpg', 'small_image_url': 'https://images-na.ssl-images-amazon.com/images/I/715XZqSBPmL._SL256_.jpg'}, {'attachment_type': 'IMAGE', 'large_image_url': 'https://images-na.ssl-images-amazon.com/images/I/718V5QEl2HL.jpg', 'medium_image_url': 'https://images-na.ssl-images-amazon.com/images/I/718V5QEl2HL._SL800_.jpg', 'small_image_url': 'https://images-na.ssl-images-amazon.com/images/I/718V5QEl2HL._SL256_.jpg'}, {'attachment_type': 'IMAGE', 'large_image_url': 'https://images-na.ssl-images-amazon.com/images/I/71qKN+yWqWL.jpg', 'medium_image_url': 'https://images-na.ssl-images-amazon.com/images/I/71qKN+yWqWL._SL800_.jpg', 'small_image_url': 'https://images-na.ssl-images-amazon.com/images/I/71qKN+yWqWL._SL256_.jpg'}]",B01I8HT5IY,B08V5PRZ5L,AE7LZBB7B7FPTEC5DQW6NZ3FUK4Q,1537830757908,17,True
4.0,smaller than I expected,these are super cute and a great gift. just a little smaller than I had expected but still great!,[],B089CVG1HZ,B08M98N2S9,AFNAFWMNK7BGAK3DLQFFPYXB4AVA,1621103537137,0,True
5.0,Bigger than they seem!,I honestly love these bags. I am amazed by how much fits in one bag and I love making fewer trips into the house after grocery shopping. Definitely recommend!,[],B07L2SK52N,B07L2SK52N,AHHHFWYFYCZKXILK3RORMFMXJLFQ,1554080696325,0,True
1.0,Horrible. Holes to far apart,Horrible tape.<br />Holes so far apart so the balloons look floppy. Wasn’t able to use it at all. Threw it away,[],B08RYX4BJ4,B08RYX4BJ4,AGBW3A7MY6XPSJNINTSDYPZ3GL2A,1643736507989,0,True
5.0,Good enough for a large living room,Great product! Pushes out good heat and isn't loud. No problems and I'm warm.,[],B005M03ER4,B07ZXQH1PW,AEAIC4IGQZ2DLQIW7MAPZMQZLKYQ,1418956832000,0,True
5.0,It’s really beautiful,"It’s really beautiful!  I gave it to my neighbor as a thank you gift, and she loved it! It was so pretty , and the box it came in was beautiful also. I’m thinking about maybe even getting one for myself. The only problem is it did take a long time to get here. You won’t get it in a day or two.",[],B00R1TB43K,B09KHP8GZG,AGA6QBVIR2AQ7DCIGQ67M7OSYBSA,1603846286588,0,True
4.0,It's very pretty but it's very messy...,I love it. It's very pretty but it too messy when  bring inside.,"[{'attachment_type': 'IMAGE', 'large_image_url': 'https://m.media-amazon.com/images/I/61WuFSSS7ZL._SL1600_.jpg', 'medium_image_url': 'https://m.media-amazon.com/images/I/61WuFSSS7ZL._SL800_.jpg', 'small_image_url': 'https://m.media-amazon.com/images/I/61WuFSSS7ZL._SL256_.jpg'}]",B0149OH4M4,B01M7YSRZY,AG6OZVZ6R7MQLSHB2W2HYCAI4IFQ,1638629013243,0,True
5.0,Five Stars,Works great,[],B01ERF0LHA,B01ERF0LHA,AE54NCF4ATBHFABM3HX66R6B6WGA,1509099534086,0,True
3.0,GOOD PRODUCT NOT GREAT,"I bought this one based on some of the praises from other reviewers. I must say, this is a nice piece, but keep liquid STEAMING hot for 12 hours or more?  NO! I put hot water in the thermas before adding hot coffee. Even doing this trick, coffee stays hot enough without microwaving it for about FOUR hours. This is not bad, but all day? NO WAY.  I like my coffee HOT. If you are happy with ""warm"" coffee, then 8 hours is more like it.  Very attractive design and pouring mechanism works as advertised. I have a Nissan thermas (all steel)that keeps things hotter longer, although that one was about twice the price. However, they last forever and I'd pay 20.00 more for it and buy only ONE.",[],B00004S56U,B07T2FNWCJ,AFWPMQKX2XV3CRPWU2PLIKZZM6GA,1200298270000,11,True
5.0,Works just like advertised,They worked betrr the er then I expected.,[],B01FS7W9MQ,B09X9MH5HZ,AGPYQTIISVFC2MOPJ442UPHOKZTQ,1680199106628,0,True
4.0,Good,It's a little flexible for my taste.<br />should be a bit stiffer,[],B091BFPRDS,B08R43G5XP,AGE2IULKZLUXWU46G2AR7KQIJ5BA,1674169432308,0,True
5.0,Great!,"[[VIDEOID:9099d3adab52a0736f1f0384b91fed83]] Super soft, easy to install,  and love that it doesn't shrink after washing it",[],B08FJ27668,B09KC92F22,AEIQJRWZOTKQFFV3QML33NJEGE5A,1614828148420,2,True
5.0,Excellent!,These are so soft and cool. They wash easily and are perfect!,[],B0756T976B,B07RHQ481S,AH43MNSOCNTGL3OKSNXKKPM3WS2Q,1550797309449,1,True
5.0,Lightweight and super soft,This blanket is perfect for summer evenings when you want a light cover but it’s not to hot.,[],B089B4QW55,B089B65M1Y,AEQP3OD5YITF4VKODVJLCJ5PUR2A,1597668717721,2,True
5.0,"Beautiful, weighty wood",This is a lovely serving bowl that reminds me if the 60's salad sets.,[],B07DK1G2G7,B07GJ5663G,AFFP63XWEZQ2OHY3T32FA7JCW2RQ,1539059153103,3,True
5.0,Bamboo Cutting,"Excellent construction, nice looking, enough cutting area and easy to clean.",[],B01N4KXMLR,B01N4KXMLR,AFAU7K76XMZ6PL547JLRUYBQYFLA,1500780522245,0,True
2.0,This is *not* heavy duty,"Not only did the openings where the rod is supposed to hold onto the wall-mounted brackets tear open but the actual rod itself has bent. These might be okay for very light curtains, but they're inadequate for anything heavier.",[],B000G6M40C,B000G6M40C,AHDJUYSHUVO4XMEGZU4QXBE25IHA,1388534148000,0,True
4.0,Nice,Blanket to small but cute,[],B095396NVB,B095396NVB,AHC7MFXAHK4N7GXDBSKZR25JKXRQ,1641357849018,0,True
3.0,Lavender candle,Does not give off a scent of lavender. Candle looks pretty when lit. Burns evenly.,[],B08FCFGX4S,B0BZW1TG7H,AHLH3YUGPEEIT65PY24ZXUP7UODQ,1624961315558,0,True
5.0,Easy to read from across the room,"Exactly what I wanted. Large numbers, easy to read from across the room. Only disappointment is that it only is atomic when you press the button... I was hoping for something that always automatically was the right time. But small price to pay for readability.",[],B01N333VSU,B018DOS2TK,AEKETXQRAOHD3MP5P6N4NJS5V6WA,1490527990000,1,True
5.0,cute product,"Some products have close-up photos so you can really tell what you're getting.  I was expecting a thinner mat, this one is more substantial but still flexible, and the description says it's white but it's actually clear.  I bought it as a gift for someone so I can't vouch for how the product functions but it's cute and I would purchase it again.",[],B00569BCUC,B00569BCUC,AE2L3C2OP3SROTJONGX7CDJMUFPA,1401297120000,0,True
3.0,Akward to put on,Comes in two separate pieces instead of just one piece.  If you are using this on top of a box spring it will be hard to keep in place when you put the mattress on top unless you have help because the material bunches up and moves.,[],B01AS4X14Y,B01JO8UOOU,AFDK4TLLDWXHYXVUQUQ7PQEIJWVA,1523557415673,1,True
4.0,Not very secure,I didnt really like these they were to big but i may have ordered the wrong ones i needed some for cupcakes. I dont like how they lock not very secure,[],B073W4MQVT,B073W4MQVT,AEBPM4ZG7FWTGDFTLVNBEW3L2KCA,1592543313072,0,True
5.0,Even the tablespoon fit in my spice jars - one happy camper,"All I can say is wow!  Even though reviewers said they were narrow enough for spice jars, I was skeptical.  Even the 1/2 teaspoon of my old set wouldn't fit in my spice jars.  So you can imagine how happy I was that they all fit - including the tablespoon!  A nice heavy quality as well.",[],B013FW3AKG,B0C6KS3D28,AFPYMASSAONEOLBNBXXWJHJV7NPA,1506902457363,0,True
5.0,Totally different use than expected but works great,"I have three small dogs that recently started having urinary tract infections. I bought this to be able to get urine samples to take to the vet. it works , a nice long handle can easily be put under a dog. I'm sure that it's great for its original purpose it's very sturdy well-made nice long handle.",[],B008K48CYY,B008K48CYY,AG2JXKPTLFDJBLIQ4L427UTSRFTQ,1524456101725,1,True
5.0,EXTREMELY COMFORTABLE. VERY WELL DESIGNED AND MANUFACTURED,EXTREMELY COMFORTABLE.  VERY WELL DESIGNED AND MANUFACTURED.,[],B003XYRCHO,B003XYRCHO,AFZFM3S6EACYL4YFVJH756DOF5GQ,1416428495000,1,True
5.0,Corresponde con la descripción,Perfect,[],B0BWMPK6RF,B0BWMPCMHN,AEFK6TFQJGSDWE4CKEUBI4G6OBEQ,1689286067429,0,True
1.0,Not true to color,Not true to color. Dark gray looks like navy blue,[],B07TF53356,B07TDYQ4C6,AF3KCM6YF3NKVSCDFJ53R7K7OURA,1605670602272,0,True
2.0,oil sprayer comes apart too easily,problem is that iit comes apart too easily. had to tape it. The idea is great,[],B08XJYB12N,B09RWH5FJ7,AH4LOVPC63SLROO7K2NZL4KLCC3A,1648818252518,0,True
5.0,Five Stars,I love not paying Kirby prices for bags!,[],B009OM4H9A,B009OM4H9A,AHI5OQQUGAV46R3ZELPHJH7PXZWA,1475588408000,0,True
5.0,Love These Plates,"I wrote a review for the Salad/Dessert plates also, and we feel the same about the dinner plates.  They go with any decor, they're strong, dishwasher and microwave safe, and we would buy them again.",[],B00015COZI,B01HQOD9QE,AGEFHCUDHKE5JHJSWWRXNN4KJN7A,1358005793000,3,True
4.0,Four Stars,Wish these were a little more plush.,[],B00E2I6K32,B00E2I6K32,AHOT4JKMQJ5LOHZG6IH2LYW5FERA,1454252776000,1,True
5.0,Does the job,Does the job,[],B071HLM923,B071HLM923,AFTEOXDA5HFRVNTW5XCR4TJSQMWA,1566935447057,0,True
5.0,Five Stars,Great-fast delivery. AAA+,[],B00LDFQ3X4,B00LDFQ118,AG3626A3KRORMY544XALA2ORBYSA,1445432462000,2,True
5.0,Good product,Was easy to assemble and looks nice,[],B09C63SDKN,B0BS6GC5XN,AGWG6PUJE5IZGAVEYUFXUSFJDPSA,1642729575814,0,True
1.0,Pretty but not practical,"[[VIDEOID:15799cd7c47b9709381831b6f202f915]] Love the colour and style of this set so much that I bought two, but the lids won't stay shut, which defeats the whole purpose. I even tried putting the seal on in a different way with a similar result. Very disappointed that these will have to be returned.",[],B098QJKHF7,B098QJKHF7,AH2XOVWB6DQ7JCGMRGSRLRA6GSZA,1655071381317,1,True
5.0,Cute photo holder,The photos look great in this frame!,[],B00S9XB3SS,B01M4GJZ8G,AGR4OGPUS5HEW7WTFDKA75F7EEFQ,1622527525060,0,True
1.0,"Doesn't look the same as the pic, totally afraid to use it because it's flimsy","Very poor quality and super expensive. I wish I just went to home goods. I am very unsatisfied with this purchase. It's not the same pretty color as advertised, and I'm afraid to use it since it feels like it's going to fall over and break every time.",[],B07NDBMX5Y,B0964LQTYS,AGJSUE27IEA4JUOYY7RME24WD5SQ,1591493409846,1,True
1.0,Poor quality,These tins are flimsy and loose structure easily. I would not recommend this product. You can not pick them up without ruining what is inside.,"[{'attachment_type': 'IMAGE', 'large_image_url': 'https://m.media-amazon.com/images/I/717MsMv2uoL._SL1600_.jpg', 'medium_image_url': 'https://m.media-amazon.com/images/I/717MsMv2uoL._SL800_.jpg', 'small_image_url': 'https://m.media-amazon.com/images/I/717MsMv2uoL._SL256_.jpg'}]",B00TMJ56UE,B0C1Q67LVF,AHSZJ4HNQAB7275TCNXDB5TPZDYQ,1681531474552,0,True
4.0,I absolutely love the color of this warmer,I absolutely love the color of this warmer! The only reason I am not giving it 5 stars is the cord is awefully short. Take into consideration where you will be putting this one and how close and outlet is.,[],B00QE8AL4M,B00QE8AL4M,AF63LTYHBFFE2MRGQXTXHR4ONWFA,1513239562224,0,True
2.0,not great,"I was sooooo excited to put this tree up and get the Christmas season started. However, the pole for the large tree would not fit into the stand, it was 100% the wrong size. It would not go into the other hole either. I have no idea if they ended the tree with the wrong size pole or put in the wrong size hole (it was to small for either tree). I had to hammer the base of the tree small enough to fit into the tree stand. So upset with this mess, just the wrong size all the way around. Once it was up I love it, but there should not have been a hammer involved in putting up a tree. I sure wish I check in Oct. that it all went together and did not wait until the end of Nov.",[],B07NMWG9QF,B09HLBYGFM,AEM3O7NMZIGFILLNB4ONKZOLZM5A,1606517230785,2,True
5.0,Great and comfortable!!!,This is just as good as a regular bed. It's for my son and he never wants to get out of it.,[],B0747418JP,B0C5DZ4YCG,AFZLJ67PUOQWOFMEQPJCELFQSFHA,1595721260101,0,True
5.0,Great product,Great product. Good size no lumps in my shake.,[],B0BQQYJPPG,B0BYRL53PH,AHS23D64CDURIGB5E6DDHKIET7MA,1680993065663,1,True
5.0,Beautiful warmer,This item is beautiful when turned on Would buy again,[],B07L19J828,B07L18H1WY,AGKPEDPSVGW4HOINKZXUORRZA3QQ,1585306525358,0,True
2.0,handle,the only thing I didnt like was the handle was off center,[],B0BXL6TDNS,B0BXL759H5,AG3T6TVOSVDMHVQPK26HOTGSCAVA,1691070130148,0,True
1.0,I was very disappointed.,They were made from cheap very thin plastic and the lids wouldn’t stay on and the lids didn’t latch on as advertised.,[],B01H2NVQ6O,B0BYBYHHJG,AF4GD6JN2QM66BH7SMZI3ZDN4UVA,1633476055341,0,True
5.0,Amazing,I ordered this cart and after looking at a few reviews. I thought oh boy this is going to be a nightmare. But it was not terrible to put together and everything is in great working condition.  My kids think it is great to use as a kitchen table and has ample amount if storage. Great product!,[],B01FLRV1LI,B0BZT4NNHY,AFI4XZ33ACO4XLOQ36CZOVDWVAGA,1637063342366,1,True
5.0,I love this.,The colors are adorable and it really holds up. It has been through a lot at my house with the cats using it to scratch on and my constant overfilling it and dragging it to and from the car. The handles are still attached! This is a good buy.,[],B001F51AB2,B001F51AB2,AFWMYQUTJ2TEMWJH43FSL2WDN2YA,1391885363000,0,True
5.0,Does the trick,Excellent,[],B007QT4GNU,B09LH6SLHK,AF6JV4BTXIVLCHRE4PZOWBD5I3JA,1630274859673,0,True
5.0,Fantastic panini maker!,"I love the flat plates on this for a more even cook. Can also use to cook eggs, quesadillas, and to warm up a pizza. And I love the hole in the plug to pull it out of the wall with just one finger. ALL appliances should be made this way!",[],B00008ZCKO,B00008ZCKO,AEEE4AOPAPQ3VVCAIEAHBZE5Q3TQ,1450528432000,0,True
5.0,"Awesome, just awesome!","Maybe we'll be eating more apples now! It's just an amazing product i can't be any more excited about a apple core, my kids like to eat the apple whole without the core also!",[],B07C6CP1XB,B082XHW3KS,AGW4A2YJYJLLSRZZIV2ROHGSAWTA,1616872382813,0,True
5.0,Exactly what I wanted!,Bags are very sturdy! 4 pillows in one bag and 3 in the other! Just what I needed!!,[],B07353C3XS,B0B6J9JZ27,AGSWMDE3XQEOMTQRKID242XYRKZA,1558477366690,1,True
5.0,Perfect for blocking out the light,These are perfect. I had black curtains up already but you could see through them. These you def cant see through them. They are so thick and nicely made. Def will purchase more. 1 pack (set of 2) was enough for 1 small window. If you have a larger window I'd buy 2 packs. Arrived fast.,[],B07FVMNNQ3,B082G692JL,AFUKF5P3DHV4R2ZAT63ETPJ7GXZQ,1609777624330,0,True
5.0,Very nice, ,"[{'attachment_type': 'IMAGE', 'large_image_url': 'https://m.media-amazon.com/images/I/61b+9v4NTLL._SL1600_.jpg', 'medium_image_url': 'https://m.media-amazon.com/images/I/61b+9v4NTLL._SL800_.jpg', 'small_image_url': 'https://m.media-amazon.com/images/I/61b+9v4NTLL._SL256_.jpg'}]",B075FZCX8S,B075FZCX8S,AGCAA5TD6SH3Z7YRSMFI3ZVGT74A,1652639988387,0,True
5.0,Love it,"Very nice quality, fitment and finish. Will buy again.",[],B01N683R28,B01N56NZLG,AFCJ2PQEWN7HNV2AOKVRTHXBK3CQ,1546439199865,0,True
5.0,Great teapot,Loved the size.  Looks pretty.  Keeps tea warm.,[],B000BU7U9I,B0BX48JLS2,AEQRP2M3JBSZGFDKZWD2P4FSAIEA,1639222195800,0,True
1.0,don't buy this piece!,I am usually good with putting things together but this gave me a headache and wouldn't stand properly.  I had my boyfriend do it and he was feeling the same.  I end of trashing this piece because it wasn't work it and the it took too much energy to try to get it connected to stand properly.,[],B00557OSN8,B00557OSN8,AFZ3S3QAKCYLV2VLL3AKOTELUXUA,1368985565000,0,True
5.0,Just amazing,Just amazing! They are much better than the plastic ones. Strong,[],B00FR1Y1BG,B00FR1Y1BG,AGRWWK326HVPYTYZ3SIIPVPSTNSA,1486816275000,0,True
5.0,Favorite strawa,Stainless steel is my go to for drinking water. Bacteria can’t grow in stainless.,[],B076H4529R,B07NWKJQW3,AEXWC52ZCRZVF6NOO7G32JEL2RMA,1572553790760,0,True
5.0,Long lasting mist,"This is a pretty good oil diffuser, my only complaint is that the water here turns the product red from all the junk they treat it with, perhaps use filtered water if you don't want that to happen.",[],B0774X5PTV,B0774X5PTV,AG3XR2KNUUUSXP4CMQNP5YBVMDPQ,1561035909931,1,True
5.0,Attractive with filter,Great addition to the bedroom for smeeping,[],B07VVK39F7,B0BKRG9M8M,AEDLEZX2C4YFQ5IHHPL6DLQ5L6FA,1667668225104,0,True
4.0,They are soft,"They are a great padding. No slide on the hardwood floor, but some slipping with the rug on top of the pad. We have a dog 🐕 who likes to play fetch. Otherwise no complaints. I love the softness it gives the rugs.",[],B0883YMSJ8,B0B5LX422N,AFGXMAFDJ7UGL4JIKXRK67NH3S5A,1640220992147,0,True
4.0,Giant pillow cases,"Can’t review longevity yet, but initial quality is good and it survived first washing with no issues. Comforter is wonderful! Only complaint is that the pillow cases are extremely large, but that may have been a misunderstanding on my behalf. Overall I do recommend ( these are great short-term sheets which is what we needed ).",[],B075VH6C38,B01MA43RS5,AH3M6GT7VM6ZBXL3C6QLHYP5OOYA,1529839459675,3,True
1.0,Dissappointed,"Just sad that you wouldn't ship the same filter displayed in your youtube videos. The water rushes right through.. so, far i have a glass vase.",[],B00LOCYKIQ,B09M86L3QB,AFFTNM3V57UWXRNFESKVFK3JH3UQ,1509267536331,5,True
3.0,Nice little timers,4 digital timers. Not much more to say about them.,[],B01M1BHUDO,B01M1BHUDO,AHXFTISORYUMVZTXRDMUJNKHY72A,1496709753000,0,True
5.0,"Soft, pretty and no wrinkles!",This cover is lightweight but lies very nicely on the bed without wrinkles. The design is mellow and matches several color themes in the room. Looks great!,[],B075F2BG71,B075F2BG71,AE3BMMGCFRR5LIF2OHKSQ55JDGRA,1516456990023,0,True
5.0,Five Stars,My fiance adored it,[],B00J3ADQ90,B00J3ADQ90,AFMVPTLYQHJIBAWFXNWMTQKES7LA,1453916600000,1,True
2.0,Lid is loose,"This is the second HIWARE 64 Ounces Glass Pitcher with Stainless Steel Lid that I've purchased because I wanted to have two different iced teas made at the same time.  The first one is great when I pour tea since the lid stays on without me holding it.  The one I just got is not good.  When I used it today for the first time, the lid came off as I was pouring tea.  I need to hold the lid to the pitcher when I pour tea.  This lid is loose and does not fit well at all.  I loved the first one but this one deters me from giving it a good review.  I'm disappointed in this one.",[],B00ICZI5I4,B00ICZI5I4,AH2OOHQ4TVCJ7SZJ3LKGCFKKZAFQ,1624838289075,1,True
4.0,"Keurig K250 Single Serve, Programmable K-Cup","Keurig K250 Single Serve, Programmable K-Cup great for quick coffee, tea",[],B018UQ5FFK,B07359THM4,AHWIT4EQTQECTVX3QBSZRMJXAQ6Q,1499631133584,1,True
5.0,"Great buy, give them a try!",These rugs are perfect for the bathroom! Great price & great quality!,[],B07V8SXNQ3,B086M7RQ1L,AHPFOOYAVFK6VW5FUPE7OF6VJDOQ,1604858855110,0,True
5.0,Very comfy!!,Will never regret this purchase! In fact purchased two more! Even our grandparents slept so comfortable while visiting with just the mattress!!,[],B006L9U4PK,B0C5ND3YRY,AHQBE34WEPUTUU63PBL6PPKF2VJA,1478537821000,0,True
2.0,Nope,"First thing I do is wash anything I get brand new.  The banding on these towels shrunk so that the towel is no longer straight, it clamshells out.<br /><br />Will not purchase again.",[],B00MYI3OBI,B00MYI3OBI,AEN6ZPRKID5QHNJHICQ4BORLORKQ,1490287305000,2,True
5.0,Great Purchase,These flowers were really nice and seemed realistic for being fake flowers.,[],B07FCJ9M69,B07FCJ9M69,AGQDWWWMHTUBL4TRMKRMUTVRG46Q,1624559405277,0,True
5.0,Attractive Rug ... Well Made,This is an excellent rug for the price ... great quality ... not a deep pile if you need a deep pile.<br />Color and design are pleasing .. go well is most areas ... nice addition to the room!,[],B000QE7I7S,B01BD4J8K4,AFBW2QJMRKAKDU7R4UVHA2RFIIKA,1576511594608,0,True
5.0,The perfect size.,"The thermos has been great for us on a daily use. Just make sure to always hand-wash, paying attention to the lid seal. Keeping it clean and air-dried daily has been key to it staying in great condition!",[],B0032UXTDA,B07113WXK4,AHPDNKWICRHESQXNEJPBYMXY5HJA,1464391730000,0,True
4.0,great for the money,Good for the price but feels cheap.  For the price you can't complain.  I like that you can use the lid although its a B to get back on.  all in all pretty ok.,[],B073W1HW4M,B073W1HW4M,AEOL34T3VPD57X4377NLSJNO6H7A,1518809650995,0,True
1.0,"Quit after 2 months, don't waste your money.","I was hopeful after reading many reviews. Bought this in Aug 2017. It worked wonderfully for about 2 months. Now it will only open about 1cm, then quit rotating. I have changed batteries, tried to hep it along, and repositioned it. Terrible product.Total waste of $20. Amazon should take this out of their inventory.",[],B01E8O3KVE,B07XV7T6MK,AHS6VXBZYJNQU6LMTKHKKS4JR5PA,1513174447764,0,True
2.0,Poor germination.,Planted 10 seeds and two came up. They are growing well.,[],B00FH8B31A,B00FH8B31A,AH43LQ3KEAHB2AV5HX5XRLJJVCBA,1430018013000,0,True
5.0,Nice looking everyday or occasion,"Nice appearance, microwaveable, and can be used for everyday or for occasions.",[],B0716RM3VF,B0BF7GW6NG,AGKF3BAXPQVAJLJGKXKGVBJ5PM2A,1575902985885,0,True
4.0,Four Stars,Works great for underneath hanging clothes in closet.,[],B00BNRO59G,B00BNRO59G,AG6USUJOOKZU6YJG5QDKMLWM3MQQ,1521578280736,0,True
5.0,Great!,"Spend $55 on a Hyrdoflask, or spend almost half as much on something that works and looks better. 5 months in and this bottle is great! It comes with a straw cleaner too!",[],B07GW826Q5,B09VB2VM9R,AHJQ5NEOAED62BTEN3SRS6ASKMQQ,1618509523352,0,True
5.0,Sturdy and has finishing touches.,Tricky instructions.  Read them twice.  Hint:  Look for Mark directing proper assembly of center posts.,[],B01MY2Q8QI,B09243S2FK,AHGU235TOBH75LGVMNBHSYMSVHSA,1608234492969,0,True
1.0,broke,I thought it was great until it broke after only a few weeks of use. The rivot on the arm wore off and it came apart.,[],B000CO24LC,B000CO24LC,AFZFAWVJDWHW4JKIOZFTK46M3UEQ,1365897761000,0,True
5.0,Made in America,A welcome addition to my kitchen.,[],B00O97D0DO,B08BG6YSM9,AEZMOX7CPSKPOX3WJESQFSPNLZTQ,1605114547842,0,True
5.0,Couldn't be happier.,"The desk is excellent quality, just what I wanted.",[],B00H3MGJMG,B081TMHBJJ,AFWLD2KBQDG2BRXS25FBKLTHZ4CQ,1490460646000,0,True
5.0,Snug fit!,Okay so this was an easy fit on an 8 inch mattress. Nice and snug.<br />It will not fit on anything more than 8 inches though--don't even attempt it because it just won't. Had to return one (bought 2) because it just wouldn't fit my 10 inch mattress.,[],B01E5AAEG0,B0BVMPNQTV,AGRR6I5UARD7QZ2XGHMB6ZEKLPRQ,1679239951683,0,True
4.0,Heavy,"I was looking for some classic “diner” or restaurant style mugs.  These are pretty close, but ... they are pretty heavy, I.e., heavier than what you’d get in a diner or a restaurant and a tad bigger.  The bottom is not perfectly smooth, I.e.  a little rough so you wouldn’t want to be pushing them across nice counters. They came pretty well packaged but I notice that one already has a small chip on it (not sure if it came like that or if I did it). All this said, they are the best mugs of everything in my cabinet right now, but they were just a little different than what I was looking for.  I’d say that true restaurant mugs of the same type are better, but it is hard to locate exactly that on Amazon by description only.",[],B07FQ4TSGR,B07FQ4TSGR,AEIDBW64IW7A4YBFA4VVQJ3HIREQ,1606058995610,1,True
5.0,Perfect for college dorm,"Compact, easy to clean, perfect size for dorm room",[],B08HXSPVLS,B09GLKXR7M,AE434ZGCWJALW26TGS5UNR6JHPJQ,1679845929903,0,True
5.0,This cup is dedicated to serve as a muse...,"This cup is dedicated to serve as a muse / cheerleader / focus-er as I buckle down on completing several writing projects; I don't allow myself to use this except when ""at work"".<br />UPDATE: One morning about 4 weeks ago, I woke at 3 am and went to the kitchen table to work on a children's book I'm writing. Decided I needed inspiration so made a Swiss Miss (Indulgent Collection-Dark Chocolate Sensation) Hot Cocoa. Now it's become a ritual of hot chocolate at 3 am and hot tea (Lipton's or English Breakfast)  at other times of the day when writing. And yes, the inspiration worked. I've finished Book 1 of a child's trilogy and working on Books 2 & 3. The cup is fulfilling its intent as a muse!",[],B00XDE4GXW,B00XDE4GXW,AHHUVIMFUFFSINHSSWVOCPMKPT7Q,1594925373012,4,True
2.0,Two Stars,Still has a chemical smell after a couple of weeks.,[],B0050JL42Y,B0050JL42Y,AFIZF36F5YC7TK2ITC225LSNMUWA,1513896468760,1,True
5.0,He’s Sooooo Handsome!!,Love this little poster!  Who can resist Handsome Squidward??  This is printed on a very durable vinyl-type material.,[],B0BHRY2SC9,B0BHRX5QJS,AEGHVOZAKNFFSPDRAIU4AJ3QV2GA,1675888633355,0,True
5.0,"Holds everything I need and more. However, there ...","Holds everything I need and more. However, there are some sharper metal pieces that scraped and scratched my blow dryer.",[],B0190WVZDY,B07NY3G12H,AEGW3RWXFEYPH4RSYYK2N2JTTGHA,1483076291000,0,True
5.0,Works as it should.,Works as it should.,[],B082XHF4YY,B0C6V3PJQH,AEGQYKQ7FOODGZZXPTHC35BPCCDQ,1690463785168,0,True
5.0,Amazinggg,"Good quality and perfect party set to use for all occasions! The colors, design, and details are very stunning!",[],B07LCYN6CV,B07LCYN6CV,AEHX272G2Y4S6GJYWL2TMNGR24IQ,1556926253640,1,True
4.0,Four Stars,I like the glass ones better,[],B01N3XPPXC,B01N3XPPXC,AFBZCBMGVHWGWW5W7YM4WJPZD6LA,1526271828538,1,True
5.0,I love them,They were beautiful blended in perfectly with the decorations.,[],B07DMY9DV5,B07DMY9DV5,AG4NI4CO6T4WQYMCGJA5IYUCSTLQ,1561482457052,0,True
1.0,Horrible and see through,Too bad I didn’t test these out before the return deadline. These are horrible and see through. If you have any kind of dingyness on a pillow or mattress don’t use these because they are cheap and you will see everything. The fabric doesn’t feel great either,[],B00NLLUMOE,B0B53DWRVW,AFCTKDPAOAITRZXI5UAMHS2ZIXMA,1626823960507,0,True
5.0,really cleans,I almost didn't want to pay the money but with 5 kids and 4 dogs I did. It cleans everything!!,[],B00667H8CE,B0922NLH55,AFXA2GLNKSI7AUUXEITBMX27FYKQ,1537278799857,0,True
5.0,Something new and different.,The seller described in depth that this is the mat that is all and all.,[],B09VB9SJXV,B0B4RY79KR,AEHAKQ2SVW342D6TMHSKMC35IL4A,1669808587275,0,True
5.0,Great Quality!,I am very happy with this purchase. The wood is sturdy and it looks great.,[],B09JT1DWLR,B09LV9SFCS,AGI4CG75ONAKUJ52D2DNKCYMXSOA,1641330281343,0,True
5.0,Nice dishes,Very nice dishes. I have bought several sets to give as gifts after people admired them at my house.,[],B07NP7HWZ2,B0994BKP51,AEL4OW6SKJYRCEFGEALP3KTPYS3Q,1669944248518,0,True
5.0,WHO DOESN'T LOVE MINNIE? SHE IS AMAZING.,"Who doesn't love Minnie? After my niece's daughter received these, she could not wait to put her toys away at the end of the day and she still does it. Actually she looks forward to it as she thinks that Minnie will tell Mrs. Claus if she has been nice and not naughty. These are just so colorful and they certainly did the trick of having my niece's daughter getting into the habit of packing up her toys after dinner time.",[],B009VTR9RS,B0BPYHTYRK,AHROOWVXTGOGUNHSX7KBN3VNLPLQ,1412458202000,0,True
5.0,Awesome sink mat,Great heavy duty mat. Fits perfectly under sink base.  My kitchen contractor likes it better than the ones he uses!,[],B00HCGQ86A,B0BW52HPNL,AGCPFLMP3BUSK5SSERDWTKFRH63A,1518395536239,0,True
5.0,This is exactly what I was looking for.,This log carrier is exactly what I was looking for.,[],B0779BJMQ3,B07PT431XT,AHYDXX4X7YJSUUOSQ2SBSPVURSUA,1633635607825,0,True
5.0,SanyDayo,As advertised. Very nice looking and functional,[],B07MXC5MJG,B08K39PVJC,AFXEMGL2MCUOS7TDPP2BA5S5CQQQ,1574912617449,0,True
5.0,absolutely fabulous.  Just right.,"I've looked and looked for new dish set.  I want the dishes to be microwaveable, dishwasher safe, reasonably priced, sturdy, not too heavy, and stylish.  I don't want a boring white because I want to visually enjoy my food as I'm eating them.  Plus, we have equal number of males and females (me, husband, son, daughter) so the dishes cannot be too masculine or feminine.<br /><br />Gordon Ramsay's Maze Blue is absolutely perfect.  My husband loves them because they are masculine with the blue and clean lines.  Yet the light blue and simple lines are visually appealing to both my daughter and I.  The food looks fabulous when I placed them on the plate or bowls.<br /><br />So far it went through microwave and dishwasher just fine.  (Looks new even after several:  pot-and-pan, hi-temp wash, + santi-rinse)  The Maze Blue mug is now my husband's favorite because it's light yet not flimsy.<br /><br />Finally after 6 months of searching, I'm having the Goldie Locke moment of &#34;Just Right&#34; whenever I look at these dishes.  And yes, I will be purchasing 2 more sets because we absolutely love them!",[],B0039XHQSY,B015HJFHV0,AGRPLTRJ7BVYZQWJZ73E5LTW6LQA,1401204807000,2,True
5.0,Vibrant colors,Absolutely beautiful and lightweight,[],B081KXRD2H,B09SHNWMQZ,AEH6YG56XUDDJU6DCEVTFOW2KHVA,1650300117675,0,True
4.0,Excellent,Great idea,[],B00LI5I8IM,B0BMLR3F5X,AE7VPD7J47QBBT6NGZCMJ5TU6DWA,1484746334000,0,True
5.0,Just what I wanted,Beautiful and functional,[],B079HVYJ8N,B0B38NQH3B,AFLT6HVIT434PRNJG6MPXOIFMFRA,1562715516840,0,True
4.0,Four Stars,not as sturdy as I would have liked,[],B00Y3TFNLU,B00Y3TFNLU,AFWCUB3KL4T4WVTRR4IZ4GM7MPGQ,1453985956000,2,True
5.0,Super cute! Fairly spill proof,Super cute! Fairly spill proof. My girls love drinking their milk in fancy glasses. Wash up easily in the dishwasher and pretty durable.,[],B013WU4OB0,B013WU4OB0,AH3YVS23DEFTDFSWQ2GX7VYL3SJQ,1472523031000,0,True
5.0,Realistic,"Great quality, look real.",[],B07CDQYW46,B07CDQYW46,AFJTWQATJQQ4RVMXSNELRMXFSQOQ,1533234358317,0,True
5.0,Great look and great feel!,"Matches great with our black appliances and dining motif! These have a nice, solid feel without being heavy. They look both modern and elegant. We have already received many compliments from guests. They seem to be very well made. Would not hesitate in additional purchases.",[],B07STVK6CC,B07STVK6CC,AEB32Q252PL6WKRVLBW2W6R4Y3VQ,1590974595808,0,True
1.0,"So firm it hurts, caused jaw pain","This thing is just painfully firm. I bought it to use when I got a helix piercing (I sleep with my left ear in the hole on one side every night and my right ear just on a regular pillow when I roll.) While the discomfort has helped me a lot with not sleeping on my piercing at all since it disrupts my sleep so much, I’ve not gotten a decent night’s sleep in 2 months. I strongly recommend buying it if you want to train yourself to not roll in your sleep with physical pain if you do roll. I’ve gone from moving a lot in my sleep to being stiff as a board from the threat of having to sleep on this thing.<br /><br />As a travel pillow, it sucks. I don’t even use it anymore to travel when I have no other options. Literally just letting your head dangle with no support hurts less. I can’t imagine any hard surface being less comfortable.<br /><br />Additionally, this pillow has severely increased my jaw pain on the side I sleep on it. It hurts even when I use it as intended with my neck in the pillow. Honestly, I think even if you don’t have a history of TMJ, using this thing daily could certainly give you that history of TMJ. Say goodbye to eating large burgers or sandwiches if you use this regularly.<br /><br />The microfiber cover is soft to the touch, but you cannot remove it to wash since it’s just stuffed with loose, hair-like fibers. Idk how to go about washing this thing.<br /><br />Tldr; get any other travel pillow unless you like pain.",[],B00DZKQM0E,B00DZKQM0E,AFQ5W7WX4BMUE4WUOF7EPOH6RYYA,1537542836326,4,True
1.0,Total piece of junk! All rough on the inside. Doesn’t come in a box. Don’t waste your money!, ,"[{'attachment_type': 'IMAGE', 'large_image_url': 'https://m.media-amazon.com/images/I/71RoN+1J+JL._SL1600_.jpg', 'medium_image_url': 'https://m.media-amazon.com/images/I/71RoN+1J+JL._SL800_.jpg', 'small_image_url': 'https://m.media-amazon.com/images/I/71RoN+1J+JL._SL256_.jpg'}]",B000HM9UDO,B0753CYN87,AFCEEJDA5V7MQD5EBJHRWGGS5BYA,1656808766673,1,True
5.0,Great for beginners!,"I spent a few days researching bread machines; price, how user friendly it is, the recipe book, the paddles, all sorts of features. In my opinion for the price, this machine was a perfect selection for my first ever bread machine. It was easy enough to use, the recipe book has more than I could’ve imagined, and my first loaf turned out perfect. So far, it’s been a wonderful maker and I’m excited to try more of the recipes. The recipe book even has a section where the machine mixes and kneads the dough, but you bake in your oven. I’m excited to harvest some berries during summer to try the jam options! Great buy!",[],B07C8V4FDR,B0BH6ZM8TN,AFUYJWQDJEXVMFVEC7NSDH2UTLTA,1673753085732,6,True
3.0,Good to have,These bags are strong and functional but wish they had a bigger arm hole to carry lower in the shoulder.,[],B00KGHNWEI,B0BS78CQ3V,AFTD4VIU7YK6UY3CSNRAEUXKRRJQ,1533646100136,0,True
2.0,Look elsewhere,"I read a lot of reviews before buying. Most complained about the small amount of soap it would dispense. It does dispense a small amount and for me that's ok. Due to the low price ($9.99) I decided to give it a shot anyway. My issue is that it doesn't want to stay primed so you'll have to actuate it 3or 4 times before you get any soap, very annoying. Although this was very low cost it does seem very well made and feel it would last a long time but the small dispense amount coupled with not staying primed makes this dispenser just not worth it.",[],B08KY7P7DT,B08KY7P7DT,AHJMH7ILH2M54KSMEO4PVPS42ARA,1607111587948,0,True
5.0,Five Stars,very sharp and well made,[],B000FZ30M0,B000FZ30M0,AG2AGTU567X32DX3HN5MU6A476SQ,1523478067951,0,True
5.0,love it!,looks great with all my jewelry! Love it!,[],B06Y4WX6LT,B06Y4WQ5HF,AE7XUZQFG6JTIOMDEOREPTXJCSXA,1551639467285,0,True
5.0,perfect curtains,I love these curtains in the kitchen of my new house.  I have yellow walls and red appliances so these curtains match perfect. I even received them earlier than expected.  The price was awesome too.  I was going to buy them in December and decided to wait then they went on sale.,[],B001AKJDWA,B001AKJDWA,AF3MCEPD7NAWSMVC6C6JXNYIB2OQ,1357876893000,1,True
5.0,Five Stars,Love it!!,[],B0158ER4AQ,B081BFLJ6L,AEXMT5YHCLGPVVGUHNI5PV4VZGAQ,1478400463000,0,True
5.0,Outstanding!,"Easy to use, and versatile! You can brew coffee in cold brew on warmer days, and when the weather turns cold, you boil water pour it over tea leaves and enjoy hot tea too! Love the handy handle too!",[],B07VHF5CDJ,B0C7JCBDZ1,AH74BYRJTYUKV7NOAIJW5G4J4MBA,1639543938740,0,True
5.0,Great for small spaces and absolutely adorable,Fits everything I need and easily installed. Install the brackets in the back first(the ones that attach it to the wall) before putting on the doors though,"[{'attachment_type': 'IMAGE', 'large_image_url': 'https://images-na.ssl-images-amazon.com/images/I/61DKzehiV-L.jpg', 'medium_image_url': 'https://images-na.ssl-images-amazon.com/images/I/61DKzehiV-L._SL800_.jpg', 'small_image_url': 'https://images-na.ssl-images-amazon.com/images/I/61DKzehiV-L._SL256_.jpg'}, {'attachment_type': 'IMAGE', 'large_image_url': 'https://images-na.ssl-images-amazon.com/images/I/71YhTcfBvHL.jpg', 'medium_image_url': 'https://images-na.ssl-images-amazon.com/images/I/71YhTcfBvHL._SL800_.jpg', 'small_image_url': 'https://images-na.ssl-images-amazon.com/images/I/71YhTcfBvHL._SL256_.jpg'}]",B004EPXKRW,B0BZ5BMMB7,AHBQYUP6JZAJ3NXD2JXH7IL2N53Q,1459020120000,4,True
4.0,Space Saving,It looks great and mostly does what it's supposed to do. My one problem is that sometime kCups get stuck and I have to push them down. It is a great space saver.,[],B0844YL335,B0845YN689,AH4MKTBNVDZQS5A4AHT2AVQT3MTQ,1607044897932,1,True
5.0,Five Stars,The bedding was perfect for my teen son.. he loves it.,[],B004MAWDPO,B009ASO2FC,AEQLK5VDTFX3UTDIAGKIJHGBZH5Q,1521945484438,0,True
1.0,Product is messy,I dislike the mess it makes.. it’s not very practical for everyday use. I thought it would be easier for my kids but turns it.. it’s more of a hassle,[],B00013K8OO,B00013K8OO,AEARJ5FBQNA3CHZBAWK3BQIY23EA,1618917830489,0,True
5.0,Very pretty,Worked well in my wife’s pink home office,[],B07K2V99HK,B07RS7K8V1,AHUO3UA72TNIGHI7RVDZTFKYBYOA,1648518157287,0,True
1.0,Complete dissatisfaction,"My package was incomplete missing the popcorn boxes, invitations, blowers,glasses, and goody bags. It was nothing of what I expected completely dissatisfied. The cherry on the top was the orange balloon bag with one red balloon!","[{'attachment_type': 'IMAGE', 'large_image_url': 'https://images-na.ssl-images-amazon.com/images/I/81NtiWgrK4L.jpg', 'medium_image_url': 'https://images-na.ssl-images-amazon.com/images/I/81NtiWgrK4L._SL800_.jpg', 'small_image_url': 'https://images-na.ssl-images-amazon.com/images/I/81NtiWgrK4L._SL256_.jpg'}]",B07F5S87BC,B07F5S87BC,AEDDPEPPM4FSORIBJJPT2WXZKM6A,1552442626062,0,True
5.0,Great Product,LOVE THESE,[],B013B7Z00I,B013B7YZU4,AGXQG2XLJOZ7PVTKYDLHG25Q5KAQ,1468064559000,1,True
5.0,Great product and Customer service,I purchased two sets and am very happy with the quality of my products.,[],B00X59R6EQ,B0BD5TXRJK,AHZUONWJVF5ZPOW36IANOXYPZZNQ,1556741920482,1,True
2.0,Wrong color and not size indicated...,"So I went back and checked my order with said the options were white or black. I ordered the WHITE one, which this clearly is not. It is also not 13 inches. If you set the hook circle up straight you can just about get 13 inches out of it. The latch had to be bent to keep it closed but not a big deal there. I had to put a piece of cardstock in the battery holder to keep the batteries in place so the candle would work. The candle looks very nice and I love how it truly mimics an actual candles flickering. I wouldn't say that I wouldn't recommend it but when you don't get what you ordered it is very disappointing. UPS demolished the amazon box this was in however, it was packaged so well inside that it didn't hurt the lantern at all.","[{'attachment_type': 'IMAGE', 'large_image_url': 'https://images-na.ssl-images-amazon.com/images/I/912iDcgZFIL._SL1600_.jpg', 'medium_image_url': 'https://images-na.ssl-images-amazon.com/images/I/912iDcgZFIL._SL800_.jpg', 'small_image_url': 'https://images-na.ssl-images-amazon.com/images/I/912iDcgZFIL._SL256_.jpg'}]",B07GNGLMXR,B074KF6Z5J,AFGWGEG77DL3NSYLLEUFVV3UEOVA,1606510461311,6,True
1.0,Cheap,The sign was damaged and ruined and to cheap to try to fix,[],B08PCV6C6R,B08PCV6C6R,AFSHENKXRLQXEQPMY6QCRY6NA6PQ,1677218693279,0,True
2.0,That the item arrives on time & not damaged,"Items were very fragile and were not wrapped correctly to protect them. Several were broken & cracked on arrival/ delivery, had to throw the broken ones away...",[],B01LX3ACCA,B083WP4SWJ,AFQZITO7SHHGXESHYVWOVSS2KCGA,1595254471268,0,True
5.0,It was perfect!!,"[[VIDEOID:88e759ae3fc1556b4da80997e8d66e49]] Easy to install, the colors and design look so cool on the wall. 100% Satisfied 👌👌👌",[],B088ZYNX1J,B0C74QYLCR,AFS66JQUHU4KSR4QBQKOCIA5FKUA,1663336241847,4,True
4.0,New countertops!,"Perhaps not used in a,conventional way... adhering well (thanks for blow dryer hint 💖)","[{'attachment_type': 'IMAGE', 'large_image_url': 'https://images-na.ssl-images-amazon.com/images/I/711p60pwuyL.jpg', 'medium_image_url': 'https://images-na.ssl-images-amazon.com/images/I/711p60pwuyL._SL800_.jpg', 'small_image_url': 'https://images-na.ssl-images-amazon.com/images/I/711p60pwuyL._SL256_.jpg'}]",B07S1FPBBT,B09TZZBVR1,AHCTERWXXHYAVBRSVVTZKKNCBMZQ,1591874005614,5,True
4.0,Perfect,"Love the color, texture, warmth, look",[],B076SLJWSP,B076SLJWSP,AG2WWSMFLQX4ZY6O54BSJVGMLGEA,1574192231825,0,True
4.0,Works in pinch.,These are rather small. My hands don't really fit in my them and unlike 45 I don't have small hands. They fit my wife's hands though. They are also thinner than I expected which affects how fast the heat gets through it.,[],B08Y6BWH72,B08Y6GC5SV,AFUJGPZBYZYVXN6KD3EFCKD27XKQ,1668717139873,0,True
2.0,very disappointed in this item.,These was so small my son could put the whole thing in his mouth. Very cheap didn't look like the picture from here at all. Just very disappointed in this item.,[],B07QRYHHR5,B081CG45RJ,AFWTNZIQRFQAGGGJ4UINUEF33FUQ,1647641412372,0,True
5.0,Cake decorating tools,Wife really likes these. Good selection of pieces.,[],B00FB9R91I,B00MUG9MQU,AEEF55PTWEDSJFUBCD5K3JFPD56A,1555615100617,0,True
5.0,great product,I love this  fragrance warmer. It is beautiful and goes with my decor.,[],B00NXYYSMQ,B00NXZ9BNQ,AFLUIUL4FUAP65MZNITQ7N6GP53A,1609948841307,0,True
4.0,Great product.,Soft on one side and gribby on the other... really gave my thin area rugs some bounce. Exactly as advertised & the non slip side really works on my hard wood floors. Kinda pricey but in all.... Great product.,[],B01HN8MW7A,B0BHXDMQDD,AGNXSRUSL4HSJ52KRYSGU3HWIVTA,1511695853359,10,True
5.0,I love it!,I love it!,[],B00FN3ON2U,B00FN3ON2U,AGAFBJNV6S6R5CEP3EGSDZC73RUA,1448217718000,0,True
5.0,Lotta Steam! Yeah Baby!,Heats up fast. Not too heavy. Doesn't hog the distilled water. Mega steam and pointed tip beat wrinkles into submission. I bought this iron to go with the Rowenta ironing board as I broke my old iron knocking it off my old board. This set-up could only be better if Rowenta supplied the maid to do the ironing too.,[],B00FZM1PUM,B0C4VB2SJ5,AGRHVWUM7UG3TR7VYWSX52NOF2BQ,1478140054000,1,True
5.0,Does the job,Just passed tsa no questions and popped the cork,[],B00HZLA2PA,B00HZLA2PA,AFSQCM4VRUM5PAMAP3ZY75NRGWOA,1666058357235,0,True
5.0,Cute spoons,"Just received, simple but perfect for my needs.",[],B06Y38QCH7,B07KX1WH7P,AHWH2LHBVVYHOFKYGYU2Q6F6XD7Q,1571576250908,0,True
5.0,No complains. It does the job well! I ...,No complains. It does the job well! I use it in my bedroom and now I don't wake up  feeling sticky in the morning from how humid it would get. I have it running 24/7 and only have to dump out the water every 2 days & a half. To be honest it really doesn't make a sound.,[],B000H0ZDD2,B000H0ZDD2,AHDG5W4JKXSEDEKNRDYPLZUGZWIQ,1502044088950,0,True
5.0,Pretty,I like this jar! the lid isn’t super airtight but it’s functional.,[],B0899TRSLM,B0C936N453,AFQ4JMRMDQPC5NN4EZNDROZIHTJA,1670005025118,2,True
5.0,... up at this point but it still keeps things cool.,Mines a little beat up at this point but it still keeps things cool.,[],B0057FQCXW,B0057FQCXW,AHGUUBZKZHSSKKX4ZUVTLXHHT64Q,1425254212000,0,True
5.0,Five Stars,Great price,[],B00DOBYK58,B00DOBYK58,AHAFBKA52NV7WB7NDJWVQ2ZRPF6A,1455845684000,0,True
5.0,perfect!,"very good quality and came ready to stain!!  with the stain, it looks very very chic, added double the value with the stain.",[],B00LU38HZQ,B00LU38HZQ,AFE3NEGGSHQXUGEDL332XFWRYTQA,1485450107000,1,True
5.0,Great product,"These are fantastic! Love that I can stack them so neatly in fridge or cabinet. Stain free glass, lids that don’t leak, exactly what I was looking for!",[],B08B7MYPKS,B09RG68ZHQ,AHOZXIJNCB23E3FC42PDL77TQ7YQ,1610124133319,0,True
5.0,Solved issue with not finding a picture frame that fits,So pleased! The magnets that secure the poster or picture are very strong. Frame easy to work with. I could not find anything to fit a poster for our nursery and this totally solved the problem and looks great too!,[],B074XGM2F8,B097RYXRW8,AHMVXY7AXL2O54GW7O3IXVLZ4UNQ,1588960351289,0,True
3.0,Easy useful tool,Good cheat sheet easy to read and use.,[],B0838KFYHQ,B0838KFYHQ,AHC7P7CCTGELAMLC24LM6VRPW5IA,1601756882329,0,True
5.0,Wonderful company and pillows,"The pillow was received as expected the arrival was fast, the gift was well received and one of the pillows has been tested at my house...they are even, fluffy and medium weight good for kids.",[],B004K3K2DI,B004K3K2DI,AFVOSGAVQFAY3UQIG4XYXTMO3RTA,1358080233000,0,True
5.0,Pro job!!,"It looked nice but upon its arrival, I couldn’t believe how pretty it was!!",[],B07TT4R6Q3,B088BK8RKZ,AH2KDCUTR7WAYE4LR6R3LKW45I2Q,1580598282370,0,True
5.0,Great,"This is a great can opener.  It is so easy to hold and use, it makes opening a can a joy - finally!!!",[],B00421ATQS,B09ZR797R2,AHWDEQP6OFEARA4PII4XROLUT72Q,1546458504051,0,True
5.0,Soft Sleep,So comfortable to sleep on definitely helps keep hair from knotting. Love it.,[],B06XF1XJPY,B01LVZC25I,AFCISVBOMU67CVS2RLMW5U77CL6Q,1616262062817,0,True
1.0,Fabric was rotten  and the clith has several tears,Fabric was rotten,"[{'attachment_type': 'IMAGE', 'large_image_url': 'https://m.media-amazon.com/images/I/710V-6F+J6L._SL1600_.jpg', 'medium_image_url': 'https://m.media-amazon.com/images/I/710V-6F+J6L._SL800_.jpg', 'small_image_url': 'https://m.media-amazon.com/images/I/710V-6F+J6L._SL256_.jpg'}]",B0731F34ZQ,B0731F34ZQ,AHEB24Z3LWLKCES5ERNG2JVIKFWA,1641403848910,0,True
5.0,"exactly as described , really nice",This was actually better than expected and suited our needs exactly,[],B07LCH787M,B0BWJS6MCL,AHS6YMKEQUW5URBBATTNYY332SHA,1562208992932,0,True
1.0,Help,Help. I bought early and just unpacked tree. It does not work😩 O am past “return window.” What can I do??? Inside does not connected.,"[{'attachment_type': 'IMAGE', 'large_image_url': 'https://images-na.ssl-images-amazon.com/images/I/91J5Oe0b0OL._SL1600_.jpg', 'medium_image_url': 'https://images-na.ssl-images-amazon.com/images/I/91J5Oe0b0OL._SL800_.jpg', 'small_image_url': 'https://images-na.ssl-images-amazon.com/images/I/91J5Oe0b0OL._SL256_.jpg'}]",B005VLCYGQ,B005VLCYGQ,AHSDCK246P6CFD6ED7ZRTEEZSDVQ,1607201126387,3,True
1.0,Not good quality,All the locks fell off and the plastic is not strong.,[],B0BGXXMGRZ,B0BV1Q4H9K,AHRZ43EE6APN4JEIMXUUUQ22GN5A,1677714198628,0,True
5.0,Beats every soap dispenser I've ever owned. Buy it!,"All dispensers are not equal.  I've owned many varieties, including the expensive powered models and this beats them all. Most dispensers eventually clog up, won't pump or drip all over your counter.  With the narrow, long dispensing nozzle and the quality pump,  dispensing soap has been precise and reliable.<br />If you're in need of a soap dispenser, you certainly can't go wrong with this choice.",[],B07RVHR57B,B0BZYS5KLS,AGMC3VGKMGQXY3UCJINFL74MR4JQ,1572493674499,1,True
5.0,"Stylish, almost retro yet great for modern uses.","Love it, can toast bread, frozen waffles,  begals, etc... Easy to clean.",[],B09FXKYX9C,B09FXKYX9C,AGTF35N3CPAEB7V3HHNJCX33M46A,1648608789267,0,True
4.0,Four Stars,"Nice, did trim it a bit",[],B004VMLDVS,B004VMLDVS,AG4BUZXLNNBMCDXEBAGSMKM2AM2A,1419535708000,0,True
5.0,Good,Good,[],B002SC3LLS,B084YZ3QRK,AHCCLB6CPMCNNJ2AKB3PYKTWGWCQ,1535847104880,0,True
5.0,Superior,Enjoy my EuroPrep. It looks elegant and works efficiently and comparable to the Kitchen Aid mixer. I have both mixers and wish I had purchased the EuroPrep first. I love the larger whip attachment compared to Kitchen Aid.,[],B00J74RFW6,B00J74RFW6,AGM2WR7P22L43REYSR6KUIKPI4XQ,1471602464000,18,True
4.0,"They are a bit thin. However, I like them","They are a bit thin, but other than that no issues.",[],B0785G48V9,B0785G48V9,AEZ4G6JQGS6K6FP2S7V2NYBFGYWA,1646406936246,0,True
4.0,Four Stars,excellent knife for a few dollars,[],B016PKCDTY,B016PKCDTY,AEH3E7BV7QBEODG3VTPNX2NVT45A,1479380999000,0,True
4.0,Bien,Me encanto y la calidad es muy buena,[],B08CZ89J15,B08CZ89J15,AEESITT5ZTQHKWBDE7NRDATQ3G6Q,1654123420187,0,True
1.0,Not for outdoors,Strung up in a bush outdoors and failed after 10 days.,[],B087FXNP9R,B09NDS6WNL,AF22NCLME3ZSKZ64DC2ZHAVM3ZHQ,1674506395888,0,True
4.0,Excellent.,"[[VIDEOID:e9bbb729fea6a103c067751aa15c8510]] I, like that this is very light.<br /><br />I, use it to transport my laundry.",[],B074W4GPVT,B09CNT5CMB,AEPPFNNXH2HJAZJ7FFSOTKSBBL5A,1570714118261,1,True
5.0,Spacious,"These hold way more than you'd think! They aren't sturdy but they are great for storage. I love the window in the front so you can tell what's in there. These are great for organizing overflow sheets, towels, blankets and other bulky items. Would order again",[],B07PCNGJP8,B09ZXZJ2GT,AFZZJI3TUKF2MJ7N6BY4Y32JJ3RQ,1569626386886,0,True
5.0,Perfect for Diamond Art,I loved these frames and they fit my diamond art perfectly!,[],B07TBLP1RJ,B09B6MCGY2,AG4VZHYN4GDPFFDNUAJCBISRZJTA,1609728437681,0,True
5.0,Great quality!,Nice and heavy duty!,[],B001D3NTF6,B0C54D3XJZ,AHYNQUMJXBONJ3JB5MTLC6WFRWXA,1616793899455,0,True
5.0,Can't beat this for the price!,"Exactly what we needed. Not 100% black out but we have double curtains and get all the blockage we need. The gromits on top look really stylish. There are only 6 gromits, compared to the 8 pictured. Remember to keep in mind that the gromits must be woven into the rod so it shortens the length. We just bought two packs and used 3 panels. Can't beat these  for the price. Nice s light/medium silver gray color!",[],B00JHR8EQY,B00JHR8EQY,AHM4HNET3M7BVALDW5Q77F3VJ2QQ,1441908847000,0,True
4.0,Not the prayer you expect,Had been searching for a lamb that recites the classic “Now I Lay Me Down to Sleep”. Ended up buying several. This one is by far the cutest but the prayer is not the classic. That’s disappointing.,[],B074CJVC4N,B074CJVC4N,AFUYWKTNHNJJW5JMRYKDW6EFSXIA,1680307337514,1,True
1.0,Poor quality,I hand washed these flimsy bowls and the paint smeared all over my hands and the bowls. I wouldn’t buy these again.,[],B07L5YT9HM,B07L5YT9HM,AFPNUE2NZ4L7J2IF343W74UFPQLQ,1577661094805,2,True
5.0,Nothing like a “Big Ben”!,For the alarm,[],B006HSKZG8,B006HSKZG8,AFERGGLPQKORJTKKYEHTTMY4KQ3Q,1638840981211,0,True
4.0,Great Product,"I don't normally give 5 stars to anything but this product deserves it with one minor exepction below. I give it a 4 stars since there is not a 4.5 stars option.<br />We have owned it for 15 months and have had no real problems with it at all.<br />With the clear dirt container is easy to see when it needs emptying. The suction is quite adequate and the power head works well. We use it on both hardwood floors and large area rugs. It is easy to pull around. The telescoping wand is a good feature. A concern before the purchase was the effectiveness and durability of the cord retractor. Much to my delight it continues to work well with no problems. The filter is easy to remove, clean and replace.<br />The hard surface head has a bit of a funky fit to the wand but there has been no probem with it coming off. It did cause an initial concern. The locking pin for the power head gets pushed in when the hard surface head is attached. Because of this, pet hair got caught under the holding spring for the pin; keeping it from extending all the way out when the power head was attached. This caused the power head to come off when the wand was pulled toward you. At first I thought it was defective but just before I called Hoover to complain I noticed the hair trapped under the spring. Upon removing the hair the pin extended all the way and the power head stayed on the wand with no further issues.<br />I definitely recommend this product.<br /><br />2016-12-10<br />Still works as well as when we bought it in 2009. Bought a replacement filter to have one in while we washed the old one. Switch out when filter needs cleaning again. Cord still retracts as well as when it was new. Definitely a great product.",[],B00008UI0R,B00008UI0R,AEQ5DQUZT6D24PIT7OJXL2YYEIKQ,1259360658000,2,True
5.0,Five Stars,These are great! The perfect size and good quality. Thank you.,[],B06XD4KGPW,B06XD48SSN,AHPAJVSVIAWVF6VNAABIYL5Z7RYA,1514485012028,0,True
5.0,Fantastic Little Table,"Love this little side table for my couch. Very sleek and modern, and it very easy to put together. What a great price!",[],B005HSGQM6,B005HSGQM6,AE3H3RUZW5XU74HL5A4VEDKZARBA,1384626510000,1,True
5.0,Perfect for a gift giving,"You have to put them in the dryer with a wet, small towel, and they pop up to be very fuzzy and adorable.",[],B07ZQGDKLQ,B07ZQF2X1G,AE6RDNS3FVKCNPHLZW64SNG4M3VA,1673591536344,0,True
1.0,Buy the glass top not the wood.,"It is very nice table but very cheap table top.  I highly recommend the glass version,  wooden top gets damage from cold and warm drinks. Humid around the drinks cause bad damage.","[{'attachment_type': 'IMAGE', 'large_image_url': 'https://images-na.ssl-images-amazon.com/images/I/81LFoYmDZoL.jpg', 'medium_image_url': 'https://images-na.ssl-images-amazon.com/images/I/81LFoYmDZoL._SL800_.jpg', 'small_image_url': 'https://images-na.ssl-images-amazon.com/images/I/81LFoYmDZoL._SL256_.jpg'}]",B077HB2L34,B01MT2A5D4,AFT4QZEJO65EB42BJFWVK64DMC5Q,1538435020179,1,True
5.0,love it,Have had more than one...suction is great ..empty easy and it has an automatic rewind!,[],B002HFDLCK,B002HFDLCK,AGLCZX5PCLNGMZ7CS3HQ6KYLEW5A,1444010338000,0,True
5.0,Love this container!,I absolutely love this container! Don't think about buying it just do it!! Love you can write the expiration dates on it with easy wipe off. I use this for all my deli meats.,[],B016MZSSCI,B0B6WNDWYV,AGLLR7JUHOXJLIHLT6J3MNOR763Q,1644870115036,0,True
4.0,Surprisingly easy to use.,"I just got this and have used it only twice so don't know how it fares over the long haul.  But it is so easy to use and even easier to clean as well as economical to buy, I would say it's definitely been worth it to me.  It does take up space which I lack in my small kitchen.  I just keep it in the box in my closet when I'm not using it.  I'm not big on gadgets, even turned down a free air fryer.  But this I love and I can definitely see myself using it.  In fact, look forward to using it.",[],B00EXNFTGK,B07WWKB2PC,AEQ5FU5ULDEOAJ3XBUBXM2ZST4BQ,1557768607951,4,True
5.0,Highly recommended.,Well engineered and well built.  Thick Teflon coating on the removable inner pot.  Has a removable catch under the hinge to catch any water that might drip from the lid when you open it.  Highly recommended.,[],B01AC3SR7W,B01AC3SR7W,AF6IMAZMYLBXY6LM56O6KQXPX3FA,1466940810000,2,True
5.0,Nice Bed!,Easy to assemble and looks nice. Amazing price.,[],B01AKU3NO4,B07ZWFMZBT,AGG4UDJTZEPVYAG7AT2D76GUPKLA,1564445312665,0,True
5.0,Finger guard is perfect!,"I’m truly excited to give the finger guard to my 10 year old granddaughter. She likes to cook and bake, I think the finger guard will work perfectly for her until she develops better knife skills. First thing I did was cut up a melon and it worked perfectly.",[],B08B3D2TF9,B08B3D2TF9,AFG3GGN63KOW7WXJIGVKYELOYRIA,1662057805708,0,True
2.0,cans do slide out the back,"I have tried loading from the bottom and then from the top, but I still lose cans out the back,  so I need to figure out how to secure the back portion (I have one I cannot find more of that has 2 continuous curved pieces that eliminated this problem.  I just had one out and was carefully putting in the last 6 sodas from the top and had one scoot out, drop 4 inches to the floor and of course it poicked up a tiny hole & sprayede everywhere before I coudl get it to the sink...<br />I also find that it is too long to fit on any shelf in any of 3 refrigerators I have tried.<br />I can fit the #303 size cans in from the bottom, but not through the tiny slot at the top, I find that top from piese too high to get soda cans in easily.  Otherwise it does form a sturdy unit. I bought both the 24 can & 12 can units.",[],B0000X60LK,B07D6B4FCD,AFTIXQ5D6EJB6M2PWTZCMJ3Z7JVQ,1465034960000,0,True
5.0,Five Stars,These are great.,[],B00FQMAGD8,B01N4CAGEA,AE3HR7YDPHNR34Q3MPJ4E3A5VSKQ,1485820249000,0,True
3.0,Warm but not cotton shell,Warm but disappointed that I didn't check for cotton shell. I don't like feel against skin. Not an issue if you are going to use a duvet but it wasn't my plan to use one.,[],B00VGR4VW4,B0BK1Y358T,AEIMTGJ5INC5Z2RVWAMYXZSHW5PA,1485220442000,0,True
5.0,The threads are becoming loose from the mat.,"They are very attractive in my bathroom;  however,the threads are coming out and are spreading all over the bathroom floor.ç",[],B01B81ZHDY,B01B81ZHDY,AFNMUN7OXFIL2255BDXWCJ3GGN4Q,1535396197597,1,True
1.0,Very CHEAP (poor quality) especially mounting covers - Plus wrong color sent,"I ordered Brushed Nickel - Amazon sent Chrome :(  Have to return.<br />Even if I wanted Chrome, I would be returning it because it is very poor quality.",[],B01C65MZ6S,B01C65MZ6S,AHOIHRVBQDXE57YVBCPTJKD6HTDA,1617999122782,0,True
4.0,Really cute.,"I ordered this along with a bookbag for my boyfriends little sister. She picked it out because it looks similar to a purse and she loves LPS. When i opened it i thought it was cute but the eyes on the leopard looked a little faded. Other than that, everything else was fine. Good size for snacks and a juice box.",[],B002GE73WQ,B002GE73WQ,AEEW76SAAQQTSWUYYJKIDPKXSSHA,1343748994000,1,True
5.0,Five Stars,Keeps our house at the perfect temperature!,[],B002QZ11J6,B002QZ11J6,AFA5DE2BSZVK455BEFULZZOEDDVQ,1456945764000,0,True
5.0,Satisfied,"Satisfied, I use it to grind flaxseed",[],B005EPRFKO,B0C9V4QR8X,AEUU7IRNZKREM46EVKZZQHUNWRLQ,1627671177332,0,True
1.0,Do Not Buy This!,"I can't even calibrate mine with out using a set of pliars.  The calibrator that it comes with is way too small, and doesn't even fit.",[],B00004XSC4,B07W3GG3Z1,AEHIZYXO5PBITJTZ7B5NTUFFJTQA,1598549345233,0,True
3.0,Smaller than I thought,"Not much to say about a white wastebasket, other than it seems quite durable. I wish it was a tad bigger, but it does fit very well in smaller places, like under a kitchen sink or bathroom vanity.",[],B000VPBL1Q,B018HGTQWQ,AHLUKCQKXHK46CYR6DEGFC7L2M7Q,1382885160000,1,True
5.0,Good maker,Great value,[],B002YI2IG0,B086542M1D,AGOC7JRRKTRZWHMUSACIHOLCD77Q,1562211089138,0,True
5.0,Buenisimo,Agarra muy bien,[],B07YJRBCBF,B0B4NKLL2S,AE5LNERU5ZUGSBQKS6NRDMCKHWMA,1608926434421,0,True
5.0,Good,Good,[],B091T51H23,B091T51H23,AE6SR6E2A3BBL5CCGQNQPXF6HVVQ,1635416420774,0,True
5.0,Exact replacement.,I needed to replace this part  in my stove. Best price I found was here.,[],B083Y5QSST,B083Y5QSST,AG4YGE6FE4Q2JNJOZEZ7KENMWMWA,1664970672578,0,True
4.0,Great product...for a year.,"This product did exactly as it was advertised-quick cooking of eggs. I have been very pleased with it until today. Tried to use it this morning and it's dead. Purchased on Amazon, September 2020. One year warranty expired 3 months ago. Flipped the unit to check the serial number and it looks as if it was manufactured in 2004. I'm going to contact the company, but I don't have high hopes.",[],B07GPF8CCZ,B08TXZKP5B,AGJXQOO36BCKTC7K7BVMRFUK5QIA,1640168288196,0,True
4.0,Four Stars,good but falls over sort of easily. Not as sturdy as my previous thermometer,[],B00125TABM,B09MM3L3GP,AHENIPL4L3IUPEHYBXWS5SWQOQTQ,1409274038000,0,True
5.0,Second Time Around,"I am so happy to receive this set. I didn't realize when I bought it that it is the same as my old set which I gave away with my old toaster oven! I had that set for about a dozen years, except it didn't come with the pizza pans or the wire rack. The weight and construction is the same and I just know it will be as great as the old set. I was really missing my old set, but not any more!",[],B001BCNT0Y,B001BCNT0Y,AF5EDEDE3D7P7SOKNYMV56EJUS5Q,1449343793000,2,True
5.0,Wonderful,I love these! I just wish I could buy more of the orang and green cups. The mold worked great for baked custard and fit just right into my lunch.,[],B00F6YVIOC,B00OTZOZSU,AE3CADBDN76G3U3AOXOO5LUQ257A,1398983184000,1,True
4.0,Safely arrived,Glass Container set is good as expected.,[],B01DAYIEOQ,B0BTHR2PSR,AFBG6JRPOE6M75GSVBFUO2LFTLDA,1569290159460,0,True
4.0,beautiful colors,"loved the colors, but it didn't work for my shower",[],B07T6KVP64,B07T6KVP64,AHMJ6HZ6VP4G6ATKMPEH6A7V74YQ,1603831729271,0,True
5.0,2 in 1 home appliance,I received this air fryer oven 10 days ago and have been using it for a couple of days. So far so good. I always trust the stuff Shipped and sold by Amazon which has a good reputation for quality! This time it didn’t let me disappointed either.  I like the 2 in 1 functions which make bakery more conveniently.,"[{'attachment_type': 'IMAGE', 'large_image_url': 'https://m.media-amazon.com/images/I/81MmiAH6Y2L._SL1600_.jpg', 'medium_image_url': 'https://m.media-amazon.com/images/I/81MmiAH6Y2L._SL800_.jpg', 'small_image_url': 'https://m.media-amazon.com/images/I/81MmiAH6Y2L._SL256_.jpg'}]",B097S47H3Q,B097S47H3Q,AGJDO7MXCZRLHRSLNNYYISTDUGZQ,1659331390210,0,True
1.0,Plunger is very hard to use.,We purchased 2 sets of these and I was not able to push the plunger to work.  Would NOT purchase again.,[],B07XGKZ2RC,B082WXB95Q,AFFXQXERKEEEILKKKMSCRL77AB2A,1637245005017,2,True
5.0,"It feels good, it doesn't sound too loud, it has all the functions and looks nice","The baby is very easy to use, the feeling is good, the sound is not big, the meat is very broken, the function is complete, the logistics is really gelievable, the product is convenient and quick, the appearance is beautiful, very satisfied",[],B07RWYW74H,B0BFDZPPDD,AH5R7NRBRQSYLF2FY5X5Y4U6QM4Q,1593761583122,0,True
3.0,It is pretty but low quality,"Yes, these pillow covers are soft and true to color. However, shipping took 2 extra days (4 days total) and I have prime. That's an Amazon issue. Yet the main reason I gave it 3 stars is because the pillow case IMMEDIATELY tore when I placed the pillow in it. First time, and the fabric ripped. It is pretty but low quality.",[],B06ZY55371,B07MQ2H7V6,AGGE5ORLWUPSG7Z4N7NE26RRJ3ZQ,1498249524794,0,True
4.0,Excellent Water Boiler,"It boils and maintains the selected temperature, I always have hot water to prepare drinks",[],B00009K3TJ,B01E2ODK9C,AHAL4MYSSEI54B6KSDPYEYUVTXGQ,1642509506923,0,True
5.0,Greatest vacuum,"Seriously love it, if you want a great handheld vacuum this is the one for you",[],B006LXOJC0,B08K22FTF1,AEWS2Z5XZTOC5HLCPZBSDEWDT74A,1682838604697,0,True
5.0,Five Stars,I love these. They make cooking with fresh herbs so much easier!,[],B00J2JBP2M,B00J2JBP2M,AF7M7O5XAOGONBXL5YCQT5WFB4WA,1416080219000,0,True
5.0,So easy,Love how easy it slices right thru the core. I also like how it opens to release the core so it makes it very easy to clean.,[],B01M70ET7I,B081W1KV8J,AFTEGSUMOQCC4UNFNX6C2Y5AKMDA,1609689363921,0,True
5.0,Perfect fit,Exactly as expected.,[],B008MNW5P0,B0BG9T7FFG,AHUARCP5E7JSUCV5JFBWSMM2GLXA,1636931712827,0,True
5.0,Fits my hand good,Makes getting ice cream out of container easy,[],B01M3Z6K4I,B01M3Z6K4I,AEVFPA4JHZCYN2FGUATYZ7DEPRYA,1576778431014,0,True
4.0,Cute LITTLE Shelf,"Easy to put together, stain was uneven in areas but rustic was the description so leaving it at that.  Some of the wall mount screw holes in the metal mounting bracket needed the world smallest nubby handled screwdriver.  Its installed and the thought of taking it down now is too much work.  Would buy 2 to achieve the look we originally wanted due to small size.",[],B0832HBWQ1,B09PL26884,AELC46IRSRF4XTKUJEMMWM5EGMEA,1600277493591,2,True
5.0,Five Stars,Very nice looking and the tools have nice weight to them... not flimsy,[],B006DCTL9U,B073RN2LD5,AEY6ACCWA6XS4H2HQDXE5HOH7YLQ,1520272217517,0,True
5.0,👍🏼,These were a great stocking stuffer.  Made very nice and sturdy,[],B07F72TW3N,B07F72TW3N,AHC4P3KOTUQRRTI5X4JBHI62QZXQ,1577448623324,0,True
5.0,great vaLUE,Makes awesome slushies. the ice catch design couldve been alittle better but still great product for these hot Texas days,[],B06XPZ3WXQ,B08BF8R3SY,AE2KBJMWQVZJACANNQOWEHQMYQQQ,1655012281714,0,True
1.0,Not a good item,This turtle body is very rounded and  hangs far out on the wall.  It arrived chipped in several places and looked cheap.  Poor quality control on this.<br />Sent it back.,[],B00UBBN6K4,B00UBBN6K4,AHVHRZSZR52R7RG6M3QUUJBJ65MQ,1477462766000,0,True
5.0,Durability,The product is exactly as described. I love the design and material is well made. Exactly what I was looking for.,[],B07MZTK74N,B07N1139LX,AGYZYBYZJL4GC43WN5HOJQW5SGIQ,1667775443810,1,True
5.0,Works well,I received everything whole and was happy with my purchase. However these feel cheap im not going to be handling these roughly but if you’re a rough person don’t get them. If it falls to a hardwood floor I guarantee it will break but mines stay in one area and I don’t move them unless im refilling my supplies.,[],B092Q6SXRN,B09JNTZT4Y,AHC7XPTMTMCAHG2K3MJF5JAE2CFA,1679080661702,0,True
5.0,Perfect for the fridge!,I use one for my half and half and one for cold brew coffee.  Perfect for a well organized fridge with a small space/footprint. Dishwasher easy.,[],B018BDZQUQ,B018BDZQUQ,AFLOGFU4WXWYFEY5UPWJWPWYHVLA,1654382475724,0,True
5.0,Love this pitcher!,"It holds a lot, it’s easy to fill with the easy to lift lid, the water tastes great and it fits easy into the fridge. I’m very happy with my purchase!",[],B01FXN3E74,B01FXN3E74,AF7KFHR2AWL4ZFUTIRUR7TAEVUBA,1672150368209,1,True
5.0,Love it,Beautiful add on to my tv stand,"[{'attachment_type': 'IMAGE', 'large_image_url': 'https://images-na.ssl-images-amazon.com/images/I/81u7cgz-6hL._SL1600_.jpg', 'medium_image_url': 'https://images-na.ssl-images-amazon.com/images/I/81u7cgz-6hL._SL800_.jpg', 'small_image_url': 'https://images-na.ssl-images-amazon.com/images/I/81u7cgz-6hL._SL256_.jpg'}]",B08DFT9QJ8,B08DFT9QJ8,AEUEM4QQWQTFAY6ZQMHYRMTZIWUA,1601558231905,0,True
5.0,Pretty Sturdy and Can Hold A Lot,Have used these for a couple of months and am happy with the purchase. These are pretty sturdy and can hold a lot of groceries/items. They are easy to wipe clean when you get a little spill inside. Better alternative to those bad plastic store bags so get them!,[],B077JBHNNR,B07LDHZFYK,AHO7KKSJ7SJGOFQXHRFN2XR2VSIA,1582635409714,0,True
5.0,Perfect,The perfect size for fresh towels,[],B07YT2K7L6,B0B2FSWF3K,AEG5O67QNROJQ2VYDI6R3ZQSHUAQ,1601143868216,0,True
5.0,Great for the price.,Exactly as pictured. Arrived quickly. Great for the price. Very happy with this purchase!,[],B07JDPB4FR,B09MPZ3TBC,AHDBMUYJ6EMY7J65JVJ3HETAHM3Q,1575333711724,0,True
5.0,Love,Love it,[],B09BL28GC2,B09BL28GC2,AGRROLUZFCVTTLU3DHCDW3MFIOWA,1650521138489,0,True
3.0,"The instructions could have been better, and when you set the alarm","The instructions could have been better, and when you set the alarm, you are basically setting one alarm to go off everyday. To delete the alarm, I had to unplug the unit and take the battery out, there was no easy way to delete the alarm that you set. Also this is made in China, so if you are concerned about the trade deficit, don't buy this. The white light, even when dimed is still bright.  The light projected on the ceiling is awesome.",[],B01N9592CL,B01N9592CL,AE5Q7LY33EPJOFKEULKK4SLKQ6FA,1513732276606,0,True
5.0,Five Stars,"Easy to put together, sturdy, great quality, made me very happy!!",[],B013F0RJE6,B0BX4L9BFJ,AFESDIRTM4T5ULGBPGFWIADXBYUQ,1492191702000,0,True
4.0,My new pink Christmas tree!,The tree was easy to assemble and I’m pleased with its sturdiness to hold a lot and heavy ornaments.,"[{'attachment_type': 'IMAGE', 'large_image_url': 'https://m.media-amazon.com/images/I/71l9KduOvVL._SL1600_.jpg', 'medium_image_url': 'https://m.media-amazon.com/images/I/71l9KduOvVL._SL800_.jpg', 'small_image_url': 'https://m.media-amazon.com/images/I/71l9KduOvVL._SL256_.jpg'}, {'attachment_type': 'IMAGE', 'large_image_url': 'https://m.media-amazon.com/images/I/71uTneB-zxL._SL1600_.jpg', 'medium_image_url': 'https://m.media-amazon.com/images/I/71uTneB-zxL._SL800_.jpg', 'small_image_url': 'https://m.media-amazon.com/images/I/71uTneB-zxL._SL256_.jpg'}]",B07KRMG3V3,B07KRMG3V3,AHDIG3MQBTWY6WZ34AI32JW4ZLKA,1639433826688,0,True
5.0,Awesome,"This is the Item my microwave has been missing!  Easy to clean, reduces the clean I have to do to the microwave itself.  I like it so much I gave one to a friend!",[],B07QPBJ6ZV,B07R6TL8D5,AFJYY3X5YTMGGROA23V3EBKPJB2A,1582218077784,0,True
5.0,Cute,"Fun addition to my daughters tree, it’s fun and cute.",[],B08P3KX4Z3,B09DCSJ9RR,AGSVI6MWSMXBNUZLQV2IEWBLVZRQ,1640722599511,0,True
4.0,Large bears,Nice detail 👍<br />Would like to have one more my recipe makes 10-12.,[],B0844RKXQV,B0844RKXQV,AFSUMXW3M7J5ZR37W5ITPGI47DUQ,1584289820371,0,True
5.0,"Holds a lot, very well made",Holds a lot of gift wrap,[],B07K7ZS54V,B09PVSS13Z,AEXL6PDDI7DQCPRN3AYCWVSTKY2A,1577551137395,0,True
5.0,Great value,Better price! Thank you!,[],B07KX5GK9W,B07KX5GK9W,AH4R6QAUFBEBOODFMF7M7T4535RQ,1580916919394,0,True
5.0,Five Stars,It's a really good fan!,[],B012BL7Z5S,B012BL7Z5S,AEWB4V75LNVOVMX3ER42RYZW6HLA,1461541177000,0,True
5.0,Nice presentation,"Love these instead of doilies under cheese, vegie trays.",[],B001HN5G30,B001HN5G30,AEHBJU444AB5AAAWYS3IK322YM7A,1524168101391,0,True
5.0,Beautiful! I love the way it ties the theme ...,Beautiful!  I love the way it ties the theme of our bedroom together!,[],B07417X41D,B07417X41D,AHYMNGHXAADMJ2QO7TYEUVY2WKKQ,1526471374906,0,True
2.0,Graduation,I did not know the stars were orange but it appears nice.,[],B07R6TZ58X,B07R6TZ58X,AEXG3WNWGTZC3BBLUY2CXM7MSW7Q,1571270586217,0,True
5.0,Great Zoodle maker.,"The only negative things I can say about my new Zoodle maker is it doesn’t cook for me or do the dishes. I love how easy it is to use and clean. Oh, and the way it changes the taste for the better when the food is sliced thinly. A m a z I n g!  The zucchini noodles I made were so good with my spaghetti and meatballs and the cucumber ribbons were so tasty and cute in my salad.  With being a diabetic this Zoodle maker is going to help tremendously in keeping my blood sugar levels in check. Thanks for a wonderfully well built product. .",[],B075SLJ42S,B09K115N4X,AHZ342LMBFLXSABE3WKTYKIGDRPQ,1574782495218,0,True
3.0,"Okay, but not thick",Not as thick as it looks in the photo.,[],B002NU6HOI,B0B9B5V1FN,AHPL7QFPOGXZBNGOTKIMIXH6IT7A,1607282950667,1,True
5.0,Looks and works great.,I have it setting on my kitchen counter next to my set of copper kitchen canisters. Fits in perfectly. This is so much better than a plastic bucket.,[],B086S9Q3CP,B08D6ZMS7Y,AF2VRY224TVBRK7ORALCR3UJQUOA,1657322312056,0,True
3.0,I like them I just need larger ones,These are nice Just needed larger ones to hold my husband’s caps I’m sure I can find more uses for them,[],B076VCX4J9,B076VCX4J9,AFCN4CTN3ZVCVLHWVANME45UCHKA,1614961107469,0,True
5.0,Five Stars,Easy care!,[],B074MZ8TWN,B074MZ8TWN,AEO4UGSS4S6AM2YSFQJQYKART6NA,1525123765976,0,True
3.0,not impressed,Not overly impressed. Some bulbs were already broken when arrived,[],B07SJSV94K,B08CMKF87V,AGE7Z7TYMGTQVKDJO7LUZR64GE7Q,1575304859564,0,True
5.0,"Cucharas excelentes ,me encantaron ,brillan mucho y son fuertes","Llegaron en tiempo y me gustaron mucho por su robustez ,tamaño y brillo",[],B08RDK5P3V,B08RDK5P3V,AHKVTU47ZXU52RZXX2LMMXAI4MNQ,1668688228906,1,True
5.0,Five Stars,Beautiful tapestry! Especially for the price. Definitely worth it.,[],B00VQXUVSQ,B087RMLFV6,AH7X4PUEBVSCOEJACGV7YVSD55IQ,1452500339000,0,True
3.0,Thin material,"Material is not as expected, super thin. It wasn’t really worth the money but it’s colorful and does the job",[],B07K4ZYXSX,B09VS6SPNF,AGF6FYL43BM5U2RJ7SU4FFKZ5TUQ,1639213028296,0,True
4.0,Design change,"Great Containers!<br />I purchased these because I thought they were identical to a previous set I got at Costco.  However, the design is not quite identical.",[],B07WT633LV,B07WT633LV,AHRLITR55GOZB3EFTQEMMHKCLLRA,1611763034275,2,True
5.0,Very nice small table,"Very nice table, vagen style, perfect fit .",[],B07WSS6RD3,B07WSS6RD3,AGIVYDWXAAD4J3COLSPBSZT5TWCA,1609900520584,0,True
1.0,Not so good,"[[VIDEOID:559d095db6bf8f909add542d86fbf9c0]] Not so great of a product ,it broke down literally seperated in to two after my 6 use of cutting lobster 😞",[],B0009XYWAC,B0092ZDOA2,AGX2Z5WBGNULR6Q3BE52DHU5WFEA,1621804002472,1,True
2.0,Cool product but broke easily,"The product is cool and worked well for a few months, but the Inside plastic of the cap snapped off easily. It’s unfortunate",[],B00004SPZV,B09MN4KW9C,AEYLLDLW5RC4VLGDVCCFGQFIEE2A,1687486704696,0,True
4.0,good product,good quality<br />So far so good<br />Planning to keep it,[],B01H8T3QPQ,B01H8T3QPQ,AEQ5KK2Q7FFZAFKMRPHRQXOAKG2A,1486417340000,0,True
3.0,Beautiful,"I love the table, it took over a week to be delivered though, It was easy to assemble, to me about 30 mins.",[],B0143ZT49A,B07YBQR82T,AEDNK4WU4SS4OP7UIB5KULE3BTUQ,1574344571803,0,True
1.0,Not what I thought,Looks very different in person,[],B07DJ78PVG,B07DJ78PVG,AGNJUJ6BEQWCNOI3ERJCILEBYP2A,1583967585778,1,True
1.0,2nd time was not a charm,This is the second sofa cover I’ve purchased and was really pleased with the first purchase.  I can’t say the same for the recent purchase.  Only had a few weeks and the seam has completely ripped on one side.,[],B07JLV416K,B07JLV416K,AHCZC4NJ6ZYAQHMK6U26I6YDSJPA,1554683604936,0,True
5.0,Small but look great and nice shades of pink,"Nice shades of pink, smaller than expected.<br />Comes with hooks and already strung on string!","[{'attachment_type': 'IMAGE', 'large_image_url': 'https://images-na.ssl-images-amazon.com/images/I/81y+0cdmQEL.jpg', 'medium_image_url': 'https://images-na.ssl-images-amazon.com/images/I/81y+0cdmQEL._SL800_.jpg', 'small_image_url': 'https://images-na.ssl-images-amazon.com/images/I/81y+0cdmQEL._SL256_.jpg'}]",B07FCZYN5P,B0BPPVTVK5,AEUTKPQGKRP56VLHMNFX2IEDV3NQ,1545546259722,13,True
1.0,Doesn’t warm up,I bought this based on the reviews that it warms up to the needed temperature. I’ve had it plugged in for over an hour and I don’t feel a difference. Disappointed in it.,[],B06XSKQSCC,B06XSKQSCC,AFUPDISKZVBJS7RTQU2DYK23IC2A,1514822235735,1,True
3.0,I would call chair color “Mint Green.”,I bought these dining chairs thinking they were green as they were described.  They actually are a form of green that I would call “mint green.”  They sadly do not look good in my dining room.  I think they are nice enough although I only took one cushion from the box to compare.  I tried to ship them back and found out that it would cost me as much to ship them back to Georgia as to buy them.  The seller was pleasant to work with and refunded me the cost I paid for shipping.  That blunted my disappointment quite a bit.  Of course now I have 6 chairs I cannot use which I will try to sell.,[],B085MQWMV3,B095C2KW1K,AED7LXAPCVVWKT5WFRS2OYJVZHGQ,1604962245835,11,True
4.0,Four Stars,very good.,[],B01DWH67V8,B01DWH67V8,AEDERXRVWYXINAVCEPBRIULSBKFA,1499961548247,0,True
5.0,Five Stars,Much quieter than the old one. The tank holds much more too!,[],B00CM220CK,B09WJJSRFC,AH2Q4LBGT5LYENFSHDSIZQCJNX4A,1427326378000,0,True
5.0,Five Stars,"Arrived on time, as described",[],B01KAYCFJE,B01KAYCF9E,AFVAI4FVAECM5TG2HT5MNRZRA3GQ,1508615954503,0,True
5.0,Great deal from Amazon Warehouse,"Box slightly damaged but product brand new so definitely ""used - like new"".  No odor, no rips. Expanded in less than 24 hours. Also bought cover ""used - like new"" brand new as well. Slept well on our 40 yeat old mattress with this new topper!",[],B01N1NV1HZ,B08X4LFHZK,AEG6UNSIDHAEWLBFEKRCGTXTY6JQ,1644782123192,0,True
5.0,This is a beautiful lightweight quilt set,"This is a beautiful lightweight quilt set.  Bright colors.  I wish the 2 pillow shams at least matched, pattern is off.  Otherwise great set.",[],B01M7XRFNN,B01M7XRFNN,AE3CQDMNS5PLW56GGHMSP7SIXS3Q,1498069227976,1,True
1.0,Waste of money,"These do NOT stick on a painted wall. So far only 2 of them have stuck, the rest just fall off. Waste of money.",[],B08L66QJNL,B08L66QJNL,AEIZOE2V6LOBKEHZZMBUOKWYPC7Q,1611672286290,4,True
5.0,High quality product,"We love love love these decorations! The colors are true to the picture and they are high-quality, some of the responses were saying they were not but they are. Exactly what I was looking for and my daughter loved them. Would definitely recommend.",[],B078J1848F,B078J1848F,AGIVTL2IB6GHXZVHZFGBL6ZSBO2Q,1529759388258,0,True
5.0,... very customer service focused and made sure I was happy with my purchase,Seller was very customer service focused and made sure I was happy with my purchase. My daughter loves her new mug!,[],B07B31HDL1,B0BSR1F2GD,AF6ABD2DDOH6WT46O6NKKXSIVFRA,1527819381565,1,True
5.0,I just love it,I rated this a 5 star for me cause i thought that's what it was worth.and the reason why i like it is cause it's just the perfect size for the space that i needed to put it.and yes i would recommand it to all my family and friends.,[],B002YR6HO0,B002YR6HO0,AEFPTRUT64PVNTFLLOEZLER6HPLQ,1382564073000,1,True
5.0,Wonderful desk,Great for small space.,[],B087WW3ZSV,B09XX9HBDJ,AFSJI7IXYMROKT3SDPSY3FMRZ4LA,1614135504026,0,True
3.0,"Very easy to put together, apart and clean","I had a ball, grabbing all the fruits and sharing with my husband. He don't like many foods, but he LOVED everything I gave him.<br />BUT!! The pulp comes out dripping wet. Dribbling all over the sides of both glasses, all over the counter top. It made a huge mess.<br />I wanted to dehydrate the pulp for later use in stuff, but it was SO wet, I couldn't even pick it up with my hands.",[],B0918NS1FV,B0918NS1FV,AEEDCQOUO64EGGN7E4JYGNYWLJ5A,1639864745946,1,True
1.0,Didn’t last a month,I bought two of these water jugs. One in March and one in May. I discovered they both are cracked on the front lower right side. The cracks are bad enough they were causing water to leak in the refrigerator. Neither of them have been dropped or endured unusually ware and tear. Very disapointed.,"[{'attachment_type': 'IMAGE', 'large_image_url': 'https://images-na.ssl-images-amazon.com/images/I/B1LAARpKRpS._SL1600_.jpg', 'medium_image_url': 'https://images-na.ssl-images-amazon.com/images/I/B1LAARpKRpS._SL800_.jpg', 'small_image_url': 'https://images-na.ssl-images-amazon.com/images/I/B1LAARpKRpS._SL256_.jpg'}, {'attachment_type': 'IMAGE', 'large_image_url': 'https://images-na.ssl-images-amazon.com/images/I/B1vygHFVjWS._SL1600_.jpg', 'medium_image_url': 'https://images-na.ssl-images-amazon.com/images/I/B1vygHFVjWS._SL800_.jpg', 'small_image_url': 'https://images-na.ssl-images-amazon.com/images/I/B1vygHFVjWS._SL256_.jpg'}, {'attachment_type': 'IMAGE', 'large_image_url': 'https://images-na.ssl-images-amazon.com/images/I/C1AHnLyJ4IS._SL1600_.jpg', 'medium_image_url': 'https://images-na.ssl-images-amazon.com/images/I/C1AHnLyJ4IS._SL800_.jpg', 'small_image_url': 'https://images-na.ssl-images-amazon.com/images/I/C1AHnLyJ4IS._SL256_.jpg'}]",B07RZJR2LL,B071ZZ6N1M,AGJZWMASOTPA57VXUJ423SMXP33A,1622717386356,1,True
5.0,High Quality!,I'm putting together a section of our guestroom for my grandchildren.  Needed some gender neutral cubes for the shelves.  These were perfect!  Sturdy and colorful!  I'm glad this set came in assorted colors!,[],B076X3XPFP,B076X3XPFP,AEY25ZBOPZCVGAJ7IAPECZ66CSUA,1566494390298,0,True
1.0,No Smell,This product had no smell to it and burnt quickly,[],B08PFRXXRX,B09MNJWWFG,AGGAUNMJ7LJW6SD4BJ6KXS4FML4A,1639918516358,0,True
5.0,Love Nordic ware stuff,"Love Nordic ware stuff, and these are so darn cute! I use them for bath bombs, and they turn out awesome!",[],B008XD85L2,B008XD85L2,AEYNDKNV7OJHXUDCDTDKKJC6IDLQ,1483998586000,1,True
5.0,Awesome product  BUT Don't count on the cookbook and time chart.,The product is great. Much easier clean up. Would highly recommend them. The down would be the promise of cookbook and air fryer cooking times chart with the purchase of the Ninja Air Fryer. Had to go through what seemed like a hundred questions from a text I received from Linda’s Essentials only to be dropped and no way to get back into it….no cookbook. Very Disappointed.,[],B0B2JTJVD4,B0BFG6RFK9,AGPEEQCQGSKD5KBITIXNSNPV7VXA,1678118334181,3,True
4.0,Look authentic,The product was as described. Given as a gift and the recipient was happy with ot,[],B01KEYU47A,B01KEYU47A,AGNYFKCESWDHQDRA4UUKOLGF77TA,1545766532581,0,True
5.0,love it !!,"I hate to sweep or vacuum but I love this Hoover. It's perfect for daily use to tidy up. Lightweight, great pickup, holds charge well, and swivels with little effort.",[],B001PB8EJ2,B001PB8EJ2,AHALNHWLPOWX5TBPULE4Q5AU2NSA,1314726318000,1,True
3.0,Definitely not a comforter,Definitely looks nothing like the picture. It’s super thin and will make your bed look flat. It is super soft but it’s a no for me.,"[{'attachment_type': 'IMAGE', 'large_image_url': 'https://m.media-amazon.com/images/I/81McVywHSSL._SL1600_.jpg', 'medium_image_url': 'https://m.media-amazon.com/images/I/81McVywHSSL._SL800_.jpg', 'small_image_url': 'https://m.media-amazon.com/images/I/81McVywHSSL._SL256_.jpg'}, {'attachment_type': 'IMAGE', 'large_image_url': 'https://m.media-amazon.com/images/I/91nFWaC0-KL._SL1600_.jpg', 'medium_image_url': 'https://m.media-amazon.com/images/I/91nFWaC0-KL._SL800_.jpg', 'small_image_url': 'https://m.media-amazon.com/images/I/91nFWaC0-KL._SL256_.jpg'}]",B07D8W3DRW,B08DHJBLT8,AHELXF44DWGDNE42X5TM5HGWDKJQ,1691961089497,0,True
5.0,CUTE CAT PILLOW!,Very cute pillow for the futon in the room that has become my cats' room. The shipping was fast. No problems and good price!  I buy 18x18 inserts.<br />Have bought many cat pillows and this cat looks great peering out from a few others.  It's on a burlap kind of material (strong) with a well-made zipper.,[],B00S0Z9NQE,B00S0Z9NQE,AGCXG6NPY2GJ7HSEYJ55SSZUEYZA,1510933775139,0,True
5.0,Love these sheets!!,Fit perfect! So soft and cozy. My second set!!,[],B07NVW7N3H,B07NVSS9RK,AGYA4ARFKCE7LLCPWISLORRJ4A3A,1577712870181,0,True
2.0,Incomplete order,Sent without pillow shams.  Missed return window due to moving.  Guess I’m screwed!,[],B088GPPKHQ,B08ZRYLMT1,AGHZ5T6IT4B5DQVCF4HZWHUQJ4KQ,1653356687125,0,True
5.0,Attractive and easy to assemble,I just bought this headboard along with many of the Amazon basics products for bedding and was very happy with my purchase. Are used it in my children’s room and they love it and so far so good! The bed was easy to assemble and my sister-in-law easily did this in an evening then when we needed to adjust the height it was easy to make the change. I highly recommend this for any living situation.,[],B079PQXG9W,B08S5NJ3V6,AHJUG6NKCMUFPPYPE2YGGJLXDQWA,1553014072422,1,True
5.0,Did all the pillows in my house with one pack!,These were a great replacement for my worn out pillow protectors!,[],B07DFSCST1,B07J1Y8JKP,AHLKYZFF7KOK2I5A6F7OEDVBBXGA,1649190135427,0,True
5.0,Great for the price,Really clean an easy to use. Love the blue light and works fast!,[],B07TZ5YHJN,B0C9X1Q8HX,AFDZTI3JS3G7VEA7SABLLL2J6ECQ,1575592263562,0,True
5.0,Good unit,Was looking for this small version of this pan. No one had it locally.,[],B000QRAMMS,B000QRAMMS,AEQSFZZKOMX3LKZOMZ7GNCJLCXTA,1549734507175,0,True
5.0,Great corn cob holders,Best corn holders I have ever owned.  They are larger and better made than most.,[],B0000XOBDE,B0000XOBDE,AFKCGHA5I4GRHOLS6FEKGSUMH6SQ,1442358592000,0,True
3.0,9 mths later...,"I bought this to keep beverages chilled on my desk at work, and so far have liked it.  It has done a really nice job of keeping beverages cool throughout an 8-hour workday.  It can even reasonably cool a beverage in a pinch, especially if that beverage is in a metal container.  Just put the beverage in the holder, roll your finger over the touch-sensitive on/off button on the side, and the cooler turns on and does its thing.<br /><br />HOWEVER, here comes the iffy part of this purchase.  It has been 9 months since I purchased this item, and it is showing signs of wear.  Now when I turn on the device, it has started making a loud screeching noise as if the fan is wearing out.  So far, turning it off and on again takes care of the problem, but it makes me wonder if the item was not made for use 5 days a week, 8 hours a day, which is what I bought it for.<br /><br />So keep that in mind when looking at this item for purchase.  Do you intend to use it as I do throughout the work day/week, or will you use it only part of the time?  Based on the noise it has begun making after 9 months of ownership, I assume that the cooler is not made for long-term heavy every day use.  I will be interested to see how much longer it holds out.  Otherwise, it's been a nice little desktop beverage cooler.",[],B07SF5STBN,B09LH3HNNP,AFV4WBI7HIU2WGK7F4CDMAOAUQWQ,1657027406146,2,True
5.0,Five Stars,great colander,[],B00LH7MIOQ,B00LH7MIOQ,AFDPRFNBJ5A56UKYF6TSAYJXHFMQ,1410044340000,0,True
5.0,Good table,Good table,[],B01HI3CEW8,B09X35JBNB,AEHHUIWDHM42GKGL6UGGY6CZSM3A,1543118286570,0,True
4.0,Nice,Is ok,[],B08LVZ4J96,B08LVZ4J96,AHQFBLCT25NCDEVJUWDZN23JGT4Q,1678146420268,0,True
5.0,Look Great!,I love them on my wall! And the shelves are made of wood which is great because they are lightweight and easy to hang on the wall!,"[{'attachment_type': 'IMAGE', 'large_image_url': 'https://m.media-amazon.com/images/I/51ceUUKAHeL._SL1600_.jpg', 'medium_image_url': 'https://m.media-amazon.com/images/I/51ceUUKAHeL._SL800_.jpg', 'small_image_url': 'https://m.media-amazon.com/images/I/51ceUUKAHeL._SL256_.jpg'}]",B08CGRTD48,B08CGFQZP5,AGXCBMQQASJPTR7FCJOHOIGNTAGQ,1643117808534,0,True
4.0,Great item,"Great item! I bought 2, so when the other dries, I can still vacuum",[],B00K7BQA2E,B00K7BQA2E,AGI6KH6PCJXIMSJ5OQHTHSTJ7APA,1484784863000,1,True
5.0,Perfect,"I needed something to help pour my teas and cold brew without spilling down the edge of the mason jar. These are so versatile and work for so many things. I even drink directly out of them. Super handy, love the carry feature. Highly recommend.",[],B07WTX8TY4,B08H7GT1W4,AEYTKYJYMBIPZ3GLMSIFDZNEDRWQ,1605996132709,0,True
5.0,Five Stars,Exactly what I was looking for,[],B00OJJ2Z88,B00OJJ2Z88,AHHOPT2C6SAQUYVYHY63HXRHJAKA,1488337056000,0,True
5.0,Beautiful,I bought these to make place cards for my bridal shower and they were such a hit! Obsessed. Love these so much!,"[{'attachment_type': 'IMAGE', 'large_image_url': 'https://m.media-amazon.com/images/I/81nmbh3V98L._SL1600_.jpg', 'medium_image_url': 'https://m.media-amazon.com/images/I/81nmbh3V98L._SL800_.jpg', 'small_image_url': 'https://m.media-amazon.com/images/I/81nmbh3V98L._SL256_.jpg'}]",B097PFXDCG,B097PFXDCG,AHYFE6V5AJEJR4I4INFRBZBU5JLQ,1629261963599,0,True
5.0,Time saver and works well,"[[VIDEOID:8802784de5108dbfb5ff05555bbadf8f]] I received it very quickly, right in time for Thanksgiving preparation. I used it for 5 pounds of potato and 4 pounds of sweet potatoes. It handles potato very well. Had some trouble with oddly shaped sweet potato , however if you hold the area of blade which attaches to pole it helped littlebit . Haven’t tried apples yet. I had to manually do the top and bottom. However, it wasn’t big deal and Quick. It was still so much faster than doing it manually and also saved Hand cramp.",[],B000X9EPT0,B000X9EPT0,AGG4Q3JQR4ZKLHMW5KRAKNIMRLOA,1542859691625,1,True
5.0,great purchase,exactly what I needed!,[],B07MVJNXL9,B07MVJNXL9,AE4SBNMWTIZZ3YADIAAPIEJJVE3Q,1666233759563,1,True
5.0,silicone spatulas,This product exceeded my expectations!,[],B09NRNGS3C,B095XG2XQM,AH55VDIULAOZLE5T6M56W7SNGQEA,1665253233792,0,True
5.0,Nice,Looks great!,"[{'attachment_type': 'IMAGE', 'large_image_url': 'https://images-na.ssl-images-amazon.com/images/I/81Kk07peDuL.jpg', 'medium_image_url': 'https://images-na.ssl-images-amazon.com/images/I/81Kk07peDuL._SL800_.jpg', 'small_image_url': 'https://images-na.ssl-images-amazon.com/images/I/81Kk07peDuL._SL256_.jpg'}]",B00NXZQK12,B0BZ5BN4L1,AHKDER7JUCPHTU52HXZWGXFMWSFQ,1526517405314,0,True
5.0,Great price,Nice and durable,[],B06ZZ3F4LJ,B08J44DXGB,AEHZI6E57ZS6E6DEEMCUOTLOZ27A,1592155322224,0,True
2.0,FIRE,My husband used it first and this happened. He put our silicone liner then the paper liner and it worked fine. But the thought of it catching on fire is on the back of my mind,"[{'attachment_type': 'IMAGE', 'large_image_url': 'https://m.media-amazon.com/images/I/71GGs8x5gtL._SL1600_.jpg', 'medium_image_url': 'https://m.media-amazon.com/images/I/71GGs8x5gtL._SL800_.jpg', 'small_image_url': 'https://m.media-amazon.com/images/I/71GGs8x5gtL._SL256_.jpg'}]",B0B69BGDHD,B0B69CQYNV,AHYKFV4IVTI7JF44N6PVSVJ7IUQA,1682945469304,0,True
5.0,Love these vacuum bags!,These are great bags and at an awesome price! My mom bought her 3 bag set at a local vacuum shop and paid more than I did for this pack!!! Great quality have not had any issues. This is my second order and I will keep coming back!,[],B008VEMSRU,B008VEMSRU,AHGFTASVMYU35RM6LB3TT2BQNP7Q,1461440003000,0,True
5.0,Five Stars,Exactly as described. Looks very cute in my farmhouse kitchen! Holds a fair bit of utensils too!,[],B01A6WWYAA,B08W3KLGF1,AEN6J5IG5ZJJAT4MEXXD5KCFPF5A,1533388986580,0,True
2.0,Building it,It’s absurd that I purchased a pleasing looking bread box and I have to put it together. Really?,[],B08GC4DHTS,B09B3J63QH,AEKWKEOL2RECOFOO3NFZVZ7AUB4A,1677490171109,0,True
5.0,Color,"The color in the photo is lighter than the actual chair.  Easy assembly, love it!",[],B06XG61Y95,B06Y2CXZ26,AHF6CZERDZIWEPWHISCF6OB3FCNQ,1545418910299,0,True
4.0,"Good quality, good fit, decent color cover",Takes 2 people to put on but they do conform. Had bright red chairs and can see through slightly if you pay attention but no one else noticed. Everyone asks if I got a new dining set. They are nice looking and fit well.,"[{'attachment_type': 'IMAGE', 'large_image_url': 'https://images-na.ssl-images-amazon.com/images/I/81h5kUaCSoL.jpg', 'medium_image_url': 'https://images-na.ssl-images-amazon.com/images/I/81h5kUaCSoL._SL800_.jpg', 'small_image_url': 'https://images-na.ssl-images-amazon.com/images/I/81h5kUaCSoL._SL256_.jpg'}]",B075XJVR2L,B01MR27RS5,AEB3CYAWKGT53KDLGEDAPOL3VKYA,1531419244651,0,True
4.0,Good so far,"It came with a dent in the side, but I don't have a lid and don't expect to use it too often, so I just let that go. The times I've used it have been fine. I didn't know what I was getting but it looked like a reasonable deal so I went for it. I'd say it's fine. Just heavy enough and even cooking and no-stick. What else is there except a pricey name brand with celebrity chef endorsement?",[],B000BP7LEW,B000BP7LEW,AGZKGKGKUYP4N7PAW3QMYSSHF3EA,1198570318000,0,True
1.0,Doesn’t Blend Well,Doesn’t blend well at all!!,[],B00QNUCV0I,B09R8FMYL3,AGD7RAQMBG2B33BRVEWV2JPAFM4Q,1658362332847,0,True
5.0,Cutest little jars in America!,Love these jars for my bathroom! Matches my color scheme and absolutely adorable.,"[{'attachment_type': 'IMAGE', 'large_image_url': 'https://images-na.ssl-images-amazon.com/images/I/71x3s24oDVL.jpg', 'medium_image_url': 'https://images-na.ssl-images-amazon.com/images/I/71x3s24oDVL._SL800_.jpg', 'small_image_url': 'https://images-na.ssl-images-amazon.com/images/I/71x3s24oDVL._SL256_.jpg'}]",B07QXXJNFZ,B07SDB98VQ,AEEA5C6QUHBZUOYZQC6VQGLCVNUA,1576922362348,0,True
5.0,"Perfect fit, easy install, great buy","Fantastic little cover and soft too. Nice that my thighs don’t stick to the chair anymore in this heat wave lol. Easy install and fits perfectly, no sliding, very secure.",[],B07H8ZHHRF,B0871WDSMS,AHNEEJS3LDVJSNXBWJRXNDIFH4ZQ,1563895469843,0,True
5.0,Will buy more!!!,Love! I put this up immediately when I received it!,[],B07DJ2SKR7,B07DJ2SKR7,AGIELC2ZRDLLSAVSIYFR7EPQQD3A,1546736511794,0,True
5.0,Good no matter what the weather.,She loves unicorns and castles.  She had a castle bed and the ensemble matches perfectly.,[],B01NAVX9F0,B01NAVX9F0,AHVGMP7UJ6D37W7OWNBXQCIZZYXQ,1546637187274,0,True
4.0,If you want a wood look not for you,This piece is sturdy  and a great value. The size was perfect. My only complain is that it doesn't really look like wood. I bought it to paint to match my Fireplace console. Painted beautifully and I love it painted.,[],B0B7HXZ2WB,B0B6BV3M2M,AFJJZQEHTMSGZ723NNQET46XGTQA,1671633870868,1,True
1.0,One Star,All of them leaked ; ( so disappointing,[],B00Y1FLKFE,B00Y1FLKFE,AGBUKZOTKXRXJU4ZXZFYOTS75BKQ,1464421341000,0,True
5.0,Rachel Ray Utensils are the Best!,These are my third set of Rachel Ray Utensils. I first ordered the Lazy Spoons and loved them. These spatulas are my new favorites. Easy to clean and keep my new pans from scratching.,[],B000YDTTZA,B07JNJBB9P,AHXZ2VBCLL2GX2AOAJPJTZGK2GLQ,1583524662151,0,True
5.0,I love this grater box,"I love this grater box, I needed to replace my old one. This one is much sturdier, doesn't slide around when grating, because of the rubber bottom, is nice looking and does the job well! I would buy it again. :)",[],B01FNR4REY,B08FKWQS6W,AG25PD6WRQL6Y5WF2EZ3J54CGZDQ,1492105037000,0,True
5.0,Feels like cheating.,"Absolutely amazing. Cooking steak now  feels a little bit like I'm cheating. Obviously it doesn't have the same smokiness as a grilled steak, but it's so worth it, especially if cooking for just a couple of people. Make sure you finish things on the stove or broiler for a nice searing.<br /><br />I also got the idea that I might be able to temper chocolate with it due to the precise temperature control, so that's a major bonus I wasn't anticipating.",[],B00UKPBXM4,B00UKPBXM4,AGCXVEIOWOZJMYHRFGN5ABJGSLDQ,1496277327000,1,True
4.0,Good Cushion but Only ONE Cover.,"Nice quality cushion that works great! Like others who have reviewed, I did not receive the second mesh cover. Would have been nice and I would have given 5 stars if it had been included.  Seller should really change the product description!",[],B01MS3I2AG,B01MS3I2AG,AHO2ZH746RN2ZTFINDTEV43JVXUA,1503771988964,1,True
4.0,Whoops! we wanted the bigger mugs but these are great.,These are great quality and a beautiful cheerful set. We ordered them accidentally when we were trying to get the larger mugs. I would have kept them for looks if we had the space!<br />We have the coffee mugs now and they are GREAT! They work on n the dishwasher and microwave and have a nice weight to them.,[],B00MW6FX6Q,B00MW6FX6Q,AFKYYECIMAJGYDSR7BXSMMY2G3VA,1435694957000,0,True
5.0,Great!,Works well! I like grinding coffee beans with this!,[],B07RS2G42S,B09QG6LBV6,AHQD2VLV74ZQLGI73UNBCK7WKEDA,1580075890075,0,True
5.0,TV stand.,Just perfect for what I wanted.  I just put it together today with a little difficulty.  It took a little longer than I thought it would but was worth the energy.  Just the right length and height for where I wanted to put it.,[],B0BSBCJM9S,B0BVH86VF8,AHWGP6ZGZ6MXMPVVLCP2JRU53UCQ,1682628286338,0,True
5.0,Exactly as pictured,Very easy to use and I love that it still allows light through but has privacy so I don't have to worry about people being able to see in.,[],B0BHYFQ8C9,B0BXW1LRGB,AEGKATOQ6PLXS6XBJJ3FG5SZ5BKA,1690597653006,0,True
5.0,"One month in, Best purchase ever!",I came to let all of you know that this is a wonderfully designed robot and has made me so happy. I have many illnesses and cannot sweep and mop as often as I would like. It efficiently cleans and wipes my floors/carpet and is easy to clean afterward. I will add to my review after I have had it for awhile.,[],B094N4VJ7S,B0BZ4J87J1,AHTDAP2WWMZ6U77WJPSZ3ISQDSFQ,1681541954272,0,True
5.0,Avoid mess around kitchen,I use to get several utensils to cook and this is perfect to keep them together but organized.,[],B08W9MWT8G,B08W9MWT8G,AFIYTNXJ74E76MNZREBSIJWCWZUA,1652618540553,0,True
5.0,Handy,Good size for small family,[],B0086UR0SG,B0086UR0SG,AFGI4K2VTDIJXOWTE6OC4ZXF2IQQ,1562411670703,0,True
4.0,Got it on time is beautiful it really really makes any wall looks different,"Wish I can give five stars, but as some one said the pattern does not align!, after that,  every thing is ok,stick hard but still can be remove it if you made a mistake (slowly if you dont want to tear wall paint). Got it on time is beautiful it really really makes any wall looks different. And If you have time and  like DIY like me...... I went to Office D, and I got one gray one dark brown and one black pertmanent markers and made the patterns match.  My wife told me that I going to made a mess, But after I finished She told me that I did I great  job. ( and She is not easy).",[],B01655D1SQ,B01655D1SQ,AFO2VSKMZHOGHFIELZJZYESD4IJQ,1467319709000,3,True
5.0,Great quality carpet !!,"Great quality, beautiful design.","[{'attachment_type': 'IMAGE', 'large_image_url': 'https://m.media-amazon.com/images/I/91upsnyq8OL._SL1600_.jpg', 'medium_image_url': 'https://m.media-amazon.com/images/I/91upsnyq8OL._SL800_.jpg', 'small_image_url': 'https://m.media-amazon.com/images/I/91upsnyq8OL._SL256_.jpg'}]",B07NPL4DPM,B0BVMHVLBG,AH4IWADPYT2BCZG26QS3PN7Y2Z2Q,1667952423133,1,True
1.0,Restocking Fees!,"We returned this item as the colors did not match what is shown in the online images. This is likely due to lighting. However, this company charges a 15% restocking fee. Check for Prime options instead.",[],B0825BQ2GK,B0BX8J679C,AEPJDN36UDA5UVNG4F3EWG7I4UUQ,1617749187692,1,True
5.0,Does the job,This is sleek and well-made.  I am on the HCG protocol and this is doing what I need done for weighing my meats.  Recommend.  Shipping fast and product as described.,[],B003E7AZQA,B09MN4GBW8,AH3FNETWYK2WE6B3FHNUZ7UHQPCA,1289167661000,0,True
5.0,Very nice,Heavy and very substantial. Pleased with this purchase.,[],B087G8F25S,B07KNWTZTR,AGUTVIKG4BWWH6TJA6GS74SIHVCA,1618188319504,0,True
5.0,Beautiful,These glasses are beautiful! I was concerned by having them shipped that they would break. They are packaged expertly. They are sturdy and so gorgeous!,[],B07BM2WF72,B0BFZXDSK3,AEYHH34ZJFNM2S2VEOYGUHNWWUFA,1631462042557,0,True
5.0,Good size,Just what we were looking for to carry my daughters lunch in.  Has everything you need.,[],B07C2749DM,B07C2749DM,AFEUKSRNQUMXDB7BJTEUXTVNXVWA,1544990796654,0,True
5.0,Love it,Beautiful and full  very festive,[],B071DVQZKX,B071DVQZKX,AG54MCKOY2LAHKWSC5DP7EJ2YAAQ,1509742762270,0,True
5.0,works great,does not soak up water real good  but its a lot better than what i have paid a lot more money for,[],B099MK8R49,B08N635GR3,AHFORCHX2MKLKZ5VKLAPEKAJ5C5A,1669813404214,0,True
5.0,Was worth it,It is beautiful I love it very light weight and was a great price,[],B08K93VK3X,B08RD844YN,AEFOZBASAFXLDISE547INFZNVY5Q,1641429930943,0,True
5.0,"Doctor Who,",My granddaughter says she loves it.,[],B00937R0XG,B00937R0XG,AE3GOU26OCL4N2QU4R7REXBSONVQ,1420516880000,0,True
5.0,Attractive toilet cover,Adds a nice touch to the bathroom.,[],B07R73P4XB,B0BGQPMJHR,AGYBZCHKXEVABKQAH47HY32TPM6A,1583847039141,0,True
4.0,A dog lover's delight,"Gave this to a friend who worships dachshunds. She was delighted, and uses them as wine glasses for friends and family. A conversation starter.",[],B01N1WHUEE,B01N1WHUEE,AHWXNC52VEW5BPOY4PKE26TD7VWA,1548980159599,0,True
5.0,Good buy!,The towels are highly absorbent. Nice color. Wash well - fluffy and no fading.,[],B00GQP0XTQ,B0BGLZXZQ6,AH6N6IK2HLJMX4LDDCQQLMGP4APQ,1451150072000,0,True
5.0,Such a beautiful pitcher! Holds a good amount of liquid,"Such a beautiful pitcher! Holds a good amount of liquid. I like the ice lip around the spout, keeps everything in the pitcher while you pour. I made a big pitcher of watermelon lemonade with my new Mikasa pitcher.","[{'attachment_type': 'IMAGE', 'large_image_url': 'https://images-na.ssl-images-amazon.com/images/I/713SArKGFmL.jpg', 'medium_image_url': 'https://images-na.ssl-images-amazon.com/images/I/713SArKGFmL._SL800_.jpg', 'small_image_url': 'https://images-na.ssl-images-amazon.com/images/I/713SArKGFmL._SL256_.jpg'}]",B018QDR0FA,B0911LPT37,AHW7LNMI2ZHTDOT6JMS4WXD6CSSA,1504065928912,2,True
4.0,Cute,"Nice little ornament with a kind of old-fashioned feel.  Bought it as a stocking stuffer for my daughter-in-law, who is very &#34;into&#34; Precious Moments figurines, and she loved it.",[],B003T77M3E,B003T77M3E,AFQTO5DAKQGG6B72PWUTZWR3WXSQ,1367941259000,0,True
4.0,"Very pretty, but fragile","There are two 6 foot (approx, I didn't measure) garlands in the box. They are very pretty and true to the photo/realistic. But, they seem very fragile -- when I took the first one out of the packaging (super carefully) one of the berry branches just fell out, ok no big deal, I shoved it back into where I thought it might have belonged, but the garlands overall seem incredibly fragile. The pieces are held together with a brown papery-floral-type tape and the garlands arrive in the box wrapped in a wreath-like shape. This makes it difficult to straighten out the garland, especially with how fragile they seem. Both garlands have some broken berries (see photos for an example) not a super big deal to me, but might be for someone else. The berries are made of a styrofoam-type material. I don't think these garlands would make it through many Christmas seasons, and if you have young kids/a super playful cat/dog, I wouldn't recommend them. But, if you're ok with handling them gingerly, they are quite beautiful, especially for the price. 1 star knocked for the broken berries (>5 berries) and for the fragility/berry branch falling out when removing it from packaging","[{'attachment_type': 'IMAGE', 'large_image_url': 'https://images-na.ssl-images-amazon.com/images/I/81GSf4uy67L._SL1600_.jpg', 'medium_image_url': 'https://images-na.ssl-images-amazon.com/images/I/81GSf4uy67L._SL800_.jpg', 'small_image_url': 'https://images-na.ssl-images-amazon.com/images/I/81GSf4uy67L._SL256_.jpg'}, {'attachment_type': 'IMAGE', 'large_image_url': 'https://images-na.ssl-images-amazon.com/images/I/81Gv3YHpRzL._SL1600_.jpg', 'medium_image_url': 'https://images-na.ssl-images-amazon.com/images/I/81Gv3YHpRzL._SL800_.jpg', 'small_image_url': 'https://images-na.ssl-images-amazon.com/images/I/81Gv3YHpRzL._SL256_.jpg'}, {'attachment_type': 'IMAGE', 'large_image_url': 'https://images-na.ssl-images-amazon.com/images/I/81LXpZgiwVL._SL1600_.jpg', 'medium_image_url': 'https://images-na.ssl-images-amazon.com/images/I/81LXpZgiwVL._SL800_.jpg', 'small_image_url': 'https://images-na.ssl-images-amazon.com/images/I/81LXpZgiwVL._SL256_.jpg'}]",B08LD6Y1RG,B08LD6Y1RG,AE5EA2WMRNVWCT7PUCFDM2NQWJ6A,1606926255342,1,True
5.0,Love it!,Perfect tree!!,[],B01L9X99GC,B07VTR9V54,AEMHUPQDZEZQUEHNAMWMCS3IDL3Q,1510699887512,0,True
5.0,Nice cup of coffee with these,Exactly what we wanted. Nice size mugs for our coffee. Perfect color too.,[],B07XP5W7ZN,B0995ZNK1H,AFYNS6XQZL3O5HSQDKPCK677Z6BQ,1622087077705,0,True
5.0,Love it,"Very absorbent, easy to clean by just throwing it into the wash and pack away easily when in the way",[],B07N9JXYBD,B09X229JGB,AGGX7J5GOR5WY7GC5MX5263S3LYA,1658795632491,0,True
5.0,Better than expected for coaster gift,"Super, long-lasting quality of coasters and the art work/print job is nicely done. Very happy with purchase. Coasters made for perfect gift.",[],B0791293MV,B07911S2QS,AHRONHB56LBACD2UOTTIYFNEJ3XQ,1569946494382,0,True
5.0,Love,"Love this basket, great style and look. Does not disappoint, go get one!",[],B07B8W8FHF,B07B8W8FHF,AE5RKQG3OD3UQ5H5CBXQZ3PTE7NQ,1611718870222,0,True
5.0,They are nicer than expected.,They are exactly what I needed for my tables at my wedding.,[],B00H74P9G2,B00H74P9G2,AE7JV7LL2UR3NUXSFJY4YOIWKKSA,1551621661097,1,True
5.0,Perfect fit,Sweeper works much better with new gasket,[],B005S4CKZG,B005S4CKZG,AEXPTOFET6VETX2SICWTPWKZPO6Q,1666752061665,0,True
5.0,Recommend,"Really beautiful! High quality, cute image.",[],B07HF8YFFT,B08K485X9M,AG5NOKYSPMEXFKJVCEKWAWH2PUDQ,1551232393532,0,True
5.0,Five Stars,great,[],B01AGS0KZA,B01AGS0KZA,AH4FD5XY6FSB55BULHQYDEX7Z4KQ,1462480253000,0,True
5.0,Best neck pillow,"Spent 30 hours traveling abroad and this little pillow is a lifesaver.  It is very soft, flexible and does what it says it does.  I was in a middle seat and it didn't matter... the pillow supported my neck and jaw and I was actually able to sleep on the airplane.  Very soft, spills run off and it is wasable.  everyone asked about it as they struggled with their ole-school pillows.  Highly recommend!",[],B009416CVC,B009416CVC,AGQN7XTNJEZIU5FO5CAKQLS5QP6Q,1450273208000,3,True
5.0,College Dorm Approved,"My daughter purchased this to use while she is away at college and she raves about the ease of use, how well it works and how easy it is to clean. And that coming from an 18-year-old? I would take that as the ultimate high praise and recommendation for this product.",[],B07XFCRG1D,B0C537C65G,AF7VO333LUSEIGXQA73HBATVRPYQ,1646537214953,2,True
5.0,"Great clock, large display numbers.","Nice, clear, bright display of large numbers, easy to see across room. Compact clock, easy to use.",[],B08DHZD3GQ,B0BZ5ZRBRC,AG4G466O3H4BJ3FPZORMLYO4QWEA,1612576524443,0,True
4.0,Overall a great carpet,I bought this carpet to go in my dorm room by my bed and it's been great for the year I've had it. It was a slightly more purple color than what the picture advertised but it was close enough for me to be happy with it. Good quality for the price considering carpets are so expensive nowadays.,[],B083F6FQ5T,B0947GSRQY,AGEIHTF5BUBLFCZNNIQUPR3NCGVA,1627355227731,0,True
3.0,I would not recommend.,"I have had these for a year now and they are thick, heavy and sturdy. My only issue with these dishes are that the bowls have little cracks in the bottom and will get moldy sitting clean in the cupboard. It is like they didn't clear coat them enough or something. I threw all of the bowls away. So much for my matching dishes because I'm not buying a new set just for the bowl. I would not recommend.",[],B084G3MRZ9,B084G3MRZ9,AE56FMMZTSLIZHS32AJEKDLDAANQ,1667831127949,4,True
5.0,"Good Price Point, Good Quality. No Complaints.","Does exactly what you would expect it to do. Quality is fine, no real complaints at all, but if I had to nit-pick, cups and lids get more difficult to reach when their volumes get low.... Which is wouldn't be an issue if you had a cup of coffee first.... oh the horror!",[],B009P8K602,B009P8K602,AHXV4YXWLFJZNTHMH3PJGHIXEGNQ,1418246691000,1,True
5.0,"Buen articulo, para separar los alimentos de el lonche", ,"[{'attachment_type': 'IMAGE', 'large_image_url': 'https://m.media-amazon.com/images/I/81SjzYEy1XL._SL1600_.jpg', 'medium_image_url': 'https://m.media-amazon.com/images/I/81SjzYEy1XL._SL800_.jpg', 'small_image_url': 'https://m.media-amazon.com/images/I/81SjzYEy1XL._SL256_.jpg'}]",B09FJR4RD6,B09JNMTXCY,AEZF7CI26T74NLOQKCMSIU6B4MVA,1667841098275,0,True
5.0,Lifetime warantee!,Quality product with a lifetime warantee!,[],B07LHJWVDB,B0B8L7V4D7,AETUDXABJS2CBVIMXR5PFYZRTAKQ,1627877728375,1,True
5.0,Swivel Sweeper - Amazing!,"This is the best sweeper I've even had! It's light weight, powerful, and just plain Great!<br />I've had several in the past, but this one has been improved and it does not only the tile floors, but it's also a quick clean for carpets.  You'll love it!",[],B002GUH8DY,B002GUH8DY,AFDOAIVPT7P24J54BYS55JS54B7A,1347067610000,1,True
5.0,Sturdy,Feel a little rubbery but good Otherwise,[],B08C2KQKQL,B08T6MX1F9,AG7Q7QAHUCXJS4IG73E4A3CRMHZA,1635741443491,0,True
5.0,Five Stars,Love this table! Perfect for so many uses! Very sturdy. Does not take up a lot of room!,[],B002SCCW18,B07B8SR13Z,AEPB6RORPUD2NKOEYL2O25NH3H6Q,1521238986887,0,True
3.0,cute but not great quality,these are cheaply made...I've only used it a few times and it feels like its going to snap/break :-(,[],B00GYRHCEU,B00GYRHCEU,AHHUOT3IIP5UATLPWVBXVE73RZJA,1427652525000,0,True
5.0,Classy,I put in a soaker tub and I placed this towel bar next to it . It is very sturdy and completed my updated bath.,[],B000NVXMCE,B07VKXRWQW,AGVY3EDXOAJAQYFH2DTJSFHE7PGA,1649026312099,0,True
1.0,The product works fine but was sent to me used and was never ...,The product works fine but was sent to me used and was never washed. Had chocolate on a lot of the product.  Missing instructions and box was beat to crap.,"[{'attachment_type': 'IMAGE', 'large_image_url': 'https://images-na.ssl-images-amazon.com/images/I/710HxPDYdEL.jpg', 'medium_image_url': 'https://images-na.ssl-images-amazon.com/images/I/710HxPDYdEL._SL800_.jpg', 'small_image_url': 'https://images-na.ssl-images-amazon.com/images/I/710HxPDYdEL._SL256_.jpg'}, {'attachment_type': 'IMAGE', 'large_image_url': 'https://images-na.ssl-images-amazon.com/images/I/7125YDkPkqL.jpg', 'medium_image_url': 'https://images-na.ssl-images-amazon.com/images/I/7125YDkPkqL._SL800_.jpg', 'small_image_url': 'https://images-na.ssl-images-amazon.com/images/I/7125YDkPkqL._SL256_.jpg'}, {'attachment_type': 'IMAGE', 'large_image_url': 'https://images-na.ssl-images-amazon.com/images/I/71SKyX9E3AL.jpg', 'medium_image_url': 'https://images-na.ssl-images-amazon.com/images/I/71SKyX9E3AL._SL800_.jpg', 'small_image_url': 'https://images-na.ssl-images-amazon.com/images/I/71SKyX9E3AL._SL256_.jpg'}, {'attachment_type': 'IMAGE', 'large_image_url': 'https://images-na.ssl-images-amazon.com/images/I/71pQFgd+R6L.jpg', 'medium_image_url': 'https://images-na.ssl-images-amazon.com/images/I/71pQFgd+R6L._SL800_.jpg', 'small_image_url': 'https://images-na.ssl-images-amazon.com/images/I/71pQFgd+R6L._SL256_.jpg'}]",B011RBDCJQ,B09X2DZX6S,AFEWGJPKPH22CAGSOYT2JKGJKFTA,1516333950152,8,True
3.0,design,"The weight and look is nice.  It is a screenprint though and not a true weave, so the design may not match when panels are closed.",[],B08CBX72M6,B08LPSZW2Z,AHSPEV7KWSXDAYM3JA3J7ADQID3A,1668695664938,0,True
4.0,The tiles were perfect for my repair job and the quantity was just right.,The tiles are an exact match of the water damaged ones in my office ceiling. The quantity was perfect as I didn’t have to purchase a whole case for a small repair job. They were a bit pricey with the added shipping cost but cheaper than a case. There were no local sources for the product so I was happy to get them via the internet.,[],B019D1A9V6,B019D1A9V6,AGLTM2WCGLSUWXYOY6FVZM5A5KIQ,1616303134389,0,True
5.0,Sturdy and quality,"Very sturdy, love it",[],B01CIQZMCY,B01CIQZMCY,AGEYRAPUYRBCWCWABUHABUXZLABA,1490042567000,1,True
5.0,Five Stars,Very cute,[],B074FLTS6N,B07JG72G9G,AF4QURQ67BD6SOUVR6YM6GKC445A,1515995111508,0,True
5.0,¡Excelente!,¡Excellent!,[],B0000Z6JIW,B07LB4X26D,AG33EBWZWUYMEOMEKBX35ISJERNQ,1577969736831,0,True
5.0,Good merchandise,Value for the money.,[],B089Q35QPS,B07TZHQQ2L,AF45VELTW2VDHZ7SWRU4BZYI6LRA,1625465581030,0,True
1.0,don’t buy this,The screws aren’t labeled but the instruction manual has everything labeled with letters. The screws for the hooks break easily. The wood looks very cheap and not sturdy,"[{'attachment_type': 'IMAGE', 'large_image_url': 'https://images-na.ssl-images-amazon.com/images/I/8138HRjtwRL._SL1600_.jpg', 'medium_image_url': 'https://images-na.ssl-images-amazon.com/images/I/8138HRjtwRL._SL800_.jpg', 'small_image_url': 'https://images-na.ssl-images-amazon.com/images/I/8138HRjtwRL._SL256_.jpg'}, {'attachment_type': 'IMAGE', 'large_image_url': 'https://images-na.ssl-images-amazon.com/images/I/81EjhtASeqL._SL1600_.jpg', 'medium_image_url': 'https://images-na.ssl-images-amazon.com/images/I/81EjhtASeqL._SL800_.jpg', 'small_image_url': 'https://images-na.ssl-images-amazon.com/images/I/81EjhtASeqL._SL256_.jpg'}, {'attachment_type': 'IMAGE', 'large_image_url': 'https://images-na.ssl-images-amazon.com/images/I/81a+vNlnUqL._SL1600_.jpg', 'medium_image_url': 'https://images-na.ssl-images-amazon.com/images/I/81a+vNlnUqL._SL800_.jpg', 'small_image_url': 'https://images-na.ssl-images-amazon.com/images/I/81a+vNlnUqL._SL256_.jpg'}]",B07SR26QMQ,B0948HXVJ9,AGN6SR7NRCTV42RU42HDFHV7TAYQ,1607308220513,4,True
4.0,odd...,This is what happens when you don't pay attention to detail. The wife wanted a spoon rest for the stove. Simple enough right? I thought stainless steel would be nice. It arrives and don't you know it looks like something hanging from a redneck pick up truck.,[],B00FL70HGO,B0127D3ZMC,AG2W36LYI2SCRYG27OKNO4KQJURA,1408070395000,0,True
5.0,Just what I wanted!,I looked long and hard to find this pair that matched what I grew up with in our home. The silicone heads are just the right stiffness and the clear plastic handles make the easy to  use. Highly recommend.,[],B000WEIHHC,B000WEIHHC,AH42V6RBU6YKFWHN3KKKA42CKYWQ,1416169504000,1,True
1.0,Lids do not close,Lids do not close on these plates.,[],B072XFQTXF,B072XFQTXF,AFQ2PA3GO22Y5GAL4OKN5KM7E25Q,1544678475708,0,True
3.0,Cute but break easily,They break easily which is frustrating.,[],B09SB3BCF4,B09XL1N2FM,AEZQGXEHC5RCYB2YQ2ZR6LLENJCQ,1656801353027,0,True
4.0,Cute fall touch,"These are just what I was looking for. I don’t really like how the stem looks, but I’ve turned the pumpkins in a way you can’t see them much.",[],B08CXKN98Z,B08CXKN98Z,AGTWI2BJVXE7UNYHOFFIYCUHX23Q,1603139020153,0,True
4.0,Good,It fell off the mirror but it came with two adhesives. I applied the second one and it hasn’t fallen since. What annoyed me was that the toothpaste thing is not automatic and you have to push it multiple times to get any decent amount of toothpaste out. It held up my cleanser and moisturizers,[],B08R91Y2KY,B08R939F61,AGLQ54XCMDD6Y7EW73XWSYPEUFKQ,1652227583345,0,True
5.0,It’s like a framed picture on your lap,My mom loves it,[],B07DTGC3T5,B08YMYTHQ2,AEAJVVHNRRH2ASY66L6OP7QSXJ3Q,1579133861603,0,True
5.0,Organizador,Muy buen producto,[],B07ZP9Z7CY,B07ZP9Z7CY,AGQU3E22Z6JFM76EF35J3MHNO3SQ,1599685988597,0,True
4.0,its a shelf,holds a good amount but it is a pain in the butt to put together,[],B07S355JRJ,B07R6CLLN1,AFYJEC6EQKA5QG2SY2UJX7YKJ7XQ,1638756688131,0,True
1.0,not what i wanted,the color is different and they do not stick to the table as expected. slide all over and it is not good for kids.,[],B0087B6JW2,B0087B6JW2,AHHFGLKTJD4TBDSAW2GVKNZEGVIA,1391743959000,0,True
4.0,"Heavily comforting, but keeps me in place","I'm currently using this blanket, I've never used one before, my brother-in-law actually got his sister to get it for me. 20pnds is actually pretty heavy but my 10 yr old used it an loved it",[],B07JPJXYH6,B07JPJXYH6,AHBVOXM2PDZQKVQN2YUKEZUXND6Q,1556522852739,0,True
3.0,Pero es un buen producto,Me llego otro color,[],B083DQ1H5Y,B0919Q7YQR,AH3BCNWSXWXSAR7WTSBHY4ZZKXWQ,1619737453918,0,True
5.0,Wonderful product!,Bought as a gift and they love it!!,[],B01K6PWMY0,B01K6PWMY0,AEF5YL5IJ6BEB7XWQMUMBUSHRW5Q,1479573234000,0,True
5.0,Five Stars,great for cookie dough,[],B00IY1C7D0,B09531Y3SB,AEI2SNTTX3LDDYOV63ERGZWULWEA,1477657701000,0,True
5.0,Five Stars,Works great,[],B01E4JPL3S,B01E4JPL3S,AGMEPR6X5R3XGQFAPBBXESDZ5DZA,1516379705209,0,True
5.0,"Great gift, all recipients loved them",Gave several of these for Christmas and everyone loved them. One recipient said she smiled every time she looks at it.,[],B07BB39J73,B0BNBPQ2HD,AEV5VKTU2TS4TOFB2J4U4L4EPHIQ,1672467082102,0,True
5.0,Great gift,Loved them so much! Bigger than I expected them to be.,[],B08KDN3FFG,B08KDN3FFG,AEUD2F45YKVQMLBNMXJA7G3SEXYA,1611860107231,0,True
5.0,the look of it,i love it its bright and such a compliment to my bath i love the rug so much i decided to hang it up on the wall i bought complimentary rug that goes perfect with the shower curtain i just love it,[],B07RPS98RL,B07RPS98RL,AEL56D47VSRNSBLGDWBWKVKVMW3Q,1594667229385,0,True
3.0,So so,VERY flimsy and cheap quality. However easy to hang and will do the job until I can afford better ones.,[],B009U20DC4,B076KM4Y8B,AFFAW5L4SW6B47Z6WDO337E2NASA,1437751919000,0,True
5.0,This is a great addition to our kitchen,"I really am amazed at how easy this is to work; how well it purees even frozen items, and how easy it is to clean. The design is great. So simple to use and very fast and efficient. Great for smoothies, chopping nuts, etc. Love it!",[],B005GYRXA0,B005GYRXA0,AGWMRBMQOZ4APZJXV4S4DCPRMJLA,1373542953000,0,True
3.0,Dusty Brush,Arrived on time and looked as pictured. Just didn't fit my vacuum.  I'll find someone to give it to.,[],B07BYWZXD2,B07BYWZXD2,AFM2UY5XTAHIUUT5E3UB3FWP2XEA,1584368969960,1,True
3.0,Very flimsy,Didn't expect this item to be so thin and flimsy,[],B09QC1MJTF,B09QBP9SY3,AF56QFGGCWNAZICJBKEFNYXZMYYQ,1661785907859,0,True
5.0,Very surprised and definitely recommend with the right cleaning solution.,"I don't normally write reviews, I do however base a lot of my purchases from them and thought I'd help someone else out with this. I was honestly skeptical and kinda disappointed when I opened the box and seen this tiny little carpet cleaner. I've had bigger, more expensive cleaning machines and I thought there's no way this itty bitty thing is going to get grease and dirt out of my carpet. (We own a truck shop so there's plenty of dirt and grease that's drug into our house.) I bought the Bissell max cleaning solution and mixed it with the angry orange odor remover. My carpet doesn't look brand new because it's older anyhow, but it's pretty dang close and there's no grease, no dirt and no smell. It's a mean little machine and actually did better than the more expensive ones that I've had.",[],B074L775XC,B08X1YZR1N,AETSODITXNQHLOBBFLMPDJQPXP5Q,1595908462424,1,True
3.0,Doesn't match,I bought this to match the &#34;1410 - Gourmet Bar and Utensil Wall Mount Racks' but this one is only an inch wide while the &#34;1410&#34; is 2 inches wide. I was slightly disappointed but not enought to return it,[],B004KGSZOI,B004KGSZOI,AHBFY4WZTP2PDUKXN4KSMQWMHVCA,1367837185000,0,True
5.0,Beautiful rug,Its been a year since I bought this rug and it has held up with a dog and kids. There were only a few strings that came out but nothing major. It’s very comfortable and I love the colors,[],B00AW0TY3M,B01HDWCDI4,AFQ67LE5FGNILPJ7UE6ZZ3TVIIYQ,1574054493015,0,True
1.0,Won't last a week.,The first time we washed it the quilt the stuffing came out. And now the qiñt if full of tiny holes.,[],B07L7CQ1HJ,B0994MTV6H,AEQHIWBDZE5PSCDGTTFMBCGFPPWQ,1599702271964,0,True
5.0,Great for waitresses,Nothing,[],B07919YFSV,B07DRBDKHB,AG6DJWNDVJXDHW6V7ONGZ3CQZVUQ,1626071740158,0,True
5.0,Received on time.,"Received on time with order. 4 out of 5 only because the measurements on the spoons are not the same measurements used with the products. The products use measurements as small as 1/64 tsp, as well as measurements in mg. I will have to order a different set of measuring spoons, but will keep these for cooking...<br /><br />Changing to a 5 out of 5... Was able to convert measurements for accuracy...",[],B0009X1P9S,B09JS797S7,AHDWIAPS36XYJ34H5LAAMEAAZ7MA,1427575795000,0,True
5.0,"Gorgeous, vibrant, soft.","So tightly woven, feels soft. Bright colors look elegant.",[],B08NCM1D4X,B08ND2NMNM,AHSKK7RL4M65ALL5WQAHGY3YP6AA,1623789261539,0,True
3.0,not well insullated,"It appears to function nicely, but will not hold ice for very long .",[],B00JVKBQZS,B00JVKBQZS,AEJ6CWHAYBRD562V4OI7AU7HPDBQ,1429592352000,1,True
1.0,Can I replace it with my original order request?,"This was the ""wrong"" item.",[],B009ZJ2M7G,B0C1VZJC9F,AH7WF426S3JBVWXXCM4X37BHI5TA,1589293109407,0,True
5.0,"Looks very real, good price!!!!",I bought for a wedding and they were very nice and didn’t look cheap! Received a lot of compliments. Looked like the real flower!!!! I would buy again!!!!,[],B09JP2CMGV,B096B1C5LW,AEAS62G5WFIVUWF7QNYBM2Y2KMSA,1647123625174,0,True
3.0,( I love the glasses bigger then store bought but now I ...,I got my glasses and one of them was broken to pieces :( I love the glasses bigger then store bought but now I only have one then two,[],B002QAXCS4,B002QAXCS4,AHD5IFG7VMV77ER6XWN47ETZFJQQ,1406577795000,0,True
4.0,Amezing product,This is one of the awesome heaters I've used so far. This is a tiny wonder,[],B076J929TG,B076J929TG,AFZJJ5EJIWL6AHP4GQT3KUYXWRNQ,1544823433367,0,True
4.0,Well made and sturdy,"This was a great product overall. Unfortunately it didn't work for the type of loft bed my child has. The hooks were right next to her face in bed so we returned it. However, it was well made, and I think would work well for regular bunk beds!",[],B088G23ZBT,B088G23ZBT,AEWSLOBHL5XZUOSPFYO5FH46WIWA,1597343120036,0,True
5.0,"Very easy to put together, worth every penny!","I bought this as a spare for my basement in case we had any visitors. This bed was very easy to put together, I did this by myself, it only took about 30 minutes. I also was able to move it around the basement by myself which was very nice. The bed is very sturdy, I got on it (about 200 pounds) and my son laid down next to me (100 pounds) and there was no issues. (We got a memory foam mattress so I am sure that helped). Very nice and worth the money. I love how the entire bed fit in the headboard, very convenient if we ever move again or if I want the extra space back in my basement.",[],B01M7M9NXX,B0BXSYSS18,AEDB7CXJPD6G2WW7Y2XFEDVFDHHQ,1612739753890,0,True
1.0,didn't last more than 6 months,"I had this iron for less than 6 months and it pours water all over when I tilt it in the ""wrong"" way.  I had Rowenta irons for years so I know that they have leaking issues.  This iron goes to another level where the water pours out of the bottom area if I tilt it in some way.  Never buying another Rowenta again.",[],B016J7U6VU,B0C2X8NGGC,AFV7CW5ACMSQKWGOBAKR2OH2FRGQ,1644899299151,1,True
5.0,Perfect and small.,Perfect for a few cards.,[],B00L8S9EPK,B00L8S9EPK,AGDYYW7HOFFHTS4DVVWF6MXCBO2Q,1441720160000,0,True
5.0,Get deal,Exactly what I was looking for the only thing is it has a funny smell. It's melted kind of moldy or mildew a little Febreze took care of that. And I bought a second one. Again a little Febreze takes care of the smell.,[],B08C2GK9DM,B0B4PP2CG9,AGFJMFPE43BJV3XNUWAQVUTL6GIA,1611678217821,1,True
4.0,DO NOT PUT IN DISH WASHER,I got these in and they looked a little dusty so I put them in the dish washer and they melted... they were a gift for my husband who is a chief and he loved them till I destroyed one of them uhg... do NOT PUT THESE IN THE DISH WASHER!!!,[],B07L6MH96Z,B0BDCNC4JJ,AFIL7GJMKWDVOUT5NOSYJVQXYDAQ,1581798194010,0,True
5.0,Great size for my little dog's food,I use this to measure and scoop my little dog's dry food. Perfect size for her little tummy.,[],B07QLNQ4CB,B077D1Q157,AHV56TEOAM33ZNV76JB7QLRFPV6Q,1676937553366,0,True
1.0,Falling apart after less than a year!,"Really liked this laundry basket when I first got it, but after only 7 months it is falling apart. The fabric rips easily and the bars in the sides that hold the basket up will rip through. Waste of money!",[],B001NQHH2E,B01N63G7TW,AGPCWDXEYVFVI6IT5MWKVWIGELHQ,1399153335000,0,True
4.0,ice trays,a little smaller then I wanted for my ice cubes but other wise really nice silicone trays,[],B07P8LDZ5M,B0C7GLKPT4,AFVATHTI3OBYUT254U5JSLX3ME5Q,1658540914472,0,True
5.0,Perfect size,Very nice alternative to cloth dryer pads when you have a few things to wash & dry,[],B09JSY3T12,B0BQC1WFB6,AG75XRPP2NCDVGQVU6YRF5CJKL4A,1657051310264,0,True
3.0,Too small.,These are cute but very tiny. They aren’t tall enough to fit over the top of most of my coffee mugs. I should have paid attention to the details when I bought them.  I was going to give them as a gift but changed my mind because of the size.,[],B07S8VCWWM,B07S8VCWWM,AFQVCRPXYNMRV3V3XO5P4F6NEJQQ,1599947141085,0,True
5.0,Great chair.,Sturdy and comfortable,[],B0116W5B5O,B07ZZVLD44,AGLVJCYB5M5XA6U3NZNGLO5LTFKA,1646528941827,0,True
2.0,Butter still rock hard,"I bought a butter bell per the recommendation of my mother who grew up with one. She has always had one and we kept our butter soft in a cupboard. I bought one because my kitchen was generally pretty cold, so our butter was always rock hard as if it had been in a refrigerator. I softened the butter in the microwave and filled the top, put water up to the line, and basically used the product as instructed, but my butter was still rock hard. I thought it was just because my kitchen was really cold, the apartment where I was didn't have very good insulation in the kitchen.<br /><br />So when I moved, and the butter bell still didn't work as advertised in a different location, I was pretty disappointed. My kitchen isn't particularly cold, but still the butter bell doesn't keep my butter soft. It's a nice dish to keep the butter in and it looks pretty on my counter, but I just have to deal with hard butter.",[],B08BPH5GT4,B08BPHR4F6,AERQOOVZ27P6F2GF3NHMEIJOUKPA,1614896046645,1,True
5.0,Cuuuute,"This is so stinking cute. The quality and color of the artificial flowers are better than I expected. I wanted something small for my desk so it wouldn’t take up so much space, and it actually fits perfectly on this little shelf unit I ordered through Amazon as well.","[{'attachment_type': 'IMAGE', 'large_image_url': 'https://m.media-amazon.com/images/I/719Xzl8FEPL._SL1600_.jpg', 'medium_image_url': 'https://m.media-amazon.com/images/I/719Xzl8FEPL._SL800_.jpg', 'small_image_url': 'https://m.media-amazon.com/images/I/719Xzl8FEPL._SL256_.jpg'}, {'attachment_type': 'IMAGE', 'large_image_url': 'https://m.media-amazon.com/images/I/71farCOHqeL._SL1600_.jpg', 'medium_image_url': 'https://m.media-amazon.com/images/I/71farCOHqeL._SL800_.jpg', 'small_image_url': 'https://m.media-amazon.com/images/I/71farCOHqeL._SL256_.jpg'}]",B08ZMXYCPD,B08ZMWDJXR,AFNADODIQCBOBGZZ4JMGFQGGL44Q,1677701977038,2,True
5.0,Sorprendente,"Me encanta este articulo. Es lo mejor que he comprado. Es facil de usar y limpiar. Preparo un cafe rapido y sabe tan rico como si lo preparara en cafetera. He  comprado varios, para otras personas. Gracias. Lo recomiendo.",[],B01DSDWTYA,B01DSDWTYA,AGQGHZTZ26MHMZAQBI27DEVNFPLQ,1615301688605,0,True
4.0,I like it,"This holder is useful, it fits nicely in my wardrobe and holds alot of my bags. I am happy with it",[],B000PI5XE0,B01MY2JSUG,AFSRRNWEYWKKOWKWPNBKA6WIMNJQ,1340800965000,0,True
5.0,Love it!,"Beautiful product.  Sturdy construction.  Love the simplicity...the basic brown lunch bag...no frills AWESOME!  Eco friendly everything...presentation packaging, napkin and utensil bag...lunch bag.  Great gift, good size exactly as described.  Love it!",[],B07R549HWJ,B0C5CX1XJC,AF2IHJIHCK3IV4UISYDJ54XUND3Q,1579726898126,0,True
5.0,Use your own wrench and this setup is a breeze!,"I surprise everybody that my barcart came from Amazon! This arrived in a very heavy flat box and the packaging was great. Inside all the parts were clearly labeled and in good shape.<br /><br />Instructions to build? If you can understand Ikea Instructions youll be able to figure this one out.<br /><br />It took about 30 minutes to build BUT i had to give up on the allen wrench that came with it. It broke down and couldnt get any good torque. Swapping to a real screwdriver with a hexhead bit made the whole experience go fast.<br /><br />Cart rolls easily on my floor, across my rug, and it feels secure.<br /><br />I wish the exposed screws were gold though!","[{'attachment_type': 'IMAGE', 'large_image_url': 'https://m.media-amazon.com/images/I/719sQyOSLcL._SL1600_.jpg', 'medium_image_url': 'https://m.media-amazon.com/images/I/719sQyOSLcL._SL800_.jpg', 'small_image_url': 'https://m.media-amazon.com/images/I/719sQyOSLcL._SL256_.jpg'}]",B0B749GST2,B0B1VDR886,AGCTDBEK7YJ5BSPBFVS22EJOET7A,1667061477608,6,True
2.0,so it's basically useless. The child's head slumps forward anyway,"The magnets are not strong enough to keep the two pieces together, so it's basically useless. The child's head slumps forward anyway.",[],B0072U06AU,B0072U06AU,AHZLSKXRXAFJHYEYXNPOSHIXM3CQ,1472568782000,0,True
5.0,Love this so much!,"[[VIDEOID:b6be8107d9db2d4c2f581f4ae1cb118b]] I was looking at a few lower priced options, but went with this one because of the size. I'm so happy with my purchase!",[],B0969WRFC7,B095YH6RBS,AEOIE7H54JKEZVCQPVF7I6PLL2TA,1642020725522,1,True
5.0,Excellent product,Very nice set. Great value.,[],B0B48JNCZ9,B0B48JNCZ9,AGN732ZOCWIVKO4ND4RDVKUHYC4A,1671107741886,0,True
5.0,Love it!,"I love this kettle more than I thought I would. Thermometer seems accurate and the pot allows the water to be heated really, really fast. Faster than my electric kettle I think. I used it on a Coleman Bottle Top propane stove and it was great.",[],B01E2O21NS,B07N7MVNVN,AEWBGWDMK5K47545IWYR5RTMYMSQ,1471888199000,0,True
5.0,Just what I needed!,I love this body pillow...affordable and comfortable!I took a nap with it today!It is so soft and cuddly.I had a great nap!:),[],B004HLXJJC,B004HLXJJC,AF7GZBR6S7LPREVQGS5G5ZZ6H4YA,1365651808000,0,True
5.0,Beautiful,Beautiful,[],B08R8Q36W7,B08R8Q36W7,AF4GFV4MDGKP4RYLQEIU3BYFTOAA,1634401314965,0,True
1.0,Don’t bother,This is the most complicated of the iDevices ...takes hours to set it up only to fine out it doesn’t work ......save your money ...get an old fashion thermometer...,[],B073VZ6KX3,B073VZ6KX3,AGDOAYJLT7XE6PCWZ2ZC677HWU3A,1543078149510,0,True
5.0,Coffee Maker,Received just as described. Perfect - Thank you,[],B018UQ5AMS,B0CHYVYHV4,AGPKO47A6TUZHT3WUXELIZTQAUCQ,1668808018821,0,True
2.0,no one can sit on this,it would break fast. no one can sit on it,[],B071JCT5TN,B071JCT5TN,AHQDBGYBNKLHSXRJQUEUBEEHDCIA,1557763418968,0,True
5.0,My wife loved it - posed for pictures and laughs gloriously every ...,My wife loved it - posed for pictures and laughs gloriously every time she wears it and someone comments.,[],B00541NO4E,B01LZ5BDIS,AG4IFDAL4ZPLE5JNWXGN2V7EIRVQ,1423420777000,0,True
5.0,Very sturdy,They are very nice and sturdy. They look pretty in our newly renovated beach theme bathroom!,[],B01MRQM0GG,B01MRQM0GG,AHWHAAN5DZ3HU6GR24FDA2LYCIXA,1565829251269,0,True
5.0,Super cute,I got this for my tween and she loved it<br />It’s super cute and soft.<br />It did fit a little big on the twin duvet<br />I had but it just makes it look more fluffy which we loved!!,"[{'attachment_type': 'IMAGE', 'large_image_url': 'https://m.media-amazon.com/images/I/7195OXRCQPL._SL1600_.jpg', 'medium_image_url': 'https://m.media-amazon.com/images/I/7195OXRCQPL._SL800_.jpg', 'small_image_url': 'https://m.media-amazon.com/images/I/7195OXRCQPL._SL256_.jpg'}, {'attachment_type': 'IMAGE', 'large_image_url': 'https://m.media-amazon.com/images/I/81WkJCVCoWL._SL1600_.jpg', 'medium_image_url': 'https://m.media-amazon.com/images/I/81WkJCVCoWL._SL800_.jpg', 'small_image_url': 'https://m.media-amazon.com/images/I/81WkJCVCoWL._SL256_.jpg'}]",B08T1PRP9V,B08T1PRP9V,AE2YHHPUWXNCSH5BQLQIOFOYZHMQ,1644202323957,0,True
5.0,Five Stars,The design is simple and easy to wash and use!,[],B007UEA0D6,B007UEA0D6,AHR2SC7WUDEHTGYVNGG3TPFMM35A,1427685421000,0,True
5.0,Great,Great and good looking placemats. Easy to clean.,[],B07NNS6C7G,B0BXLNWSPQ,AFHZQDLI5V6GVPXP23PBISMZPCYA,1609728177680,0,True
5.0,Buy it,I looked at French fry cutters for a long time before purchasing one. Read several reviews and compared brands etc. I ended up ordering this particular one because it is made of all metal and cast iron. No plastic components which is a major plus. Cuts the potatoes with ease. Very easy to clean if you do it right after cutting before everything dries. This cutter should last forever. The only thing I disliked was the fact it only came with one size cutter… but I can order more down the road. The size it comes with is a standard size. But if you like more of a McDonalds size fry you’ll definitely need to purchase a smaller cutter blade to install!,[],B088WZGHPY,B088WZGHPY,AE7HIAIEVCZD5F5SHH5HFNMN3OFQ,1651030927071,8,True
4.0,Great price for a quality product,"Came in great condition at a good price, love the bold colors of the sign",[],B0012N94HE,B0012N94HE,AGWZ53FI23BVIHQIWOZEBGTX4HHA,1563249539703,0,True
4.0,Four Stars,The marshmallow furniture,[],B00TY40ZSU,B00TY40ZSU,AGVOLGC5KP7SRASOZG4YLY5FUU5A,1521323293027,0,True
3.0,Graphics more abstract,The picture shows the birds crisp and distinct.  The actual picture is a water color style that is not crisp and distinct.  Disappointed in the overall picture compared to the picture provided by seller.  Colors were bright but kind of bled together like you would see in a water color design.  The overall quality of the fabric was good.  It took a month to receive it as well.  As frustrating as the time frame was my review is based mostly on the art work design compared to the picture provided in the ad.,[],B075RDBV5C,B075RDBV5C,AHAMNVHF37UP2J7SRL7GZKUW7U6Q,1620223653444,0,True
5.0,Very crinkled,Very wrinkled,[],B0881XTQFT,B0881XL1MM,AGQ5BNAZM64W7YA6XHMYPRQJJWIQ,1639069111977,1,True
5.0,Five Stars,"Just Perfect! Love it! The color is sweet & calm, the pockets and ties, sturdy.",[],B01KH49GI0,B01KH49GI0,AGBBLRJSB4AV5BNMA24PEAQHKEAQ,1486750851000,0,True
5.0,Excellent Quality,"Very well made cabinet. Cabinet was as described but, for the price, should have allowed the option to receive glass shelves instead of wood shelves. Looking at their flyer which came in the box it appears glass shelves are available.",[],B0189PPESA,B08177FQ83,AE3NNKTFBCS3Z4KCJFEX4UDIXUFQ,1520785619224,3,True
3.0,Three Stars,Handles are either wobbly or have fallen off,[],B0796LX6KF,B0796LX6KF,AGTEUEU3VOK3YUPVPC6LHAFRUIFA,1533055915714,0,True
5.0,Nice ornament. I bought it for an ornament exchange,"Nice ornament.  I bought it for an ornament exchange, and it was very popular!",[],B00DP39A0K,B00DP39A0K,AHCGPPDRLA7RB3W67KGG7NZ6HMOA,1421809967000,0,True
5.0,Love this little item.,I love this little gadget. It does my hard boiled perfect.,[],B0168CNYD8,B08CSZDXZY,AFSFFBZLJFXBHTZLL2MSAYXMU3XA,1604613471806,0,True
5.0,Hard to find size,Perfect they fitted my granddaughters desk perfectly. I looked for a couple of years to find this size. She now has a working desk that all matches. No more short plastic containers.<br />Thank you,[],B09H36LKQT,B09H36LKQT,AFGZVVPZTPP4YZGMZ2FLHR724VSA,1663703695184,0,True
5.0,Five Stars,Nice thanks,[],B00NES8SDG,B074TRFRWN,AFNVQQ4J2Z5DWHS3UNJNZVDPQSCQ,1497406655897,0,True
5.0,Five Stars,works great,[],B00GRFHXVQ,B092YMVSV9,AHGPWENUU5O65D6DSSLAHKBQ3TBA,1424630623000,0,True
5.0,Perfect! Exactly as Described,"Amazing rugs, very satisfied with my purchases. I bought a 15’ and a 9’ for my long hallway.","[{'attachment_type': 'IMAGE', 'large_image_url': 'https://images-na.ssl-images-amazon.com/images/I/71O9Y4R7+1L.jpg', 'medium_image_url': 'https://images-na.ssl-images-amazon.com/images/I/71O9Y4R7+1L._SL800_.jpg', 'small_image_url': 'https://images-na.ssl-images-amazon.com/images/I/71O9Y4R7+1L._SL256_.jpg'}]",B073Q7TM8C,B09757G7MD,AEQM4LWPXYPPEBZQ22B6GQAMBZEQ,1585100651247,0,True
5.0,The Cat loves it!!,We recently integrated a 10 year old cat into a house with three dogs. I bought this thinking it might aide in her transition and she loves it! Great spot to lay on a sofa table near a window.,"[{'attachment_type': 'IMAGE', 'large_image_url': 'https://m.media-amazon.com/images/I/91RLqrmSGAL._SL1600_.jpg', 'medium_image_url': 'https://m.media-amazon.com/images/I/91RLqrmSGAL._SL800_.jpg', 'small_image_url': 'https://m.media-amazon.com/images/I/91RLqrmSGAL._SL256_.jpg'}]",B07RXRS9FY,B083DM2R2L,AEPKXYBXQEO3HG2PJT2ALKFZVSHA,1631825008834,1,True
5.0,Great quality and looks nice.,I’m really happy with this purchase. The cover was easy to put on the standard size ironing board I have. It’s nice and thick and so far the quality seems excellent. And the design is really pretty in person. I got the white with the black flower design.,[],B089WBLP5G,B07RS9T94V,AFU6O6TYWRBKHNH46VC4O4BGHXWQ,1677241417025,0,True
5.0,So perfect,Sturdy. Easy install!,[],B01N2L5H6K,B01N56NZLG,AH7JZPQTRHSF2EGWPSEQ3Z4K57QQ,1624505767876,0,True
5.0,Love the color,Very happy with this purchase. The color is great in our bathroom and all around it’s a good product.,[],B07KJMZ6PQ,B088P6C9BJ,AEWALS5AHH3LLR6PRCWQQKUE5UOQ,1602690033483,0,True
5.0,if you live in Missouri you need this for the humidity in a small basement,"works great. water coming out everyday. mold quit growing , tools quit rusting.",[],B01HXVUT7C,B09MKH5HWV,AFS3F67SPTDOWPK6THDOZMPBROAQ,1571550242211,0,True
4.0,Holds Coats,"Does the job, seems solid.",[],B07L36MHHG,B07PMS1YBS,AGU66MG5DAAC7L26V474LCK76GXQ,1612207281468,0,True
5.0,Five Stars,As advertised.,[],B00T6M8IIE,B00T6M8IIE,AFVONP56RLBX43PFSSG3YCXNLKUQ,1504676977337,0,True
5.0,"Wonderfully simple, but effective.","It does a great job of tamping down the dust fine ground coffee I made, no matter how many cups I'm making. Had it on my wish list for months, and now I wish I'd just went ahead and ordered it.",[],B0001XRNEM,B0001XRNEM,AEI3TFSCNQJJZTHKI6IL6SQKGX6Q,1435466343000,0,True
5.0,Got this one for my daughter I was so pleased with the product,This is my second one. Got this one for my daughter I was so pleased with the product.,[],B0002YTGIQ,B07XH4PJ8C,AEBR7WVXORW727URQX6P6XRPUS7A,1421074365000,0,True
5.0,Works great on hardwood floors,I purchased this because we discovered that our old Dyson vacuum head was starting to scratch our hardwood floors. This definitely delivered as promised. It is much softer and doesn't scratch the floor at all.,[],B074Q3R5G3,B07D5P7LZS,AEM2CO5QGH3SBL7NVCJCMT4HEWWA,1594663191691,0,True
2.0,Tracks are thin plastic,"Tracks are not metal, but plastic. If they said that, I missed it. Shelves bow in the middle. It's not worth the hassle to return, so we will re-enforce them with some wood trim below the shelves.",[],B00024JO8S,B00J7V5VD4,AGEMTCCYBXSDHNNZ65CDFAALMPFA,1630432534895,0,True
5.0,Great for people with perfume sensitivities/allergies too,I have been purchasing these candles for several years now. They are worth every penny!  They burn consistently and evenly. Great for people with perfume sensitivities/allergies too!,[],B00A8IDLUK,B07FNYVJCT,AFGQI6SWC5BPOVX6WZSYTDZEHZNA,1478005419000,3,True
5.0,Beautiful and many uses.,"Beautiful & sturdy. Love that it is fully assembled. Using them for my plants.  I loved it so much that I ordered 2 more.  However, the last 2 I got had loose screws sitting in the cart.  Having to screw them on myself didn't quite constitute fully assembled.",[],B01E0MWXHG,B01E0MWXHG,AG36HLD6KALOQLIYOVDVPXBPUKEA,1486913366000,0,True
5.0,Great glasses for whiskey drinkers and Yellowstone fans.,"I bought them for my son for his birthday and I liked them so well, I'm going to buy them for myself!",[],B09N7R94L4,B09N7R94L4,AEKF3VOCKEFHJAN5T3OOPW4P7P6A,1680189323572,0,True
5.0,Nice for money,The product is durable,[],B08547H7D7,B08CWCKYYB,AHZ332VBVTCAY6362D73XJXC2F5Q,1639979125094,0,True
3.0,Durable and comfy love it.,It's  a good product  but for some reason it deflates fast. Very durable and can last long if u take care of it right. I have brought 3 and its ALWAYS  the same brand.,[],B07FJC88DR,B08CY3BX7L,AECB7DWTHQL6GWATY3UYH76ZPOJA,1590345942204,0,True
5.0,Great for kids!!!,This product works so well. The food in the container stays hot like it just came out the microwave. It is hard to clean at times but it is well worth it.,[],B09WG21MKC,B097FJVRRY,AFNI5CBPWTLEVFYYLXFGDMJDG2ZQ,1668343989822,1,True
5.0,Must have for the discerning imbiber,Good looking and functional,[],B0040GMR8S,B0040GMR8S,AG6OSS75R4O6YWAS4HZZKOESCSZQ,1654824993554,0,True
5.0,Keeps the humidity in my basement full of plants to an acceptable level.,"We have a large basement with 3 rooms that I grow a number of vegetables and herbs in. Prior to getting this dehumidifier, the humidity in our basement was continuously in excess of 70% caused by evaporation of water in the pots. Unfortunately, we were told this caused humidity in our attic that wasn't noticed until we found mold growing. This was a very expensive lesson for us as we had to have the roof and all of the wood below it replaced at a cost of over $15K.<br /><br />I am not going to get into any technical stuff like the efficiency of the condenser, but will say this dehumidifier has helped to solve our humidity problem. In searching for a dehumidifier to meet our needs, I had to learn the capacity of humidity remove was different than the size of the tank to be emptied. The 50 pint ( or 6.25 gallons) capacity of this dehumidifier is the amount of moisture that will be removed from the air in a 24 hour period. I would guess the water tank holds about 2 gallons of water as we need to empty it 3 times in a 24 hour period.<br /><br />Since the humidity in our basement is high because of the plants, we have this unit set to continuous, but you can also set it to run until a desired humidity is reached. When the water container is full, it automatically stops until the container is emptied. You can also set the fan to high or low. When the filter gets dirty, a light shows on the top of the unit. Cleaning the filter is a matter of spraying it clean with a faucet spray and drying it with a towel.<br /><br />This unit is in a room 30' x 15', and the humidity has been reduced from over 70% to 40%. We have had this dehumidifier for over a month, and are very happy with it. It consistently keeps the humidity down and is very easy to maintain.<br /><br />UPDATE 5/27/22:<br />Since our basement is very large with 3 rooms, two of which contain plants, we decided to buy another one of these dehumidifiers so we could one in each of the plant rooms. The humidity in both rooms is staying around 40% and out attic is now staying dry. This has also helped to reduce the humidity in the house which make it much more comfortable during the summer.<br /><br />I hope this review was helpful for you.","[{'attachment_type': 'IMAGE', 'large_image_url': 'https://m.media-amazon.com/images/I/613D4yF5TnL._SL1600_.jpg', 'medium_image_url': 'https://m.media-amazon.com/images/I/613D4yF5TnL._SL800_.jpg', 'small_image_url': 'https://m.media-amazon.com/images/I/613D4yF5TnL._SL256_.jpg'}, {'attachment_type': 'IMAGE', 'large_image_url': 'https://m.media-amazon.com/images/I/61aKIgMvPzL._SL1600_.jpg', 'medium_image_url': 'https://m.media-amazon.com/images/I/61aKIgMvPzL._SL800_.jpg', 'small_image_url': 'https://m.media-amazon.com/images/I/61aKIgMvPzL._SL256_.jpg'}]",B07Z5Q7M3N,B09SQ8Y75X,AEHL7BB7GOOWFA773QUOELKNUIQA,1647504480042,11,True
5.0,Pretty oversized quilt,Love the fact that it is oversized and does not require a dust ruffle. Also love that it is light weight.,"[{'attachment_type': 'IMAGE', 'large_image_url': 'https://images-na.ssl-images-amazon.com/images/I/818ZnCBF32L.jpg', 'medium_image_url': 'https://images-na.ssl-images-amazon.com/images/I/818ZnCBF32L._SL800_.jpg', 'small_image_url': 'https://images-na.ssl-images-amazon.com/images/I/818ZnCBF32L._SL256_.jpg'}, {'attachment_type': 'IMAGE', 'large_image_url': 'https://images-na.ssl-images-amazon.com/images/I/81LhxONFcYL.jpg', 'medium_image_url': 'https://images-na.ssl-images-amazon.com/images/I/81LhxONFcYL._SL800_.jpg', 'small_image_url': 'https://images-na.ssl-images-amazon.com/images/I/81LhxONFcYL._SL256_.jpg'}, {'attachment_type': 'IMAGE', 'large_image_url': 'https://images-na.ssl-images-amazon.com/images/I/81Q2sB-sjGL.jpg', 'medium_image_url': 'https://images-na.ssl-images-amazon.com/images/I/81Q2sB-sjGL._SL800_.jpg', 'small_image_url': 'https://images-na.ssl-images-amazon.com/images/I/81Q2sB-sjGL._SL256_.jpg'}]",B003RWTN8S,B0B5HZ3X8P,AEVJG6MSINUWIA2C6TWIYDJ4VLJA,1589460768873,0,True
5.0,Santa Martha,Will be repurchased,[],B07SLL8TBW,B07SLL8TBW,AEZPFHDJND3MOBRGEQLEKVMMYVRQ,1625878904868,1,True
1.0,One Star,Arrived broken.  Returned it.,[],B00IU8VJMC,B00FZRS1R2,AFRHEE7LWCVR3C447GQJGXIGJ24A,1447807155000,1,True
5.0,Exact!,Perfect! Everyone with Roomba should order this!,[],B00D68H6MS,B00D68H6MS,AHV3IK7J4HGTITCMKHR6GGND3XKQ,1485550141000,0,True
5.0,Exactly what you see.,Exactly what you see,[],B01LYB0ULZ,B01LYB0ULZ,AF4FEM4MDHINI45QYKBHAUE36WJA,1536182048111,0,True
5.0,Simple and Classic Look,Easy to assemble with a screw gun. Shipped well and no damage. Looks good with the rest of my decor. Do not regret this purchase. Happy with the outcome!,"[{'attachment_type': 'IMAGE', 'large_image_url': 'https://m.media-amazon.com/images/I/71RXngWs+ML._SL1600_.jpg', 'medium_image_url': 'https://m.media-amazon.com/images/I/71RXngWs+ML._SL800_.jpg', 'small_image_url': 'https://m.media-amazon.com/images/I/71RXngWs+ML._SL256_.jpg'}]",B08JHBGGMY,B08JHBGGMY,AH6XYN6QWLBWJUP42QAYK2S6I4KA,1668047851421,0,True
5.0,Best candle scent ever,"I burn candles everyday...I love the scent!! A definite buy!! Delivered 3 days early. Thank you, Amazon.",[],B07JC6Z8GB,B0BZ9NWKF2,AESQ76ZM5U65HVTPIFPOWGVCW27Q,1576624185694,0,True
5.0,not so good from the first try but replacement works perfectly,One I had received (first one) had zipper missing. Amazon sent replacement promptly. It is good so far. I am happy with my new cover. It holds water well. Nicely made and no noise (one vinyl ones have) and no plastic odor which alone makes me quite happy.,[],B0755JGKVF,B077SDX35R,AFBHIY3GMEU6JC5YQBWBLFSTPXRQ,1550699692673,0,True
4.0,Be patient and don't expect perfection.,These are inexpensive. You will likely need to change the base of the connection for your lights. So bending the wires off of the base after you take the bulb out and changing that base to the base of the motor. Other people have said that they have to really reengineer it but it's just a matter of that there's like 4 billion different light sets with different bases for the socket and you have to have the right socket. Once I did that it connected fine. The biggest issue is that when you hang an ornament on if it hits anything like another Branch or something that it stops twirling it doesn't have enough power to pull through that so it has to be free and unfettered. They're not perfect they're fun to play with at 350 each or so so there are fun in the right circumstance I would buy him again but like I said that not perfect.,[],B00499YN1A,B00499YN1A,AFJKZ7MTZ6BO5R4GUBSZXOWOIGRA,1577041172362,1,True
4.0,Four Stars,It works very well.,[],B00AZBIZTW,B00AZBIZTW,AF2VXZQST3WCGIH3QW476LIPMXLA,1501609045213,0,True
5.0,Surprisingly good,Very happy with this little set of head for the vacuum.  They do a great job with objects and furniture details that are otherwise hard to clean.,[],B01HDXS0DA,B01HDXS0DA,AEGDFC5IQ7RKFJ44ER4AML2P43EQ,1555102075507,0,True
5.0,Best sheets I have ever had.,The quality and feel of these sheets is exceptional.  I am highly satisfied and will order more.,[],B099RQ6V3D,B0BV6TM92Y,AHWOHTW6TFMWQW3IF4CLU6KBSXEQ,1679194448842,0,True
1.0,Dented,"This was for my daughter, for college. When opened there was a dent in it. Apparently this is the norm as numerous reviews stated the same. Do yourself a favor and purchase from a reputable dealer.",[],B08D3VPXTZ,B0BTGZK7J1,AFUC6DRXXZ6DKLCX5MIFW5OXIVQA,1638528848523,0,True
1.0,Broke after 6 months of use.,Support for grinder mechanism is plastic and broke after 6 months of use.  Cannot return since the return window is closed.,"[{'attachment_type': 'IMAGE', 'large_image_url': 'https://m.media-amazon.com/images/I/61Oo9GLNmPL._SL1600_.jpg', 'medium_image_url': 'https://m.media-amazon.com/images/I/61Oo9GLNmPL._SL800_.jpg', 'small_image_url': 'https://m.media-amazon.com/images/I/61Oo9GLNmPL._SL256_.jpg'}]",B07P9WS7LF,B0BZCR24ZC,AHG7SEJQ45QFV5NK2SH7QM5V75FQ,1672353682290,0,True
5.0,Easy assembling,"Easy to assemble, great material, and fits perfect for kids bedrooms",[],B01HP2VIMO,B09H9HN84J,AHEVEPIJ3BGM3B2AKHOQGURIJLDA,1530315751881,0,True
1.0,One Star,"Described as Made in USA, but sticker says Made in China",[],B00BIL515E,B00BIL515E,AG2ZYUZFRGQCZGE6YFG6KJJ2PYHQ,1435037879000,0,True
5.0,Great gift,Great gift,[],B01FN8L3VS,B01FN8L2R8,AFYNXUSJ4PMTTJTXHZK6EKROOZCQ,1548470964364,0,True
5.0,loved it!,"Beautiful and elegant, exceeded expectations....bought for an Eagle Scout gift",[],B00EB395W6,B00EB395W6,AFQTC7YWPNFP77SDEOJYNPEEANGQ,1488850066000,0,True
5.0,Five Stars,excellent product and service,[],B002UAV0XY,B002UAV0XY,AFWCZOYJUVXWSGHSQ3YK2L4IDSPA,1515616052396,0,True
5.0,wedding centerpieces,Love them.<br />I bought 1 as a trial before ordering all 10 for my wedding. I think they are much prettier in person than they are in this photo. The glass votive holders are about 2.25 inches deep,[],B002NQTGG8,B002NQTGG8,AHG2U6WKUILC5Z72AVTJU2JLMG3A,1443461253000,0,True
5.0,easy and convenient,"I bought this for my boyfriend and now his ties are never tangled and he can easily grab one and go. He can see all the ties, so it's perfect.",[],B000A68E48,B099H67Y6Z,AHM4UTD3T3HZTNJWX5TZDWROE6FQ,1388006060000,0,True
5.0,Very nice,Nice holiday tablecloth.,[],B01KSPCA1I,B01KSPCA1I,AFGIEPDF53YQHO7AVQHQGF6F7NYQ,1479908640000,0,True
5.0,LOVE this oven,"I absolutely love this model (Smart Oven Air) from the moment I saw it. Everything I was looking for. But, initially, I was shocked at the thought of spending so much on a countertop oven. So I researched for weeks online and in stores trying to find something more affordable with the features I wanted.  I narrowed it down and settled on a cheaper model (Nuwave Bravo 30qt) - which turned out to be crap quality so I returned it and decided this is the one I needed and should have not wasted my time on the other one.<br /><br />This one blows them all out of the water with it's quality, size and so many features, including dehydrate. The control panel being off to the side with a cooling fan that stays on after the oven shuts off is a big plus too. I also like that there is enough space for a full size frozen pizza because of the way the backside has a rounded part that extends out past the rest of the regular cube shape.<br /><br />Living in AZ, I am really looking forward to using this outside in my covered patio when the weather gets hot - no need to fire up the regular oven and have the AC work even harder. That alone justifies the price for me!  Regardless of where you live, this is a really nice oven with the size and features to handle nearly anything.<br /><br />p.s. if you want the extra air fry mesh trays, get them at Williams Sonoma (Breville Smart Oven Air Mesh Baskets, Set of 3)",[],B01N5UPTZS,B07DMJP3Y2,AGX2KVLHWAZBBSE23AAIR7R2IQMA,1675555185526,25,True
4.0,coffee stays warm for 8 hours,easy to use,[],B07L6LL95P,B097ZNJZM2,AEH7LHOML3CZVBDDRYEMEOOHMJ4Q,1578480895310,0,True
5.0,Great,Great,[],B07H2T2LFK,B07H2T2LFK,AGNAMZDQD4PA3QYMB25EIFDYTCTQ,1566006554883,0,True
5.0,Great can lids!,These fit like they said they would.  They keep the soda fresh for a day or so.  They are tight so nothing leaks out.  I would buy again although 12 will last us a lifetime!,[],B071JKCYTF,B071JKD57R,AGWLZVTQE3HN6XS33226IQHMW22Q,1627242481006,0,True
5.0,Great for office,These three plants were a lovely addition to my office at work.  I have no windows so these brightened up my space.  Arrived well packaged.  Took the plants out of the box fluffed them up a bit and good to go!!,[],B07Z19766X,B07Z19766X,AEP4BCBD7MFRAQBSZLQJK4I6PZUA,1599130892351,1,True
5.0,Great quality for good price,"Beautiful ""Morano glass"" pattern makes them look very high end.  They are very comfortable to hold and surprisingly easy to clean.",[],B079ZMBJG4,B079ZMBJG4,AGUBOHXKBB5FHYEH4YW3HONZUDRA,1577972679204,2,True
5.0,Buy it,Perfect for critical diet control.  A great value and easy to clean.,[],B01C465Y8U,B0C6T4KDJR,AG5KI3T5OGMCFSPUKK7PYDDEXDMA,1512029743944,0,True
5.0,mi pequeño cillon,Me encanta lo uso para ver tv,"[{'attachment_type': 'IMAGE', 'large_image_url': 'https://images-na.ssl-images-amazon.com/images/I/61YBRjIHRXL._SL1600_.jpg', 'medium_image_url': 'https://images-na.ssl-images-amazon.com/images/I/61YBRjIHRXL._SL800_.jpg', 'small_image_url': 'https://images-na.ssl-images-amazon.com/images/I/61YBRjIHRXL._SL256_.jpg'}]",B07MHM248Q,B0BLXGRJQT,AG7K3XLAKQB5MNYAQYJBJ5OEUFEA,1598751145345,0,True
5.0,Must haves,Perfect size to use under clear plates in top of charger. Can’t wait to use them for my wedding! Small details go along way.,[],B07FP9VWJ9,B07FP9VWJ9,AE6EI56ZPPFEZMY2JADK76EAJKEA,1595038817822,0,True
4.0,Quality product,"Bought this for my 16yr old son.<br />Easy to assemble, nice quality wood, delivered quick! So far it’s great!",[],B01N8SNUCA,B09W8J9CJ8,AHBGTW3IXIAUUPZYFTDT4YCEH7QA,1607047560406,0,True
5.0,so they are sturdy and won't break,"I always buy cheap plastic measuring cups and they always break. This time I decided to splurge and get a metal set. The handles and cups are one piece, so they are sturdy and won't break. They are great and now wonder why I waited so long!",[],B00V5EFWTO,B07X5T2TBD,AFLW3ERWMH4WR7XPPE7WLACG7ZVQ,1467156618000,0,True
4.0,"Love it, but photo of the color used here is misleading","I'm already a great big fan of this humidifier and I have another one in blue, but blue light scientifically makes it hard to sleep, so I thought pink light would be perfect. The pink plastic is very light pink, and the LED light inside is very bright white blue, so the rosy color I thought that this humidifier would bring to my room doesn't exist. A clear bluish white light comes through the barely-pink exterior. Nothing wrong with the product at all, but they need to make the plastic Pinker or the lights more dim inside of it.",[],B084NWS196,B0C5RJ39Z3,AFZLCYWTXXP3KFGQESSLFFVQ2V2A,1673815605176,8,True
5.0,Very Nice Washcloths,I was very impressed with these washcloths.  Very soft and plush.  They are a nice size without being too big.  They have laundered well without losing any of these color vibrancy.  I would definitely buy again.,[],B07VWXG88S,B0C4MK9CR2,AEX6LRYFG7IVIFHXCTEQ3U7SWEDA,1602897963687,2,True
5.0,Five Stars,Super yummy fragrance!,[],B01HUUSPQI,B073GSWNSP,AGIV53EI2UUP4NRSQ2J5EPDGMWEQ,1490469715000,0,True
5.0,Renee,Love love,[],B01FLRV776,B09WWFD397,AGQEMNADPCJWV5VHCEMYY227MVCQ,1632522818850,0,True
5.0,Great product,"Looks exactly like the picture. Works great by the bed for remotes, my phone, etc",[],B07N8W85B3,B07N8W85B3,AEATWEKQWXTX4SIJV4PG36H6JUOA,1576393040166,0,True
5.0,Maya Bay Bedding,I have had my eye on this bedding for a long time and finally decided now was the time to buy.  My only regret is that I didn't get it sooner!  I love the look and the quality is first rate.  If you have coastal decor this just may be the set you need to complete your look!,[],B00H46218M,B0B8NKW2R5,AELT5677BJTS4KLX7NBFYEG5CE6Q,1589814569362,0,True
1.0,Smaller than it appears in the item pictures!,This is a LOT smaller than it looks in the pictures they show for the item. I thought it was going to be a wall mirror. It is not. It is only like a foot tall.,[],B07JBWPPBC,B07JBWPPBC,AEXPBZUIQOARWYX4JFTS6STTOOMQ,1620656178692,0,True
5.0,A+ Iron Skillet,"If you want an iron skillet, get this one.<br /><br />I purchased a 12&#34; and I love it.  Steaks, bacon, sauces, fish, anything you want.<br /><br />Lodge preseasons the pan, but I still followed their website directions and seasoned the pan again. No complaints from anyone so far.",[],B00G2XGC88,B00G2XGC88,AG7E4NUAUAPL7FSTZCZBP6FLCBOQ,1396582832000,0,True
5.0,No nonsense opener,"No Nonsense opener, not fancy but gets the job done",[],B07C1SG3G4,B07C1SG3G4,AEDREJFDKM2BRJD5HJOFG3FR2RQQ,1666652705127,0,True
5.0,I really like it. Sleek and simple,Great value. Looks awesome on the kitchen table,[],B0113UZJE2,B0BXF6STBS,AECHDLRT5XRPSJMO6A65FHPO7WBA,1565659322681,0,True
4.0,Hooks are plastic,"It's an attractive shelf and the design fit my space nicely. I am not sure it will stand up to abuse, so I will try not to damage it. The shiny metallic-looking hooks are made of plastic, which I discovered when one of them broke.",[],B07R9YBX2F,B083W28H1X,AHSW22F3TB6GFSZ52BXU5BZA3QLA,1616609546615,1,True
5.0,I use all the time,I am a baker. I like that the pans are lightweight and easy to clean.,[],B072WKYZS6,B07FZMC5SC,AGHXNKYE7ATRAD37Y3WYN43HLRZQ,1626424582197,0,True
5.0,Five Stars,Well made and elegant ....,[],B01GOTKKD2,B01GOTKH94,AGD2YRO3MCTZNCNQGYWCDBLSSDGA,1520787970590,0,True
5.0,Wait till price drops! Thank me later,Love love this been watching for the price to drop and got it at only $279 was so worth it,"[{'attachment_type': 'IMAGE', 'large_image_url': 'https://images-na.ssl-images-amazon.com/images/I/61lAJ-dSDoL.jpg', 'medium_image_url': 'https://images-na.ssl-images-amazon.com/images/I/61lAJ-dSDoL._SL800_.jpg', 'small_image_url': 'https://images-na.ssl-images-amazon.com/images/I/61lAJ-dSDoL._SL256_.jpg'}]",B075MWK34X,B08S6DNG7M,AF5G7ZCMUAGONE3Q4FLDYNGVR7ZQ,1591831085073,0,True
5.0,Matches perfectly!,We found a set of these dishes in a 2nd hand store.  We were thrilled to find the matching smaller plates.  Hope to find dishes that will match the set.,[],B08WS4R9YC,B08WS4R9YC,AE4YXT2PEI6ADE34ZGQ6UMFNJ2DQ,1627150676345,0,True
5.0,BUMMER,VERY FRAGILE PLASTIC BREAKS REALLY WASY AND BONE SPIT WATER TOO FAR SO YOU HAVE TO ALMOST PUT IT IN YOUR POND!  1ST ONE DESTROYES AND 2ND ONE RETURNED,[],B00827GTHG,B00827GTHG,AEJ2IFUPRTHQ3KFWNFDM2YYFYGSA,1423673868000,2,True
5.0,Good size,Little disappointed with some visible wood filler but the surface is smooth.,[],B08XWZ62Z6,B08XWZ62Z6,AHSRKTA3CRAY2CPXH467RLL4UGJQ,1663442008944,0,True
4.0,Great overall,"I like these hangers, because it makes changing out the curtain or the liner much  easier. However, there were flaws/manufacturer defects on 3 of the hooks on the square design piece. I put those toward the other end of the curtain where they won't really be seen. Otherwise, these are great.",[],B07KJSQ4SN,B07PRBKK77,AEFMTGBJ4CR4LXRKSXJ5A3NSKPMQ,1568475623457,0,True
5.0,Easier to use,"This works much better than the old type of plunger because it doesn’t push water back into the rim of the bowl, instead it pushes the water down into the trap thus putting all the pressure on the obstruction.",[],B07HSJYKVL,B07HSJYKVL,AECNO4FZS743LVN7YWG3Y46JAV3A,1678730936297,3,True
4.0,Good Cutting Board,I love the size. I've only had it for a month or so; let's see how it holds up.,[],B000ZKA2U8,B07V7KRZPQ,AGTWKRQB7FOSURU3PDZBEBXALO2Q,1510624863056,1,True
1.0,The stuff pulls apart and return policy is awefull,It’s a broken item and says no free returns !! Damn it!!  The jointers is real bad .. glued together with cheap glue,"[{'attachment_type': 'IMAGE', 'large_image_url': 'https://m.media-amazon.com/images/I/71AwY1AW2OL._SL1600_.jpg', 'medium_image_url': 'https://m.media-amazon.com/images/I/71AwY1AW2OL._SL800_.jpg', 'small_image_url': 'https://m.media-amazon.com/images/I/71AwY1AW2OL._SL256_.jpg'}, {'attachment_type': 'IMAGE', 'large_image_url': 'https://m.media-amazon.com/images/I/81Rf2J-tFaL._SL1600_.jpg', 'medium_image_url': 'https://m.media-amazon.com/images/I/81Rf2J-tFaL._SL800_.jpg', 'small_image_url': 'https://m.media-amazon.com/images/I/81Rf2J-tFaL._SL256_.jpg'}]",B07VPB94W2,B0BZQC89T8,AEBWSKDALJ476DO36CG3SZRL5WGA,1637518395928,1,True
5.0,Five Stars,perfect,[],B000BO59WE,B01N21FYHB,AHX277WFJAVRY6ICEMRCNYJKMLLQ,1473016821000,0,True
5.0,Super non-stick,"I love these pans.  They are super non-stick, easy to clean, and really a pleasure to use.",[],B087SM3FZC,B087SM3FZC,AFRFNCKOH2FMVKHD5NR5GRE2DUDA,1629085766555,0,True
3.0,Zipper is cheap,The zipper broke and opens in random spots.,[],B07ZR9PC25,B0816J7TQN,AGAJWP2QX6XTPP24IXYUV525PUJQ,1614953497649,0,True
5.0,Durable! Explained how to get the ends on the pole,Loved them! Look great and had no problems with what they sent.  Only hick up was getting the ends on the poles they sent as there was not a whole in the pole to put it on and the directions didn’t tell you how to get them on there. Drilled a hole slightly smaller than the screw and then it was easy to screw them on!,[],B00DB1GR70,B00DNGOJD2,AFZKMHSLMWY2GT7Y2NQHTZKQEO2Q,1553705062836,0,True
5.0,Five Stars,Perfect match,[],B01J678NN8,B01J678NN8,AHGUQVRLPWUWQGE56EPPKH763XYA,1505822197788,0,True
3.0,Smaller than expected,They were smaller than expected but served the purpose.,[],B07GBQX83H,B07GBQX83H,AHKLYBL7RFG2WEZD577OCMN2IQ2A,1575848921288,0,True
5.0,Five Stars,"Great trade thanks, shame shipping is so expensive.",[],B0030KSKU4,B0030KSKU4,AFT5KISLG6HTUS4AYNPNEVCQZUGQ,1444609204000,0,True
5.0,Cute lunch bag,"Love this bag ,looks just like the picture",[],B07XSJH1VL,B09SVZV1GM,AHTJSM3T6K5SH7WMXLFHDN26F5DA,1616800958416,0,True
3.0,Not great,"Bought for old windows, to give privacy and some solar benefits.  1st attempt, don't love it.  Does give adequate privacy, too wonky to install.  My thoughts are ""would I buy it again"" - for this one, no I would not.  Going to try a different product/approach","[{'attachment_type': 'IMAGE', 'large_image_url': 'https://m.media-amazon.com/images/I/71Ab7Jw6PvL._SL1600_.jpg', 'medium_image_url': 'https://m.media-amazon.com/images/I/71Ab7Jw6PvL._SL800_.jpg', 'small_image_url': 'https://m.media-amazon.com/images/I/71Ab7Jw6PvL._SL256_.jpg'}]",B0B2R4VCMC,B0B2R4VCMC,AHUKFFU26EJTSB4VTHMMXDSZG3YQ,1663521798851,0,True
3.0,Decent Crow's,For the most part the items were good. But one of the crows had their wings broken off. They were inside bag. I tried to hot glue them back on but they didn't quite look the same.,[],B08BJ3XXNM,B08BJ3XXNM,AGIQUSH5VLGF3LWUAXPD4IVMMYPQ,1602465129418,0,True
3.0,"awesome suction, puny capacity","this thing, while awesome in terms of sticking to a tile wall, has very puny capacity.  3 little bottles fit in there.  I bought 2, and on one of them, I had to cut out the interior bars to make room for a Costco sized body wash bottle.  But in 5 months, it hasn't budged from the wall.",[],B0025YVWOM,B0025YVWOM,AGJUDV2AEE6KAKOF7CFGUYAS2HFA,1286995834000,5,True
5.0,Perfect for a Christmas gift or decoration for your own home,"The faces of the boy and the fox are nicely done; the pose is darling, and the colors are nice.  I'm really pleased with the quality of this entire line of figures and ornaments.",[],B01A9AROWM,B01A9AROWM,AH7HBUIGU3KQSE6RT25RPURBP5HA,1509315822160,0,True
5.0,Five Stars,Right size and quick service.,[],B00L4HODAG,B00L4HODAG,AGFHWDSQDHVMN44Z6FLQKI2W527A,1446761561000,0,True
5.0,Salt and pepper mill,This was a house warming gift and they loved it. Very good price,[],B00TALO6Q4,B0BGN13YP7,AHN6OMEA6J7AJSFSA7CXKSQYEHSQ,1623379376697,0,True
5.0,Big roaster,This really homeless a good size turkey!!!!!!,[],B002EKMY5I,B002EKMY5I,AHTBKKSB3YU3SRXRVCRLOHOKGNLQ,1640896572582,0,True
5.0,What I ordered,It is exactly  what I thought it would be when I ordered it.  It will a great gift.,[],B07YL623SL,B07YL623SL,AEXBZPBM6VFA4JX3EAKCC5CHBPQQ,1605373309792,0,True
5.0,Worked great! All the dips are gone and the mattress ...,"Worked great! All the dips are gone and the mattress is firmer.this saved me a lot of $,I thought I was going to have to buy a new mattress.",[],B00EIR9JMQ,B01GORDQSU,AEUPPUFJN76Z52ROFY4FTI3YKXDQ,1433363388000,5,True
4.0,its fine,travel,[],B088WMM2KN,B0BLZ2BMNF,AFAVVYKKATBR4Q6K4ZYHPSUDVQHA,1601985028572,0,True
5.0,Easy to put together,I absolutely love this for my plants.. Fits great in my corner and is great for the price. I will be buying another one for sure,[],B003VP5TPW,B0BB3QP2FT,AFUAOMVLW3KAEPY5ONJNW7F2PT6Q,1678674313793,0,True
5.0,Good quality,Surprised by good quality,[],B017EZ1TNU,B017EZ1TNU,AGN5QHFQILKPNQFF3KYQZND5DJFA,1578533976385,0,True
5.0,great value,"I never knew how hard it was to find decent white tapers at the store.  No one seemed to carry them this year and when they did, they were  $2 to $3 each.  This is a great value and the candles are long lasting.",[],B01B6MXIUY,B0BXM2G6KB,AGQWXP6CKHZZIMJRC5R5DU4L774A,1545677654335,0,True
5.0,Great Product!,Great product for our retro diner!!,[],B01N9ZJ2YW,B01N9ZJ2YW,AFTRPEMRX24H2ADY77K6VL3O4S3A,1513520572889,1,True
5.0,Five Stars,my boys love their mattresses,[],B06WWF1Q8Z,B0BZJN8YWR,AEFR2G2LJFIWDF2VNOX3P7VEJWPA,1523925432838,0,True
5.0,Great value pillowcase covers,Very nice pillow cases for the price .,[],B07K4YX1PZ,B07K51ZBBP,AENHNEBJRPCK7BRZMSZQIFH4BBRQ,1611620573089,0,True
5.0,From my Son's housewarming list 👍 great fit on those new Queen size mattresses.,Soft...great fit and buy for the price.,[],B087WRZPN9,B087WRZPN9,AH7RRPSDIOB7QSMJQLKZHLNNZHNQ,1623755997402,0,True
5.0,Great quality and value,"I travel and wanted an extra pair of pillowcases. These arrived quickly, which was nice since i needed them in a hurry. I chose the plum and they are a nice deep muted plum - not loud or crayonish in color. They are very well constructed with tight straight seams and substantial fabric. They have only been washed once, but feel nice and soft to sleep on. This beautiful natural fiber will get even softer over time. Great purchase!",[],B07PXSN2WC,B08MBWQQFY,AGVIXJUIUYYSVRZZMMD6GN6OZYQA,1592925894914,0,True
5.0,"A little difficult for one person to assemble, but is a great chair!","A bit difficult to assemble for one person alone, but I managed and it was totally worth it - this chair is exactly what I was looking for and gives great support.",[],B07XC8HB8W,B0BZV3BRT7,AEJUHOKKQ4WYJIOEZE6KYBUFJFIQ,1610284648405,0,True
1.0,FAKE! Did not receive same item as pictured! BUYER BEWARE,"I have 2 of the original clevermade bags I purchased from Costco - Very high quality, durable and made from canvas. I needed more but they no longer had it in stock so I decided to purchase on Amazon.<br /><br />I received a DUPE! The brand tag is not even as pictured. The bag is flimsy and doesn’t hold structure unlike the original. The material is not canvas but made from cheap plastic material.<br /><br />This is the first Amazon review I ever actually took the time to write because I’m just so disappointed that a fake is being sold.<br /><br />BUYER BEWARE!","[{'attachment_type': 'IMAGE', 'large_image_url': 'https://m.media-amazon.com/images/I/71iabao0dvL._SL1600_.jpg', 'medium_image_url': 'https://m.media-amazon.com/images/I/71iabao0dvL._SL800_.jpg', 'small_image_url': 'https://m.media-amazon.com/images/I/71iabao0dvL._SL256_.jpg'}]",B08BXVZFZN,B0957G3GTZ,AELT3SQJIBMFOOGBDMLSMGROBG2Q,1664030207648,4,True
5.0,Just as I hoped,"Just as advertised! Sturdy, absorbent (more so after their first wash), lint-free, cute - great set of dish towels!",[],B07NNYFKGR,B07NNYFKGR,AE3YWR77TU7KJXSXL5UYDC4DZRJA,1590237647663,0,True
