main_category,title,average_rating,rating_number,features,description,price,images,videos,store,categories,details,parent_asin,bought_together,subtitle,author
Amazon Home,"Set of 4 Irish Coffee Glass Mugs Footed 10.5 oz.Thick Wall Glass For Coffee, tea, Cappuccinos, Mulled Ciders,Hot Chocolates, Ice cream and More",4.6,18,"['☕PERFECT IRISH COFFEE MUG: With our clear glass 10.5 ounce makes it a perfect mug for offering up your signature Coffee Drinks, Cappuccinos, Milk shakes, Dessert, Sundae and much more!', '☕FOOTED BOTTOM - Footed Bottom for an elegant look and easy sipping', '☕COFFEE & MORE-You can serve your favorite cappuccino, tea, coffee, ice cream,milk shakes,desserts and more!', '☕HIGHLY DURABLE GLASS - Our Irish Coffee Mugs are extremely durable with thick glass to ensure optimal durability for excellent service!', '☕DIMENSIONS: 12.8 x 11.8 x 5.3 inches']","['Set of 12 Footed 10.5 oz. Irish coffee mug the perfect vessel for offering up your signature cappuccinos, mulled ciders, hot chocolates, and more! With its ornate stem and petite handle, this glass mug is certain to please. Plus, an elegant look and easy sipping, and its thick glass walls ensure optimal durability for excellent service life and fewer replacements.']",24.95,"{'hi_res': ['https://m.media-amazon.com/images/I/61NZkejMUIL._AC_SL1169_.jpg', 'https://m.media-amazon.com/images/I/61GBf06zZrL._AC_SL1500_.jpg', 'https://m.media-amazon.com/images/I/61ll2aruhNL._AC_SL1116_.jpg', 'https://m.media-amazon.com/images/I/81UZt+5OkjL._AC_SL1500_.jpg'], 'large': ['https://m.media-amazon.com/images/I/41zOU0mN04L._AC_.jpg', 'https://m.media-amazon.com/images/I/41OTFihWs4L._AC_.jpg', 'https://m.media-amazon.com/images/I/41GVQ3IIg-L._AC_.jpg', 'https://m.media-amazon.com/images/I/51dSaOaRoML._AC_.jpg'], 'thumb': ['https://m.media-amazon.com/images/I/41zOU0mN04L._AC_US75_.jpg', 'https://m.media-amazon.com/images/I/41OTFihWs4L._AC_US75_.jpg', 'https://m.media-amazon.com/images/I/41GVQ3IIg-L._AC_US75_.jpg', 'https://m.media-amazon.com/images/I/51dSaOaRoML._AC_US75_.jpg'], 'variant': ['MAIN', 'PT01', 'PT02', 'PT03']}","{'title': ['Irish Coffee Glass Coffee Mugs Regal Shape 8 oz. Cappuccinos', 'How to make a Toddy #mixology', 'Honey coffee with Javy #founditonamazon #coffeemaking ', 'Pink hot chocolate ', 'Irish coffee mugs with handle, great for hot beverages.', 'Spiced Hot Toddy #Mixology #Cocktail #Bartend #HotToddy', 'BTaT Double Wall Irish Mugs', 'How to make a hot toddy', 'Rocky road latte #coffeemaking #founditonamazon', 'Favorite coffee mugs #coffeemaking #founditonamazon'], 'url': ['https://www.amazon.com/vdp/00df5d3c292b485fa88aa6c4537dcad5?ref=dp_vse_rvc_0', 'https://www.amazon.com/vdp/07a4702140dc4e768f252b2c9504d26f?ref=dp_vse_rvc_1', 'https://www.amazon.com/vdp/01866724934b463bb381b3b00e18e255?ref=dp_vse_rvc_2', 'https://www.amazon.com/vdp/003d74e2d9a04f4a938131a18be5c0cc?ref=dp_vse_rvc_3', 'https://www.amazon.com/vdp/00493f2c9e544b528ad5623615f0653f?ref=dp_vse_rvc_4', 'https://www.amazon.com/vdp/01a0cdc1a1ea4af0a1f7f130fabd4a5b?ref=dp_vse_rvc_5', 'https://www.amazon.com/vdp/5c85657167634f109c3c83f3eb109323?ref=dp_vse_rvc_6', 'https://www.amazon.com/vdp/d393248fe20847a188f0d958a85250ac?ref=dp_vse_rvc_7', 'https://www.amazon.com/vdp/090320e60a8d45068ef65c07cd9dc3f4?ref=dp_vse_rvc_8', 'https://www.amazon.com/vdp/08ad285db275443992ad75f599088bc1?ref=dp_vse_rvc_9'], 'user_id': ['', '/shop/influencer-9643d294', '/shop/ericas', '/shop/influencer-31a10f3e', '', '/shop/influencer-9c4ffbfb', '', 'AE3SL34RNZWZHBKVHTVDVIREYN5A', '/shop/ericas', '/shop/ericas']}",LavoHome,"['Home & Kitchen', 'Kitchen & Dining', 'Dining & Entertaining', 'Glassware & Drinkware', 'Cups, Mugs, & Saucers', 'Mug Sets']","{""Brand"": ""LavoHome"", ""Material"": ""Glass"", ""Color"": ""Clear"", ""Capacity"": ""10.5 Ounces"", ""Style"": ""Modern"", ""Pattern"": ""Solid"", ""Product Care Instructions"": ""Hand Wash Only"", ""Unit Count"": ""4 Count"", ""Product Dimensions"": ""12.8 x 11.8 x 5.3 inches"", ""Number of Items"": ""4"", ""Item Weight"": ""2 pounds"", ""Best Sellers Rank"": {""Kitchen & Dining"": 143774, ""Mug Sets"": 736}, ""Is Discontinued By Manufacturer"": ""No"", ""Date First Available"": ""November 28, 2017""}",B09XWYG6X1,,,
Amazon Home,"Foaming Soap Dispenser Thick Ceramic Foam Hand Soap Dispenser for Bathroom or Kitchen Sink, Liquid Pump Bottles for Hand soap, Body Wash, 2 Pack Black",4.4,135,"['Saving money: You can DIY foam soap which will save you hundreds of dollars ( create foam just need to dilute the regular soap with water in a ratio of 1:3 ). One pump foams the right amount of soap for a thorough hand wash.', 'High Quality: made of thickened ceramic material, which is sturdy, durable and wear-resistant. The base has a nice heavy weight so it won’t slide or tip when used.', 'Simple use: with 3.15 inch Wide opening and large pump button, you can refill and press very easily, even so easy for kids to use. Moreover, smoothly surface make it easy to clean and wipe', 'Modern design: it looks modern, stylish and very cute, perfect upgrade from the standard dispensers, also will chang the look of your bathrooms. Matte black let it match most house decoration style.', 'Multi-purpose: cute shape make it can be placed in bathroom countertop, kitchen, laundry room, office, college or any other place. Bottles has a capacity of 9 oz, perfect for refilling soap, shampoo, Hand soap, dish, shower gel etc']",[],24.99,"{'hi_res': ['https://m.media-amazon.com/images/I/51AyHJIlNfL._AC_SL1500_.jpg', 'https://m.media-amazon.com/images/I/61F-spv1V0L._AC_SL1500_.jpg', 'https://m.media-amazon.com/images/I/71nfD22FzQL._AC_SL1500_.jpg', 'https://m.media-amazon.com/images/I/71wlcfTD-cL._AC_SL1500_.jpg', 'https://m.media-amazon.com/images/I/61qwY1-wysL._AC_SL1500_.jpg', 'https://m.media-amazon.com/images/I/61slC9juAEL._AC_SL1500_.jpg'], 'large': ['https://m.media-amazon.com/images/I/31n27bc-h9L._AC_.jpg', 'https://m.media-amazon.com/images/I/41XKZeLyjlL._AC_.jpg', 'https://m.media-amazon.com/images/I/5170LIYUSqL._AC_.jpg', 'https://m.media-amazon.com/images/I/41qi2mZaGfL._AC_.jpg', 'https://m.media-amazon.com/images/I/41jI3FWncKL._AC_.jpg', 'https://m.media-amazon.com/images/I/41f4n+MQ0YL._AC_.jpg'], 'thumb': ['https://m.media-amazon.com/images/I/31n27bc-h9L._AC_US75_.jpg', 'https://m.media-amazon.com/images/I/41XKZeLyjlL._AC_US75_.jpg', 'https://m.media-amazon.com/images/I/5170LIYUSqL._AC_US75_.jpg', 'https://m.media-amazon.com/images/I/41qi2mZaGfL._AC_US75_.jpg', 'https://m.media-amazon.com/images/I/41jI3FWncKL._AC_US75_.jpg', 'https://m.media-amazon.com/images/I/41f4n+MQ0YL._AC_US75_.jpg'], 'variant': ['MAIN', 'PT01', 'PT02', 'PT03', 'PT04', 'PT05']}","{'title': ['Foaming Soap Dispenser Ceramic Foaming Hand Soap Dispenser', 'How to use the product correctly', 'Display of Foaming soap dispenser ', 'Speckled Foam Soap Dispenser', '2 Pack Foaming Soap Dispenser Glass Foam Hand Soap Dispenser', 'Truly no fragrance! Foams nicely!', 'To Buy Or Not To Buy BosilunLife Liquid Soap Dispenser', 'Foaming Soap Dispenser Thick Glass', 'Is it Worth Buying- Review of UUJOLY Foaming Soap Dispenser', 'Foaming Soap Dispenser'], 'url': ['https://www.amazon.com/vdp/057a50cebe7848d4bb025e648e934c62?ref=dp_vse_rvc_0', 'https://www.amazon.com/vdp/0c5c7823cd80448b8a61ac002f56fe84?ref=dp_vse_rvc_1', 'https://www.amazon.com/vdp/0364dc7683b4432f9a9c5dce52473cac?ref=dp_vse_rvc_2', 'https://www.amazon.com/vdp/000be8205ab34e1583e81305547ab840?ref=dp_vse_rvc_3', 'https://www.amazon.com/vdp/0e9cd51b3e8248ddbe9101e6b359ca15?ref=dp_vse_rvc_4', 'https://www.amazon.com/vdp/0389cc512bc34785af8551393d957110?ref=dp_vse_rvc_5', 'https://www.amazon.com/vdp/06fd7bb39e9e49368e4f8bb212ae478e?ref=dp_vse_rvc_6', 'https://www.amazon.com/vdp/0af2b0d460cf4495b7ba682f34f582be?ref=dp_vse_rvc_7', 'https://www.amazon.com/vdp/0531e596d72c410581e15b09e33eb4d1?ref=dp_vse_rvc_8', 'https://www.amazon.com/vdp/0bc1e8948e0541bfb9044fb77a8d9366?ref=dp_vse_rvc_9'], 'user_id': ['', '', '', '', '', '/shop/earringsbyemma', '/shop/influencer-4d3cc661', '', '/shop/thegoodwitchmvmt', '']}",rejomiik,"['Home & Kitchen', 'Bath']","{""Package Dimensions"": ""7.32 x 6.14 x 3.94 inches"", ""Item Weight"": ""1.82 pounds"", ""Best Sellers Rank"": {""Home & Kitchen"": 47994, ""Bath Products"": 3000}, ""Date First Available"": ""November 8, 2022"", ""Color"": ""Black-2 Pack"", ""Material"": ""Ceramic"", ""Brand"": ""rejomiik"", ""Shape"": ""Cylindrical"", ""Number of Sets"": ""2""}",B0BXDLF8TW,,,
Amazon Home,"Tapestry Trading 558W90 90 in. European Lace Table Cloth, White",5,3,"['Polyester,lace', 'European Lace Tablecloth', '100% Polyester', 'Machine Washable', 'Shape - Round', 'Dryer Dryable']",['Features. European Lace Tablecloth. 100 Polyester. Machine Washable. Shape - Round. Dryer Dryable. Color - White. Size - 90 in.'],45.64,"{'hi_res': [None], 'large': ['https://m.media-amazon.com/images/I/51Po9mm+cKL._AC_.jpg'], 'thumb': ['https://m.media-amazon.com/images/I/51Po9mm+cKL._AC_US75_.jpg'], 'variant': ['MAIN']}","{'title': [], 'url': [], 'user_id': []}",Tapestry Trading,"['Home & Kitchen', 'Kitchen & Dining', 'Kitchen & Table Linens', 'Tablecloths']","{""Brand"": ""Tapestry Trading"", ""Color"": ""White"", ""Material"": ""Polyester"", ""Shape"": ""Round"", ""Care instructions"": ""Machine Wash"", ""Fabric Type"": ""Polyester,lace"", ""Item Weight"": ""5.4 pounds"", ""Manufacturer"": ""Tapestry Trading""}",B09G2PW8ZG,,,
Amazon Home,"jersey seating 2 x Vinyl Air Lift Adjustable Swivel Bar Stools, Pack of 2 (2002) (Red)",4.3,167,"['Sleek chrome metal base, seat covered in Red faux leather/vinyl.', 'Side lever adjusts seat height up and down, swivel chair design so you can turnaround.', 'Light assembly required, not recommended for over 200 lbs.', 'Seat Measures 15 by 15 inches. Adjustable Seat height from 25.4"" to 30 Inches.', 'We constantly update our items following customers reviews, since then this item\'s base has been widened to 16.5"" so it stands more confidently.']",[],None,"{'hi_res': [None, 'https://m.media-amazon.com/images/I/61AzXdXsZHL._AC_SL1500_.jpg'], 'large': ['https://m.media-amazon.com/images/I/41suRRCzraL._AC_.jpg', 'https://m.media-amazon.com/images/I/41-gEczeZqL._AC_.jpg'], 'thumb': ['https://m.media-amazon.com/images/I/41suRRCzraL._AC_US75_.jpg', 'https://m.media-amazon.com/images/I/41-gEczeZqL._AC_US75_.jpg'], 'variant': ['MAIN', 'PT01']}","{'title': ['Small and Stylish Barstools '], 'url': ['https://www.amazon.com/vdp/0e40aecf57b340b3bb1f97ed718f14b7?ref=dp_vse_rvc_0'], 'user_id': ['/shop/calostark-lowstar']}",jersey seating®,"['Home & Kitchen', 'Furniture', 'Game & Recreation Room Furniture', 'Home Bar Furniture', 'Barstools']","{""Color"": ""Red"", ""Frame Material"": ""Metal"", ""Seat Material Type"": ""Faux Leather"", ""Brand"": ""jersey seating\u00ae"", ""Style"": ""Modern"", ""Furniture Finish"": ""Chrome"", ""Shape"": ""L-Shaped"", ""Assembly Required"": ""Yes"", ""Item model number"": ""2002"", ""Is Discontinued by Manufacturer"": ""No"", ""Manufacturer"": ""jersey seating\u00ae"", ""Best Sellers Rank"": {}, ""Date First Available"": ""May 26, 2014"", ""Maximum Weight Recommendation"": ""200 Pounds""}",B08CSZDXZY,,,
Amazon Home,Chisander 20 Inches Grey with White Super Soft Plush Christmas Stockings Personalized Embroidered Monogrammed Xmas Stocking Hanging Ornaments for Family Holiday Xmas Party Decorations（Letter A）,4.6,67,"['High-Quality Material: Made of high quality super soft plush cuff with embroidered letter pattern. Soft and smooth feelings, durable and not easy to break down. All the details are incredible crafted, Perfect for filling with a range of gifts', 'Original Design: Unique monogram embroidered Christmas stockings, totally handmade stitching edge stocking. With some feelings of Christmas, symbolize blessings, innocence and romantic. Great decoration supplies to Christmas, bright up your Christmas holiday.', 'Christmas Decoration: Beautiful letter stockings for Christmas decorations, you can hang it up on fireplace, or ornament the Christmas tree. Let the whole house be filled with a happy atmosphere. Also suitable decoration for family parties, schools, classrooms, offices, restaurant and so on.', 'Christmas Gift：Christmas Stockings not only just a great holiday decoration can also is a fantastic Christmas gift for your family, friends, fill these personalized stockings with gifts, sweets and snacks, and they will so exciting to get this christmas stocking.', ""Christmas Stockings Service: If you have any dissatisfaction with our Christmas Stockings, please contact us at any time, we will offer you the best solution. Your satisfaction is our main concern. It's also the best choice as a gift for Christmas, Thanksgiving festivals.""]",[],9.99,"{'hi_res': ['https://m.media-amazon.com/images/I/71NTloE8iML._AC_SL1500_.jpg', 'https://m.media-amazon.com/images/I/71DVw5iBHLL._AC_SL1500_.jpg', 'https://m.media-amazon.com/images/I/71gVdEqnxeL._AC_SL1500_.jpg', 'https://m.media-amazon.com/images/I/91L5HuppY3L._AC_SL1500_.jpg', 'https://m.media-amazon.com/images/I/71+WTWnNWhL._AC_SL1500_.jpg', 'https://m.media-amazon.com/images/I/61QBX9Ya-vL._AC_SL1500_.jpg', 'https://m.media-amazon.com/images/I/81AdVmQxJJL._AC_SL1500_.jpg'], 'large': ['https://m.media-amazon.com/images/I/41riiajI6jL._AC_.jpg', 'https://m.media-amazon.com/images/I/41N+fuXGqgL._AC_.jpg', 'https://m.media-amazon.com/images/I/414yavkNW6L._AC_.jpg', 'https://m.media-amazon.com/images/I/614Rrb6lcfL._AC_.jpg', 'https://m.media-amazon.com/images/I/41894Dy9kwL._AC_.jpg', 'https://m.media-amazon.com/images/I/41GyiW0V-oL._AC_.jpg', 'https://m.media-amazon.com/images/I/61Y81MWa82L._AC_.jpg'], 'thumb': ['https://m.media-amazon.com/images/I/41riiajI6jL._AC_US75_.jpg', 'https://m.media-amazon.com/images/I/41N+fuXGqgL._AC_US75_.jpg', 'https://m.media-amazon.com/images/I/414yavkNW6L._AC_US75_.jpg', 'https://m.media-amazon.com/images/I/614Rrb6lcfL._AC_US75_.jpg', 'https://m.media-amazon.com/images/I/41894Dy9kwL._AC_US75_.jpg', 'https://m.media-amazon.com/images/I/41GyiW0V-oL._AC_US75_.jpg', 'https://m.media-amazon.com/images/I/61Y81MWa82L._AC_US75_.jpg'], 'variant': ['MAIN', 'PT01', 'PT02', 'PT03', 'PT04', 'PT05', 'PT06']}","{'title': [], 'url': [], 'user_id': []}",Chisander,"['Home & Kitchen', 'Seasonal Décor', 'Stockings & Holders', 'Stockings']","{""Package Dimensions"": ""9.65 x 5.43 x 1.85 inches"", ""Item Weight"": ""2.08 ounces"", ""Manufacturer"": ""Chisander"", ""Best Sellers Rank"": {""Home & Kitchen"": 900105, ""Christmas Stockings"": 343}}",B0C6V27S6N,,,
Amazon Home,CaliTime Throw Pillow Cases Pack of 2 Modern Solid Dyed Soft Faux Leather Decorative Cushion Covers Shells for Couch Sofa Bedroom 18 X 18 Inches Black,4.7,867,"['Contains: Brand New 2 PCs Square Covers/Shells 18"" X 18""(45 X 45cm), No Filler/Insert', 'Durable Solid Dyed Soft Faux Leather, Comfortable & Softness Touch, High Class, Both Sides Same', 'Rich Solid Color, Brings Gorgeous Look To Your Home Decorative, Living Rooms, Bedding, Kitchen, Car, Patio, Toss, Chair, Bedrooms, Offices, Etc', 'Set of 2 Finished Items, Invisible Zipper Closure In One Side, Nice Christmas Holiday Gift to Your Family & Friends', 'Machine Wash Cold Separately, Gently Cycle Only, No Bleach, Tumble Dry Low, Do Not Iron, Low Temperature If Necessary']",[],None,"{'hi_res': ['https://m.media-amazon.com/images/I/81rRT+DBRHS._AC_SL1500_.jpg', 'https://m.media-amazon.com/images/I/81XryMACM3S._AC_SL1500_.jpg', 'https://m.media-amazon.com/images/I/713GLlcUaVS._AC_SL1500_.jpg', 'https://m.media-amazon.com/images/I/61L27Hgv5kS._AC_SL1500_.jpg', 'https://m.media-amazon.com/images/I/71dsgNedXdL._AC_SL1500_.jpg', 'https://m.media-amazon.com/images/I/81J8TJ9FqrS._AC_SL1500_.jpg', 'https://m.media-amazon.com/images/I/71295QxIIPS._AC_SL1500_.jpg'], 'large': ['https://m.media-amazon.com/images/I/410CAEcsD+S._AC_.jpg', 'https://m.media-amazon.com/images/I/51Ya1UIeyeS._AC_.jpg', 'https://m.media-amazon.com/images/I/41NSJsLlvyS._AC_.jpg', 'https://m.media-amazon.com/images/I/31vu592mR7S._AC_.jpg', 'https://m.media-amazon.com/images/I/41Wxl0SPTVL._AC_.jpg', 'https://m.media-amazon.com/images/I/51-mXFe0WJS._AC_.jpg', 'https://m.media-amazon.com/images/I/517GiHXR7tS._AC_.jpg'], 'thumb': ['https://m.media-amazon.com/images/I/410CAEcsD+S._AC_US75_.jpg', 'https://m.media-amazon.com/images/I/51Ya1UIeyeS._AC_US75_.jpg', 'https://m.media-amazon.com/images/I/41NSJsLlvyS._AC_US75_.jpg', 'https://m.media-amazon.com/images/I/31vu592mR7S._AC_US75_.jpg', 'https://m.media-amazon.com/images/I/41Wxl0SPTVL._AC_US75_.jpg', 'https://m.media-amazon.com/images/I/51-mXFe0WJS._AC_US75_.jpg', 'https://m.media-amazon.com/images/I/517GiHXR7tS._AC_US75_.jpg'], 'variant': ['MAIN', 'PT01', 'PT02', 'PT03', 'PT04', 'PT05', 'PT06']}","{'title': [], 'url': [], 'user_id': []}",CaliTime,"['Home & Kitchen', 'Bedding', 'Decorative Pillows, Inserts & Covers', 'Throw Pillow Covers']","{""Pattern"": ""solid"", ""Material"": ""Faux Leather"", ""Color"": ""Faux Leather - Black"", ""Brand"": ""CaliTime"", ""Number of pieces"": ""2"", ""Occasion"": ""Holiday,Christmas"", ""Package Dimensions"": ""10.15 x 7.87 x 2 inches"", ""Item Weight"": ""10.5 ounces"", ""Manufacturer"": ""CaliTime"", ""Item model number"": ""DSC0418H45-Double"", ""Best Sellers Rank"": {""Home & Kitchen"": 1562127, ""Throw Pillow Covers"": 20768}, ""Perfume"": ""Unscented"", ""Batteries required"": ""No"", ""Import"": ""Imported""}",B00GUAURXY,,,
Amazon Home,"KatchOn, Easter Window Clings Decorations - 183 Pieces, Easter Window Decorations | Easter Window Stickers | Easter Decorations for The Home | Easter Clings for Glass Windows | Easter Window Decals",3.8,17,"['PACK OF 183 | 9 SHEETS, ADORABLE SPRING WINDOW CLINGS FOR EASTER DECORATIONS : With the coming of Easter, the festive atmosphere is getting stronger. This easter decorations window clings is a wonderful decor for holidays! The set includes 9 sheets each id 12x8 Inch easter window decals, they are designed with adorable patterns like bunny, Easter egg, carrot, flower, etc.', 'NO GLUE, NO TAPE, NO MESS | DOUBLE SIDE PRINTED : The easter window stickers are thin static clings. No glue is needed, spray a little water on the surface before you stick it on window, water will make them stick better. It is double side printed, so you can see the image from both sides of the window. Vivid and fresh color, they look bright and beautiful than the ordinary stickers. Decorate your window with window easter decorations.', 'BRIGHT-COLOR | HIGH-QUALITY : Cute bunnies, colorful eggs, spring flowers, faceless Dwarf, Happy Easter letters, carrots, chicks. The easter clings for windows just peel and stick these easter window clings for glass windows on any clean and smooth surface to quickly add a unique style to your nursery, living room, bathroom, bedroom or anywhere else you want a pop of color.', 'PRE-CUT | EASY TO USE | CREATE YOUR DIYS - Each pattern of easter window clings gel is distinct, you can decorate it as picture shows or just follow your own ideas. which can creatively put together in countless combinations, and easter decorations for windows is also fun for kids and parents to DIY handcrafts, effectively promoting parent-child interaction.', '100% SATISFACTION GUARANTEE - This easter clings for glass windows is made with detailed process, If in case this easter decorations pack is not satisfactory we will provide full refund. These easter window decorations are easy to use, if you are not satisfied we will provide you with full refund, no question asked. Create a festive atmosphere around you with this christian easter decorations.']",[],8.97,"{'hi_res': ['https://m.media-amazon.com/images/I/819qhtegqPL._AC_SL1500_.jpg', 'https://m.media-amazon.com/images/I/81kVs5pKzoL._AC_SL1500_.jpg', 'https://m.media-amazon.com/images/I/913JJZbNBTL._AC_SL1500_.jpg', 'https://m.media-amazon.com/images/I/81whr8XfT3L._AC_SL1500_.jpg', 'https://m.media-amazon.com/images/I/81vEOp1wcxL._AC_SL1500_.jpg', 'https://m.media-amazon.com/images/I/91nmCCnpUEL._AC_SL1500_.jpg', 'https://m.media-amazon.com/images/I/71TDYy6jaUL._AC_SL1500_.jpg', 'https://m.media-amazon.com/images/I/81RA8n7cKAL._AC_SL1500_.jpg', 'https://m.media-amazon.com/images/I/71CY5-TRYkL._AC_SL1500_.jpg'], 'large': ['https://m.media-amazon.com/images/I/61NQIooXUjL._AC_.jpg', 'https://m.media-amazon.com/images/I/51luiU77YHL._AC_.jpg', 'https://m.media-amazon.com/images/I/61pZGjekXXL._AC_.jpg', 'https://m.media-amazon.com/images/I/61X42YLSFgL._AC_.jpg', 'https://m.media-amazon.com/images/I/51XLTHqE81L._AC_.jpg', 'https://m.media-amazon.com/images/I/61V9dRAA0ZL._AC_.jpg', 'https://m.media-amazon.com/images/I/51Q81fPrK+L._AC_.jpg', 'https://m.media-amazon.com/images/I/51826iTE+CL._AC_.jpg', 'https://m.media-amazon.com/images/I/518-Ht8gRbL._AC_.jpg'], 'thumb': ['https://m.media-amazon.com/images/I/61NQIooXUjL._AC_US75_.jpg', 'https://m.media-amazon.com/images/I/51luiU77YHL._AC_US75_.jpg', 'https://m.media-amazon.com/images/I/61pZGjekXXL._AC_US75_.jpg', 'https://m.media-amazon.com/images/I/61X42YLSFgL._AC_US75_.jpg', 'https://m.media-amazon.com/images/I/51XLTHqE81L._AC_US75_.jpg', 'https://m.media-amazon.com/images/I/61V9dRAA0ZL._AC_US75_.jpg', 'https://m.media-amazon.com/images/I/51Q81fPrK+L._AC_US75_.jpg', 'https://m.media-amazon.com/images/I/51826iTE+CL._AC_US75_.jpg', 'https://m.media-amazon.com/images/I/518-Ht8gRbL._AC_US75_.jpg'], 'variant': ['MAIN', 'PT01', 'PT02', 'PT03', 'PT04', 'PT05', 'PT06', 'PT07', 'PT08']}","{'title': ['Cute Easter Window Clings for Kids Easter Party Decorations', '(Easter) Easter static paste combination 3: single sheet size 21 * 29CM, style 1 to style 12 each a ', 'HoralDaily Easter Window Clings', 'Easter Decorations Easter Banner Table Honeycomb Centerpiece', 'How to use the window cling?'], 'url': ['https://www.amazon.com/vdp/04881de4d41c4e95b80bd2cf0caeb13f?ref=dp_vse_rvc_0', 'https://www.amazon.com/vdp/0a1e2dd1367d485f9d0f0a386d79eb24?ref=dp_vse_rvc_1', 'https://www.amazon.com/vdp/06bc0d8034be4427a9e69d4bf8a543b7?ref=dp_vse_rvc_2', 'https://www.amazon.com/vdp/0b49356a6d0f4223afc6e394f8ba5181?ref=dp_vse_rvc_3', 'https://www.amazon.com/vdp/afeeb4ca96b445d882bcbfad374ad5eb?ref=dp_vse_rvc_4'], 'user_id': ['', '', '', '', '']}",KatchOn,"['Home & Kitchen', 'Home Décor Products', 'Window Treatments', 'Window Stickers & Films', 'Window Stickers']","{""Brand"": ""KatchOn"", ""Color"": ""Pack of 183"", ""Surface Recommendation"": ""window"", ""Room Type"": ""Kitchen, Bathroom, Bedroom, Living Room, Classroom, Nursery"", ""Material"": ""Glass"", ""Theme"": ""Easter Decorations"", ""Cartoon Character"": ""Bunny"", ""Special Feature"": ""Reusable"", ""Age Range (Description)"": ""kid"", ""Installation Type"": ""Static Cling"", ""Reusability"": ""Reusable"", ""Pattern"": ""Cartoon"", ""Unit Count"": ""1.0 Count"", ""Package Dimensions"": ""11.65 x 7.8 x 0.31 inches"", ""Item Weight"": ""3.84 ounces"", ""Manufacturer"": ""KatchOn"", ""Best Sellers Rank"": {""Home & Kitchen"": 1139309, ""Window Stickers"": 1575}, ""Date First Available"": ""January 21, 2022""}",B08K8N5FB2,,,
,Yihui Arts Handmade Abstract Warm Colorful Art of Metal Wall Decor Fine Light Solid Metallic Impress Modern Artwork for Hotel,4.4,2,"['LARGE SIZE: This multi panel large metal wall art measures 64” Widthx 24”High.', 'EASY TO HANG: The art arrives ready to hang and includes a simple installation. The aluminum artwork is lighter than other metal art. so hanging it is easy.', 'NO FADE: The Paint of this metal wall art is ECO painting. This wall sculpture is waterproof. It would be stay on the Aluminium for ever.', 'INDOOR/OUTDOOR DISPLAY: This 5 pieces metal art wall decor can be displayed in your living room or patio. It looks wonderful under natural light, and dazzles when featured under track lighting. The color can be changed with the light.', 'UNIQUE WALL DECOR: This metal wall art, Yellow Plumage, an original design by Yihui Metal Art, will complement contemporary, modern, or abstract decor.']",[],None,"{'hi_res': ['https://m.media-amazon.com/images/I/81+tYq8xanL._AC_SL1500_.jpg', 'https://m.media-amazon.com/images/I/81tPyAOFmxL._AC_SL1500_.jpg', None, None, None, None, None], 'large': ['https://m.media-amazon.com/images/I/41f9OrbO2iL._AC_.jpg', 'https://m.media-amazon.com/images/I/41Qi+n0iIXL._AC_.jpg', 'https://m.media-amazon.com/images/I/513GKlsaMvL._AC_.jpg', 'https://m.media-amazon.com/images/I/51mIFlfsSML._AC_.jpg', 'https://m.media-amazon.com/images/I/41zMO8Z508L._AC_.jpg', 'https://m.media-amazon.com/images/I/51w9tYGKNsL._AC_.jpg', 'https://m.media-amazon.com/images/I/41k5EuRPkqL._AC_.jpg'], 'thumb': ['https://m.media-amazon.com/images/I/41f9OrbO2iL._AC_US40_.jpg', 'https://m.media-amazon.com/images/I/41Qi+n0iIXL._AC_US40_.jpg', 'https://m.media-amazon.com/images/I/513GKlsaMvL._AC_US40_.jpg', 'https://m.media-amazon.com/images/I/51mIFlfsSML._AC_US40_.jpg', 'https://m.media-amazon.com/images/I/41zMO8Z508L._AC_US40_.jpg', 'https://m.media-amazon.com/images/I/51w9tYGKNsL._AC_US40_.jpg', 'https://m.media-amazon.com/images/I/41k5EuRPkqL._AC_US40_.jpg'], 'variant': ['MAIN', 'PT01', 'PT02', 'PT03', 'PT04', 'PT05', 'PT06']}","{'title': ['Abstrct Colorful Metal Wall Art, Abstract Sculpture Decor 3D Wall Art Spark Line Artwork Designs'], 'url': ['https://www.amazon.com/vdp/e80214b17f58467f934e549a43b5989d?ref=dp_vse_rvc_0'], 'user_id': ['']}",Yihui Arts,"['Home & Kitchen', 'Home Décor Products', 'Home Décor Accents', 'Sculptures', 'Wall Sculptures']","{""Material"": ""Aluminum"", ""Color"": ""YMX-121"", ""Style"": ""Contemporary"", ""Theme"": ""Abstract"", ""Room Type"": ""Living Room"", ""Product Dimensions"": ""64 x 24 x 0.4 inches"", ""Frame Type"": ""Unframed"", ""Number of Items"": ""5"", ""Brand"": ""Yihui Arts"", ""Shape"": ""Rectangular"", ""Orientation"": ""Landscape"", ""Frame Material"": ""Aluminum"", ""Size"": ""24x64IN"", ""Mounting Type"": ""Wall Mount"", ""Item Weight"": ""9.23 pounds"", ""Manufacturer"": ""Yihui Arts"", ""Item model number"": ""YMX-1212464"", ""Is Discontinued By Manufacturer"": ""No"", ""Date First Available"": ""September 20, 2017""}",B0CGY43Y3P,,,
Amazon Home,"Round Placemats for Dining Table, 6-Piece High Temperature Resistant Non-Slip Kitchen Counter mat, 14 Inches in Diameter for Barbecue, Christmas Party and Ddaily use (6, Creamy-White)",4.7,5,[],"['Color: creamy-white Packing Quantity: 6 Round placemat packaging quantity: 6 sets, each size: 14 inches in diameter. The lightweight 6-piece set is about 13 ounces / 0. 81 pounds. Features: Made of polypropylene and cotton yarn, a stylish, non-slip, heat-resistant placemat, very suitable for indoor or outdoor use. It is the perfect complement to your home, restaurant, kitchen, hotel and business office. The elegant round table mat will bring you pleasure during your meal, improve your dining experience and leave a deep impression on your guests. A set of cushions can not only bring you a super warm home feeling, but also can be used as a perfect home decoration. This is the art of life created by our placemats. Care instructions: Do not machine wash or sterilize in a microwave oven. It is not completely waterproof because it is a woven fabric pad. Due to manual measurement, the error is 0. 5cm. If there are creases on the mat, just put some heavy books on the mat to flatten them. Or use a steam iron under low heat setting']",None,"{'hi_res': ['https://m.media-amazon.com/images/I/918OGGnVRfL._AC_SL1500_.jpg', 'https://m.media-amazon.com/images/I/91Id8Bgu4kL._AC_SL1500_.jpg', 'https://m.media-amazon.com/images/I/8171hed+5qL._AC_SL1500_.jpg', 'https://m.media-amazon.com/images/I/817088EL00L._AC_SL1500_.jpg', 'https://m.media-amazon.com/images/I/81z3VaGDQDL._AC_SL1500_.jpg', 'https://m.media-amazon.com/images/I/913AectHBZL._AC_SL1500_.jpg', 'https://m.media-amazon.com/images/I/91K7e2oxQrL._AC_SL1500_.jpg', 'https://m.media-amazon.com/images/I/91D5eR-DWHL._AC_SL1500_.jpg', 'https://m.media-amazon.com/images/I/81mNZ4etsAL._AC_SL1500_.jpg'], 'large': ['https://m.media-amazon.com/images/I/61pZPd4ahwL._AC_.jpg', 'https://m.media-amazon.com/images/I/61A5npH3aZL._AC_.jpg', 'https://m.media-amazon.com/images/I/51Zk+oufK0L._AC_.jpg', 'https://m.media-amazon.com/images/I/51L8IQ42TOL._AC_.jpg', 'https://m.media-amazon.com/images/I/51Xvsd9DhwL._AC_.jpg', 'https://m.media-amazon.com/images/I/61rkOmce3aL._AC_.jpg', 'https://m.media-amazon.com/images/I/614cAQV4ZqL._AC_.jpg', 'https://m.media-amazon.com/images/I/61EE1sWfGXL._AC_.jpg', 'https://m.media-amazon.com/images/I/61sefV2KRGL._AC_.jpg'], 'thumb': ['https://m.media-amazon.com/images/I/61pZPd4ahwL._AC_US75_.jpg', 'https://m.media-amazon.com/images/I/61A5npH3aZL._AC_US75_.jpg', 'https://m.media-amazon.com/images/I/51Zk+oufK0L._AC_US75_.jpg', 'https://m.media-amazon.com/images/I/51L8IQ42TOL._AC_US75_.jpg', 'https://m.media-amazon.com/images/I/51Xvsd9DhwL._AC_US75_.jpg', 'https://m.media-amazon.com/images/I/61rkOmce3aL._AC_US75_.jpg', 'https://m.media-amazon.com/images/I/614cAQV4ZqL._AC_US75_.jpg', 'https://m.media-amazon.com/images/I/61EE1sWfGXL._AC_US75_.jpg', 'https://m.media-amazon.com/images/I/61sefV2KRGL._AC_US75_.jpg'], 'variant': ['MAIN', 'PT01', 'PT02', 'PT03', 'PT04', 'PT05', 'PT06', 'PT07', 'PT08']}","{'title': [], 'url': [], 'user_id': []}",JABANSOT,"['Home & Kitchen', 'Home Outlet']","{""Package Dimensions"": ""14.9 x 2.9 x 2.6 inches"", ""Item Weight"": ""12 ounces"", ""Date First Available"": ""March 4, 2021"", ""Brand"": ""JABANSOT"", ""Occasion"": ""Christmas, Thanksgiving"", ""Number of Pieces"": ""6"", ""Product Care Instructions"": ""Air Dry,Damp Cloth,Water"", ""Product Dimensions"": ""14\""L x 14\""W""}",B077BYFY8J,,,
Amazon Home,"S SINGMOEM Bedding Four Piece Set, Fitted Sheet with Quilt Cover and Pillow Case, 100%Cotton, Striped, Checkered, Simple and Comfortable, Suitable for Sleeping Naked, (1.8, Pink Small Grid)",4.7,24,"['100% Cotton', '[Signature Soft Fabric:] Made of 100% cotton They become softer with each wash and stay cool through the night. It gives you the ultimate soft feel at a great value and keeps you comfortable all through the night. Perfect for families with pets or children and suitable as a gift.', '[High Quality and Durable] Since the sheets are made up of cotton, they are more durable and does not wear and tear easily. The fabric is smooth and resistant to pilling and shrinkage. The colors of bed sheets don’t fade, even after many machine washes.', '[Eye Catching Patterns and Colors] The Plaid pattern adds a dash of classic touch to your bedroom while keeping it comfortable. Our bedding comes in different colors, you can choose according to your preference and room style.', '[Easy Maintenance and Versatile Usage] Machine wash cold on gentle cycle with like colors or tumble dry at a low speed. It is easy to fold as well due to the softness of the sheets. It is best for any room; bedroom, guest room, kids’ room, etc.', '[Set includes] 4pcs bedding set for 1.8m bed: One 200*230cm Quilt Cover + Two 48*74cm Pillowcase + One 180*200cm fitted sheet.']",[],None,"{'hi_res': ['https://m.media-amazon.com/images/I/61s33Tl2foL._AC_SL1500_.jpg', 'https://m.media-amazon.com/images/I/71lbhUEmdXL._AC_SL1500_.jpg', 'https://m.media-amazon.com/images/I/81wbOZOBfRL._AC_SL1500_.jpg', 'https://m.media-amazon.com/images/I/71bAU9LJnaL._AC_SL1500_.jpg', 'https://m.media-amazon.com/images/I/718sY+bVbjL._AC_SL1500_.jpg', 'https://m.media-amazon.com/images/I/81hkNgkQZ5L._AC_SL1500_.jpg'], 'large': ['https://m.media-amazon.com/images/I/419guo0jlIL._AC_.jpg', 'https://m.media-amazon.com/images/I/51k9-yD59dL._AC_.jpg', 'https://m.media-amazon.com/images/I/51tcBprPV3L._AC_.jpg', 'https://m.media-amazon.com/images/I/51y3k5uLC0L._AC_.jpg', 'https://m.media-amazon.com/images/I/51v21YykWhL._AC_.jpg', 'https://m.media-amazon.com/images/I/51NU3oDA7JL._AC_.jpg'], 'thumb': ['https://m.media-amazon.com/images/I/419guo0jlIL._AC_US75_.jpg', 'https://m.media-amazon.com/images/I/51k9-yD59dL._AC_US75_.jpg', 'https://m.media-amazon.com/images/I/51tcBprPV3L._AC_US75_.jpg', 'https://m.media-amazon.com/images/I/51y3k5uLC0L._AC_US75_.jpg', 'https://m.media-amazon.com/images/I/51v21YykWhL._AC_US75_.jpg', 'https://m.media-amazon.com/images/I/51NU3oDA7JL._AC_US75_.jpg'], 'variant': ['MAIN', 'PT01', 'PT02', 'PT03', 'PT04', 'PT05']}","{'title': ['EAVD Green Plaid Duvet Cover Soft 100% Cotton Reversible Geometric Pattern Bedding Set', 'EAVD Modern Style Green Grid Plaid Duvet Cover Soft 100% Cotton Bedding Set'], 'url': ['https://www.amazon.com/vdp/04c995e368e64c7fa4c6e312689d971f?ref=dp_vse_rvc_0', 'https://www.amazon.com/vdp/0bc7bf0d49b941e2ac922baa4405dd4f?ref=dp_vse_rvc_1'], 'user_id': ['', '']}",S SINGMOEM,"['Home & Kitchen', 'Bedding', 'Duvet Covers & Sets', 'Duvet Cover Sets']","{""Size"": ""1.8"", ""Material"": ""Cotton"", ""Color"": ""Pink Small Grid"", ""Pattern"": ""Striped, Plaid"", ""Brand"": ""S SINGMOEM"", ""Number of pieces"": ""4"", ""Special Feature"": ""Breath"", ""Style"": ""Classic"", ""Included Components"": ""Quilt Cover, Pillow"", ""Closure Type"": ""Zipper"", ""Care instructions"": ""Machine Wash, Tumble Dry, Tumble Dry Low"", ""Theme"": ""Checkered"", ""Package Dimensions"": ""13.62 x 12.83 x 4.45 inches"", ""Item Weight"": ""4.22 pounds"", ""Manufacturer"": ""S SINGMOEM"", ""Best Sellers Rank"": {""Home & Kitchen"": 623555, ""Bedding Duvet Cover Sets"": 1046}, ""Fabric Type"": ""100% Cotton"", ""Batteries required"": ""No""}",B01GEDH4KU,,,
Amazon Home,"AndeanSun Alpaca Throw Blanket Pixel Alpaquitas - Practical, Beautiful, and Authentic Style",4,2,"['AUTHENTIC RUSTIC STYLE: Elegant and rustic, this blanket provides a great cover for cool summer nights or frosty winter days. Delightfully decorative and functional, this is sure to be a cherished family treasure.', 'ANDEANART TRUE ALPACA PLEDGE: 50% Alpaca - 35% Wool - 15% Synthetic Fiber; 69"" x 60"" with 3.5"" fringe.', 'EASY CARE & CLEANING: This can be hand washed cold or machine washed cold gentle cycle with a very gentle soap and laid flat to dry. Dry cleaning is recommended for longest wear. However, due to the nature of alpaca, minimum cleaning is required.', ""SATISFACTION GUARANTEED: You'll love the soft, warm, and stylish blanket, but for whatever reason you may return it no questions asked within 90 days.""]","['This is a great Alpaca blend blanket with authentic Peruvian style. Alpaca is the warmest of all fibers, soft, thermal, and moisture wicking. It is often called the ""Fiber of the Gods"" as it was a staple, a necessity of the Incan Empire. This blanket is sure to be a favorite in your family for years to come. It is beautiful and soft, yet lightweight and warm.']",None,"{'hi_res': ['https://m.media-amazon.com/images/I/71tnwRdsHbL._AC_SL1194_.jpg', 'https://m.media-amazon.com/images/I/91ht6HCsOxL._AC_SL1500_.jpg'], 'large': ['https://m.media-amazon.com/images/I/51AtwAO7AYL._AC_.jpg', 'https://m.media-amazon.com/images/I/51Ol4VWjEzL._AC_.jpg'], 'thumb': ['https://m.media-amazon.com/images/I/51AtwAO7AYL._AC_US75_.jpg', 'https://m.media-amazon.com/images/I/51Ol4VWjEzL._AC_US75_.jpg'], 'variant': ['MAIN', 'PT01']}","{'title': [], 'url': [], 'user_id': []}",AndeanSun,"['Home & Kitchen', 'Bedding', 'Blankets & Throws', 'Throws']","{""Brand"": ""AndeanSun"", ""Special Feature"": ""Lightweight"", ""Style"": ""Rustic"", ""Blanket Form"": ""Throw Blanket"", ""Age Range (Description)"": ""Adult"", ""Product Dimensions"": ""69\""L x 60\""W"", ""Theme"": ""Plain"", ""Pattern"": ""Geometric"", ""Product Care Instructions"": ""Machine Wash, Hand Wash Only"", ""Size"": ""69\"" L by 60\"" W and 3.5\"" Fringe."", ""Fabric Warmth Description"": ""Lightweight"", ""Package Dimensions"": ""18.5 x 13.8 x 2.1 inches"", ""Item Weight"": ""1.7 pounds"", ""Manufacturer"": ""AndeanSun"", ""Item model number"": ""16893537BB"", ""Is Discontinued By Manufacturer"": ""No""}",B09KX3FZQS,,,
Amazon Home,Dream Catchers Moon Star Handmade Feather Dreamcatcher Native American Circular Net for Kids Boys Girls Bedroom Wall Hanging Decoration Decor Nursery Wall Art Ornament Craft,3.9,17,"['💖【Dream Catcher 】 Nightmare pass through the holes and out of the window; the good dreams are trapped in the web ,slide down the feathers to the sleeping person.', '💖【Moon Dream Catcher 】 Handmade moon dream catcher design with natural feathers. Let you sleep with sweet dreams every night.It brings love, light and positive energy.', '💖【Handmade Ornament】 The dream catcher feathers and tassel are gorgeous. You can also add some additional feathers to add some other colors.', '💖【Multifunctional Decoration】 Pretty addition to your kids room. the colors just go together and add that tranquility feeling to her own space.', '💖【Perfect Festival Gift】 It represents blessing, pray for peace and good luck. Beautiful wall art and pesfect gift for adults and kids! Great decoration for Bedroom,Baby tent,Sitting room,Balcony,Party.']",[],None,"{'hi_res': ['https://m.media-amazon.com/images/I/61xR6VUtsuL._AC_SL1000_.jpg', 'https://m.media-amazon.com/images/I/61dbhCOUqvL._AC_SL1000_.jpg', 'https://m.media-amazon.com/images/I/71VOxTLy8sL._AC_SL1200_.jpg', 'https://m.media-amazon.com/images/I/61PVRQJPk+L._AC_SL1000_.jpg', 'https://m.media-amazon.com/images/I/51b80Sq4vML._AC_SL1000_.jpg', 'https://m.media-amazon.com/images/I/61gTTR+ZxJL._AC_SL1000_.jpg', 'https://m.media-amazon.com/images/I/51wX4BqD4HL._AC_SL1000_.jpg'], 'large': ['https://m.media-amazon.com/images/I/41WW7Y0123L._AC_.jpg', 'https://m.media-amazon.com/images/I/51ZvdDSui7L._AC_.jpg', 'https://m.media-amazon.com/images/I/51sepy-TZfL._AC_.jpg', 'https://m.media-amazon.com/images/I/41wXSkNNlIL._AC_.jpg', 'https://m.media-amazon.com/images/I/41ThOlGcUTL._AC_.jpg', 'https://m.media-amazon.com/images/I/418gwQ7aVnL._AC_.jpg', 'https://m.media-amazon.com/images/I/41h44mngBXL._AC_.jpg'], 'thumb': ['https://m.media-amazon.com/images/I/41WW7Y0123L._AC_US75_.jpg', 'https://m.media-amazon.com/images/I/51ZvdDSui7L._AC_US75_.jpg', 'https://m.media-amazon.com/images/I/51sepy-TZfL._AC_US75_.jpg', 'https://m.media-amazon.com/images/I/41wXSkNNlIL._AC_US75_.jpg', 'https://m.media-amazon.com/images/I/41ThOlGcUTL._AC_US75_.jpg', 'https://m.media-amazon.com/images/I/418gwQ7aVnL._AC_US75_.jpg', 'https://m.media-amazon.com/images/I/41h44mngBXL._AC_US75_.jpg'], 'variant': ['MAIN', 'PT01', 'PT02', 'PT03', 'PT04', 'PT05', 'PT06']}","{'title': ['Blue Dream Catcher with Blue Beads Display Video', 'MiRundel White Dream Catchers ', 'The display of AWLEE Colorful Dream Catcher', 'The display of native American Dream Catcher', 'White Dream Catcher with Tassels and Feathers', 'Decor for the whole fam'], 'url': ['https://www.amazon.com/vdp/0a69583c897d4b72aba90667b31b54cf?ref=dp_vse_rvc_0', 'https://www.amazon.com/vdp/0482f8c170d142f8bad651c84298bfe5?ref=dp_vse_rvc_1', 'https://www.amazon.com/vdp/0004260535e548089ca5c9a2f14b6718?ref=dp_vse_rvc_2', 'https://www.amazon.com/vdp/03f379d1c62b45f18090742de457c2b4?ref=dp_vse_rvc_3', 'https://www.amazon.com/vdp/071cb5dc2e5443e597f93c4ff3c65565?ref=dp_vse_rvc_4', 'https://www.amazon.com/vdp/01a45456319e4fa685e127750ca13916?ref=dp_vse_rvc_5'], 'user_id': ['', '', '', '', '', '/shop/loghead_bbq']}",AWLEE,"['Home & Kitchen', 'Home Décor Products', 'Home Décor Accents', 'Dream Catchers']","{""Color"": ""Pink"", ""Brand"": ""AWLEE"", ""Occasion"": ""Baby Shower"", ""Material"": ""feather"", ""Theme"": ""Love"", ""Style"": ""Pink Feather"", ""Included Components"": ""Cord And String"", ""Item Dimensions LxWxH"": ""8 x 0.3 x 24 inches"", ""Shape"": ""Star, Moon"", ""Item Package Quantity"": ""1"", ""Unit Count"": ""1 Count"", ""Batteries Required?"": ""No"", ""Number of Pieces"": ""1"", ""Product Dimensions"": ""8 x 0.3 x 24 inches"", ""Item Weight"": ""2.39 ounces"", ""Manufacturer"": ""AWLEE"", ""Best Sellers Rank"": {""Home & Kitchen"": 2710464, ""Dream Catchers"": 1392}, ""Date First Available"": ""May 12, 2020""}",B00J10VZ2W,,,
Amazon Home,"JZS 100% Natural Mulberry Silk Pillowcase for Hair and Skin, 19 Momme Silk and Cotton Bed Pillow Case with Hidden Zipper 1 Pack (Ivory, King 20""X36"")",4.6,137,"['100% PURE SILK& COTTON: made of 100% pure silk and cotton. 6A Highest Grade Silk is very silky. At the same time, it has a pure cotton surface underside, breathable and comfortable.', 'COTTON UNDERSIDE: We designed as a double-sided pillowcase. Silk sides are very suitable for summer use and will be cool when you sleep. The other side is made of cotton, suitable for all seasons, and everyone in the family can use it.', 'PILLOWCASE FOR HAIR AND SKIN: Pure silk pillowcase to prevent your hair knotted and tangled upon waking, reduce static electricity and maintain skin firmness and reduce wrinkles.', 'ELEGANT GIFT: Silk pillowcase is very noble and elegant, very suitable for family, lovers and friends. At the same time, this silk pillowcase has a double-sides design, which can be used as a feature. This is a very suitable product as a gift.', '1 PCS PILLOW: We use attractive packaging to deliver the 1 piece pillowcase set to you. Here are two sizes you can choose: Queen Size(20"" x 30"") and King Size(20"" x 36"") fits most size pillows.']",[],None,"{'hi_res': ['https://m.media-amazon.com/images/I/51g26XupteL._AC_SL1500_.jpg', 'https://m.media-amazon.com/images/I/61CPI9p2-vS._AC_SL1500_.jpg', 'https://m.media-amazon.com/images/I/61d2-aDMtyS._AC_SL1500_.jpg', 'https://m.media-amazon.com/images/I/719ptEFOw7L._AC_SL1500_.jpg', 'https://m.media-amazon.com/images/I/61BX+w1FJpL._AC_SL1500_.jpg', 'https://m.media-amazon.com/images/I/61yeRXJf3KL._AC_SL1500_.jpg', 'https://m.media-amazon.com/images/I/61gzXoFUUOL._AC_SL1500_.jpg'], 'large': ['https://m.media-amazon.com/images/I/21fxftVLxkL._AC_.jpg', 'https://m.media-amazon.com/images/I/41kKReaCCaS._AC_.jpg', 'https://m.media-amazon.com/images/I/41kElws-YBS._AC_.jpg', 'https://m.media-amazon.com/images/I/41f8iJWFrEL._AC_.jpg', 'https://m.media-amazon.com/images/I/41wt8KPxw2L._AC_.jpg', 'https://m.media-amazon.com/images/I/41FTOIzb2qL._AC_.jpg', 'https://m.media-amazon.com/images/I/41FxaHlavyL._AC_.jpg'], 'thumb': ['https://m.media-amazon.com/images/I/21fxftVLxkL._AC_US75_.jpg', 'https://m.media-amazon.com/images/I/41kKReaCCaS._AC_US75_.jpg', 'https://m.media-amazon.com/images/I/41kElws-YBS._AC_US75_.jpg', 'https://m.media-amazon.com/images/I/41f8iJWFrEL._AC_US75_.jpg', 'https://m.media-amazon.com/images/I/41wt8KPxw2L._AC_US75_.jpg', 'https://m.media-amazon.com/images/I/41FTOIzb2qL._AC_US75_.jpg', 'https://m.media-amazon.com/images/I/41FxaHlavyL._AC_US75_.jpg'], 'variant': ['MAIN', 'PT01', 'PT02', 'PT03', 'PT04', 'PT05', 'PT06']}","{'title': [], 'url': [], 'user_id': []}",JZS,"['Home & Kitchen', 'Bedding', 'Sheets & Pillowcases', 'Pillowcases']","{""Brand"": ""JZS"", ""Material"": ""Silk, Cotton"", ""Size"": ""King 20\""x36\"""", ""Product Dimensions"": ""36\""L x 20\""W"", ""Color"": ""A-ivory"", ""Closure Type"": ""Zipper"", ""Product Care Instructions"": ""Hand Wash Only"", ""Pattern"": ""Solid"", ""Number of Items"": ""1"", ""Thread Count"": ""205"", ""Fabric Type"": ""Two Side 100% Pure Mulberry Silk and Cotton"", ""Number of Pieces"": ""1"", ""Item Weight"": ""4.6 ounces"", ""Manufacturer"": ""Jizhusheng"", ""Best Sellers Rank"": {""Home & Kitchen"": 1370839, ""Bed Pillow Pillowcases"": 1888}, ""Date First Available"": ""December 30, 2020""}",B08GP9PFWG,,,
Amazon Home,"Wallors Novelty Outdoor Art Decorations Wall Decor Tin Signs Queen Bee Horizontal Gold Retroation Vintages for Metal Sign 12"" x 8""",5,24,"['Great Ideal as wall decorations for restaurants, cafes, and more. Looks great in your home, Pub or Bar. Creating a classic atmosphere.', 'Lightweight and durable.', 'Signs have rounded corners and four mounting holes.', 'The signs are made from outdoor durable metal.', ""Won't fade, crack, peel or chip. Each tin sign features rolled over edges for safety and durability.""]","[""This metal wall art is made from tinplate. It's a durable material which will last in your desired location for many years. It can be easily cleaned by using a non-abrasive cleaner. We recommend for indoor use.""]",12.38,"{'hi_res': ['https://m.media-amazon.com/images/I/81vRPxnDTPL._AC_SL1500_.jpg', 'https://m.media-amazon.com/images/I/81vRPxnDTPL._AC_SL1500_.jpg'], 'large': ['https://m.media-amazon.com/images/I/51gpUhgjFKL._AC_.jpg', 'https://m.media-amazon.com/images/I/51gpUhgjFKL._AC_.jpg'], 'thumb': ['https://m.media-amazon.com/images/I/51gpUhgjFKL._AC_US75_.jpg', 'https://m.media-amazon.com/images/I/51gpUhgjFKL._AC_US75_.jpg'], 'variant': ['MAIN', 'PT01']}","{'title': ['SONNE GARTEN Home is Where Your Honey Is Tin Sign Wall Decor'], 'url': ['https://www.amazon.com/vdp/08eeca063470402e939f9c20d23a4522?ref=dp_vse_rvc_0'], 'user_id': ['']}",Wallors,"['Home & Kitchen', 'Home Décor Products', 'Home Décor Accents', 'Decorative Accessories', 'Decorative Signs & Plaques']","{""Product Dimensions"": ""12 x 8 x 0.01 inches"", ""Item Weight"": ""4.7 ounces"", ""Best Sellers Rank"": {""Home & Kitchen"": 774440, ""Decorative Signs & Plaques"": 8678}, ""Batteries required"": ""No"", ""Brand"": ""Wallors"", ""Material"": ""Metal"", ""Theme"": ""Vintage"", ""Mounting Type"": ""Wall Mount"", ""Item Dimensions LxWxH"": ""12 x 8 x 0.01 inches""}",B0C7DN7K4B,,,
Amazon Home,"Round Plastic Tablecloth, 84"", Lime Green",2.5,3,"['1 Lime Green Round Plastic Table Cover', 'Lime Green Plastic Table Cover measures 84"" in diameter', 'Protects your party table against spills and stains', 'Disposable tableware makes after party clean up easy', 'Search for other Lime Green party supplies, Lime Green tableware, or any other solid color tableware from unique']","['Round out your party decorations with our Lime Green Round Plastic Table Cover! This Lime Green Plastic Table Cover is a convenient way to add color to your special celebration while protecting your table from stains and spills. Our Round Lime Green Table Cover measures 84"" in diameter and can be coordinated with other lime green tableware or mixed with any solid color party supplies to personalize your party style!.']",None,"{'hi_res': ['https://m.media-amazon.com/images/I/51Ngw0HquLL._AC_SL1000_.jpg'], 'large': ['https://m.media-amazon.com/images/I/31IceDnU-4L._AC_.jpg'], 'thumb': ['https://m.media-amazon.com/images/I/31IceDnU-4L._AC_US75_.jpg'], 'variant': ['MAIN']}","{'title': [], 'url': [], 'user_id': []}",Unique,"['Home & Kitchen', 'Event & Party Supplies', 'Decorations', 'Tablecovers']","{""Brand"": ""Unique"", ""Color"": ""Lime Green"", ""Material"": ""Plastic"", ""Shape"": ""Round"", ""Pattern"": ""Solid"", ""Occasion"": ""Everday-Solids"", ""Number of Sets"": ""1"", ""Number of Items"": ""1"", ""Product Dimensions"": ""0.25 x 5.5 x 10.25 inches"", ""Item Weight"": ""3.2 ounces"", ""Manufacturer"": ""Unique Industries, Inc. - kitchen"", ""Item model number"": ""50250"", ""Date First Available"": ""October 31, 2013""}",B08N9VZ9PJ,,,
Amazon Home,"SHACOS 20 Pack Artificial Blueberry Picks with Green Leaves 9.8 inch Blueberry Stems Blueberries Spray Floral Arrangement Bouquet Filler for Home Wedding Christmas Decoration (20 PCS, Blueberry)",4.5,436,"['Materials: Plastic, silk cloth. Vase not included. Powdery Blue. Blue powder may fall off slightly when you touch it.', 'Package of 20 Pieces Fake Blueberry Stems. Individual berry stems. each stem is 9.8 inch long, each stem has about 38 berries, berry diameter is about 1/3"". Color is as pictured.', 'Vivid and Natural Color: Artificial Blue Berry Picks with paper wrapped wire stem. The color is matte quality, not shiny. Lifelike and realistic looking, bright and natural color berries with greenery leaves.', 'Versatile Decoration: These fake berry stems make a wonderful filler for small vases, canisters and tin buckets as table centerpiece. Blend it with flower arrangements and wreath garland, floral ornaments, use it to decorate your cake to impress your guests.', 'Note: the berries and leaves are glued to the stems manually, so the leaves might fall off during shipment, you can just glue the green leaves by yourself.']",[],21.99,"{'hi_res': ['https://m.media-amazon.com/images/I/716Th+B-DpL._AC_SL1500_.jpg', 'https://m.media-amazon.com/images/I/71ccdjn0BfL._AC_SL1500_.jpg', 'https://m.media-amazon.com/images/I/81yBXPYZMJL._AC_SL1500_.jpg', 'https://m.media-amazon.com/images/I/71+xZjaCqTL._AC_SL1500_.jpg', 'https://m.media-amazon.com/images/I/71KCmjbolJL._AC_SL1500_.jpg', 'https://m.media-amazon.com/images/I/71qpORzapaL._AC_SL1500_.jpg', 'https://m.media-amazon.com/images/I/51rzxvi90IL._AC_SL1500_.jpg', 'https://m.media-amazon.com/images/I/71X1iA3NBhL._AC_SL1500_.jpg'], 'large': ['https://m.media-amazon.com/images/I/51Wt4wvKcHL._AC_.jpg', 'https://m.media-amazon.com/images/I/41ML9yW8cKL._AC_.jpg', 'https://m.media-amazon.com/images/I/51Qd-b5rkCL._AC_.jpg', 'https://m.media-amazon.com/images/I/51jX0251DxL._AC_.jpg', 'https://m.media-amazon.com/images/I/51+D3Ynb6+L._AC_.jpg', 'https://m.media-amazon.com/images/I/51AvUE5M+5L._AC_.jpg', 'https://m.media-amazon.com/images/I/31QAuLESeFL._AC_.jpg', 'https://m.media-amazon.com/images/I/51X5OBUQxML._AC_.jpg'], 'thumb': ['https://m.media-amazon.com/images/I/51Wt4wvKcHL._AC_US75_.jpg', 'https://m.media-amazon.com/images/I/41ML9yW8cKL._AC_US75_.jpg', 'https://m.media-amazon.com/images/I/51Qd-b5rkCL._AC_US75_.jpg', 'https://m.media-amazon.com/images/I/51jX0251DxL._AC_US75_.jpg', 'https://m.media-amazon.com/images/I/51+D3Ynb6+L._AC_US75_.jpg', 'https://m.media-amazon.com/images/I/51AvUE5M+5L._AC_US75_.jpg', 'https://m.media-amazon.com/images/I/31QAuLESeFL._AC_US75_.jpg', 'https://m.media-amazon.com/images/I/51X5OBUQxML._AC_US75_.jpg'], 'variant': ['MAIN', 'PT01', 'PT02', 'PT03', 'PT04', 'PT05', 'PT06', 'PT07']}","{'title': ['6pcs Artificial Berries', 'Hagao Fake Blueberry Artificial Fruits', 'Artificial Blueberries 4 Pieces Lifelike Faux Fruit Berries', 'artificial blue berry', 'Uieke white flowers white cherry blossom branches', 'Blue and red berry stem', 'Realistic Artificial Blue Berry Stems', 'Uieke long stem white cherry blossom flowers '], 'url': ['https://www.amazon.com/vdp/015229daae6b4a6d8f545bd6eb026cd1?ref=dp_vse_rvc_0', 'https://www.amazon.com/vdp/0b8e3c05e6484051bd507aef99b9f328?ref=dp_vse_rvc_1', 'https://www.amazon.com/vdp/0438c663187d4f02b0fc6a2f5503772d?ref=dp_vse_rvc_2', 'https://www.amazon.com/vdp/05fb0b900336458988d8df02d1cdbf68?ref=dp_vse_rvc_3', 'https://www.amazon.com/vdp/0e12a3b565c042a4b802724993ea21a8?ref=dp_vse_rvc_4', 'https://www.amazon.com/vdp/0ebe014917004672a21f14908c2ddfa8?ref=dp_vse_rvc_5', 'https://www.amazon.com/vdp/07c24e0bce2d40a997a3e6d7417a5780?ref=dp_vse_rvc_6', 'https://www.amazon.com/vdp/0fe513ab10584de69b2930b7164b8756?ref=dp_vse_rvc_7'], 'user_id': ['', '', '', '', '', '', '', '']}",SHACOS,"['Home & Kitchen', 'Home Décor Products', 'Artificial Plants & Flowers', 'Artificial Plants & Greenery']","{""Brand"": ""SHACOS"", ""Plant or Animal Product Type"": ""\u30d6\u30eb\u30fc\u30d9\u30ea\u30fc,\u30d9\u30ea\u30fc"", ""Color"": ""Blue"", ""Material"": ""silk cloth, plastic, wire, paper"", ""Product Dimensions"": ""5\""D x 5\""W x 9.8\""H"", ""Recommended Uses For Product"": ""Artificial Flower Decoration for Home Wedding Party Photography"", ""Specific Uses For Product"": ""artificial flower"", ""Indoor/Outdoor Usage"": ""Indoor"", ""Package Information"": ""Vase"", ""Occasion"": ""Wedding"", ""Number of Items"": ""20"", ""Item Weight"": ""4.8 ounces"", ""Seasons"": ""Winter, Autumn, Summer, Spring"", ""Special Feature"": ""filler flower, separate stem, bouquet filler, blueberry stem, berry stem"", ""Unit Count"": ""1 Count"", ""Manufacturer"": ""SHACOS"", ""Item model number"": ""berryblue20"", ""Best Sellers Rank"": {""Home & Kitchen"": 338318, ""Artificial Plants & Greenery"": 1418, ""Artificial Flowers"": 3083}, ""Is Discontinued By Manufacturer"": ""No"", ""Date First Available"": ""June 19, 2018""}",B0BPBLYF85,,,
Amazon Home,"Walensee Large Bathroom Rug (24 x 60, Black) Extra Soft and Absorbent Shaggy Bathroom Mat Machine Washable Microfiber Bath Mat for Bathroom, Non Slip Bath Mat, Luxury Bathroom Floor Mats",4.3,31438,"['❤ MACHINE WASHABLE: Walensee 24 Inch x 60 Inch luxury Bath Rug can be machine washed time and time again. Easy for clearance. We use the more expensive TP Rubber backing material (not PVC or glue) which is much stronger and durable for long lasting use.', '❤ PAMPER YOUR FEET: This cushioned bathmat for home is constructed with thousands of individual polyester micro fiber shags, sink your toes into the comfortable contentment of a bathtoom floor mat from threshold. Soft pile that soothes tired foot and shields toes from the cold floor.', '❤ ULTRA ABSORBENT: The microfiber shag bath rug is much more absorbant than cotton bath rugs. High-pile helps save your floors from dripping water while you’re stepping out of the bath, shower, spa, or getting ready by the sink. Moisture is trapped in the mat’s deep pile, allowing the rug to dry quickly and cleanly.', '❤ NON-SLIP: The nonslip room mat for floor is backed with TP Rubber to prevent shifting and skidding. Please place the non-skid toilet rug on DRY SMOOTH FLOOR only. Water under the bathroomrug can cause it to slip. Keep bottom of the bath rug dry.', '❤ CREATE YOUR BATHROOMS OASIS: With many different solid colors and sizes to choose from, you will easily find rugs to coordinate with your decor! We stand by our products 100% and want our customers to love them as much as we do!']",[],41.99,"{'hi_res': ['https://m.media-amazon.com/images/I/61PYg8i0C5L._AC_SL1000_.jpg', 'https://m.media-amazon.com/images/I/71E3+JuiwqL._AC_SL1000_.jpg', 'https://m.media-amazon.com/images/I/713PRmee93L._AC_SL1000_.jpg', 'https://m.media-amazon.com/images/I/71sJr4U95xL._AC_SL1000_.jpg', 'https://m.media-amazon.com/images/I/61IHJxMP0sL._AC_SL1000_.jpg', 'https://m.media-amazon.com/images/I/71LhzGRPL5L._AC_SL1000_.jpg', 'https://m.media-amazon.com/images/I/71vtXTYnQqL._AC_SL1000_.jpg', 'https://m.media-amazon.com/images/I/613-kVdme3L._AC_SL1000_.jpg'], 'large': ['https://m.media-amazon.com/images/I/41nvPkmlR2L._AC_.jpg', 'https://m.media-amazon.com/images/I/51HG1VwlQ+L._AC_.jpg', 'https://m.media-amazon.com/images/I/61kBCsBMoxL._AC_.jpg', 'https://m.media-amazon.com/images/I/51Q3licjIVL._AC_.jpg', 'https://m.media-amazon.com/images/I/51l+AiEsC9L._AC_.jpg', 'https://m.media-amazon.com/images/I/61ehsFdibkL._AC_.jpg', 'https://m.media-amazon.com/images/I/51Tmgh4rpnL._AC_.jpg', 'https://m.media-amazon.com/images/I/51GnC9lzvPL._AC_.jpg'], 'thumb': ['https://m.media-amazon.com/images/I/41nvPkmlR2L._AC_US75_.jpg', 'https://m.media-amazon.com/images/I/51HG1VwlQ+L._AC_US75_.jpg', 'https://m.media-amazon.com/images/I/61kBCsBMoxL._AC_US75_.jpg', 'https://m.media-amazon.com/images/I/51Q3licjIVL._AC_US75_.jpg', 'https://m.media-amazon.com/images/I/51l+AiEsC9L._AC_US75_.jpg', 'https://m.media-amazon.com/images/I/61ehsFdibkL._AC_US75_.jpg', 'https://m.media-amazon.com/images/I/51Tmgh4rpnL._AC_US75_.jpg', 'https://m.media-amazon.com/images/I/51GnC9lzvPL._AC_US75_.jpg'], 'variant': ['MAIN', 'PT01', 'PT02', 'PT03', 'PT04', 'PT05', 'PT06', 'PT07']}","{'title': ['Great bath rug for bathroom, super soft!', 'Walensee Shag Bathroom Rug', 'super soft and luxury', 'contour rug set', 'So sweet so cute', 'Lifewit Microfiber Thick Fluffy Bathroom Mat', 'All-In-One Luxury Plush Bathroom Mat', 'Smiry Luxury Chenille Bathroom Rugs', 'KGORGE mat in bathroom outdoor use', 'LOCHAS Shaggy Bathroom Rug Chenille '], 'url': ['https://www.amazon.com/vdp/18b28b587ece4720b1adad7c815e5d45?ref=dp_vse_rvc_0', 'https://www.amazon.com/vdp/adbf950d87c34f49a23ab9309b29694f?ref=dp_vse_rvc_1', 'https://www.amazon.com/vdp/b07a388bc33c4f1b89f0222461a83ca5?ref=dp_vse_rvc_2', 'https://www.amazon.com/vdp/860fb8fa279741c8a6694ade598a1aaa?ref=dp_vse_rvc_3', 'https://www.amazon.com/vdp/053031f21f274967b765c1cb94fe3942?ref=dp_vse_rvc_4', 'https://www.amazon.com/vdp/0ff5c034fe1a463b9b3347523fe1d51d?ref=dp_vse_rvc_5', 'https://www.amazon.com/vdp/09bd4bcf0de94ec0805a9602db59cfcc?ref=dp_vse_rvc_6', 'https://www.amazon.com/vdp/04ab449aaafc4485b5c32352a80f76aa?ref=dp_vse_rvc_7', 'https://www.amazon.com/vdp/04e6bf3bc3b94b7288f75fd4e61a3d43?ref=dp_vse_rvc_8', 'https://www.amazon.com/vdp/089eaac919924bdb9cee08884e86a23e?ref=dp_vse_rvc_9'], 'user_id': ['', '', '', '', '', '', '/shop/thelowcarbsnacker', '', '', '']}",Walensee,"['Home & Kitchen', 'Bath', 'Bath Rugs']","{""Color"": ""Black"", ""Pattern"": ""Solid"", ""Shape"": ""Rectangular"", ""Special Feature"": ""Large"", ""Material"": ""Microfiber"", ""Room Type"": ""Bathroom"", ""Pile Height"": ""High Pile"", ""Product Dimensions"": ""13 x 12 x 5.5 inches"", ""Rug Form Type"": ""Bath Mat"", ""Style"": ""Shag rug"", ""Brand"": ""Walensee"", ""Size"": ""24\"" x 60\"""", ""Theme"": ""Love"", ""Construction Type"": ""Machine Wash"", ""Product Care Instructions"": ""Machine Wash"", ""Weave Type"": ""machine_made"", ""Back Material Type"": ""Rubber"", ""Number of Pieces"": ""1"", ""Item Weight"": ""4.38 pounds"", ""Manufacturer"": ""Walensee"", ""Country of Origin"": ""China"", ""Best Sellers Rank"": {""Home & Kitchen"": 791, ""Bath Rugs"": 10}, ""Date First Available"": ""December 4, 2019""}",B0BJZ4Y8K1,,,
Tools & Home Improvement,"FESS Products 10.75""x 8"" Wooden Storage Box for home with Hinged Lid - Decorative boxes with lids - Store Jewelry, Toys, and Large Premium Keepsakes in a Beautiful Decorative Crate (Black Matte)",5,7,"['The perfect size for office supplies, knick knacks and more', 'Keep items organized in a decorative, stylish and discreet box', 'Store your favorite items to make your house tidy and harmonious.', 'Declutter Your Home And Office - Wooden Storage Box can be used as memory box, treasure chest, storage for recipes, jewelry, tools, hobbies, and almost anything that fits it. . Organize your desk or any area in your house.', 'Great for organizing tea or kitchen spices and herbs']","[""FESS products wooden box made durable. The lid is hinged and opens easily You can easily fit 4 ounce jars in this box, it's really useful for saving precious photographs, keepsakes and important memories. This is a great box for discretely hiding something in your own home. FESS product large wooden boxes are perfect for gift on any occasion.""]",34.95,"{'hi_res': ['https://m.media-amazon.com/images/I/61Q5wODf+6L._AC_SL1500_.jpg', 'https://m.media-amazon.com/images/I/51a7-luchYL._AC_SL1500_.jpg', 'https://m.media-amazon.com/images/I/51Ml1wQYUFL._AC_SL1500_.jpg', 'https://m.media-amazon.com/images/I/71EhZUSDTRL._AC_SL1500_.jpg'], 'large': ['https://m.media-amazon.com/images/I/418bf3Py-oL._AC_.jpg', 'https://m.media-amazon.com/images/I/21TI4QGwtrL._AC_.jpg', 'https://m.media-amazon.com/images/I/21k+X0E5VUL._AC_.jpg', 'https://m.media-amazon.com/images/I/4185gVtjCRL._AC_.jpg'], 'thumb': ['https://m.media-amazon.com/images/I/418bf3Py-oL._AC_US75_.jpg', 'https://m.media-amazon.com/images/I/21TI4QGwtrL._AC_US75_.jpg', 'https://m.media-amazon.com/images/I/21k+X0E5VUL._AC_US75_.jpg', 'https://m.media-amazon.com/images/I/4185gVtjCRL._AC_US75_.jpg'], 'variant': ['MAIN', 'PT01', 'PT02', 'PT03']}","{'title': ['Wooden Storage Box with Hinged Lid', 'Wooden Storage Box ', 'Wooden Storage Memory Box with Hinged Lid and Locking Key', 'Bamboo Keepsake Box With Magnetic Lid and Hinges, Wooden Box', 'Black wood box', 'The Secret About This Box - Box Review', 'storage wooden box 1', 'wood stash box', 'Old World Wooden Keepsake Box'], 'url': ['https://www.amazon.com/vdp/00713a07195b4decbcdadf544eeba1d8?ref=dp_vse_rvc_0', 'https://www.amazon.com/vdp/0c05baaf1bc34c2cac0ab5123042e166?ref=dp_vse_rvc_1', 'https://www.amazon.com/vdp/08eb24ba3f07493ca4c4971f23ab24e7?ref=dp_vse_rvc_2', 'https://www.amazon.com/vdp/0f433d2b52d2496dafefbaf8defb0844?ref=dp_vse_rvc_3', 'https://www.amazon.com/vdp/0e00f270ad0643f9b1e65256a95180a8?ref=dp_vse_rvc_4', 'https://www.amazon.com/vdp/0aa00e9d2c6c4f7a8a8e28b22989491e?ref=dp_vse_rvc_5', 'https://www.amazon.com/vdp/06a8bcc574c147daadc5460b3741d2c4?ref=dp_vse_rvc_6', 'https://www.amazon.com/vdp/046063cacf624c3f829d8af36e13eddf?ref=dp_vse_rvc_7', 'https://www.amazon.com/vdp/c1e2ee2b68f74ee685b13e9be14f1bf6?ref=dp_vse_rvc_8'], 'user_id': ['', '', '', '', '', '/shop/beaujohnson', '', '', '']}",FESS Products,"['Home & Kitchen', 'Home Décor Products', 'Home Décor Accents', 'Decorative Accessories', 'Decorative Boxes']","{""Brand"": ""FESS Products"", ""Color"": ""Black Matte"", ""Material"": ""Wood"", ""Room Type"": ""Kitchen,Office"", ""Product Dimensions"": ""10.75\""L x 10.75\""W x 8\""H"", ""Capacity"": ""4 Ounces"", ""Opening Mechanism"": ""Hinge"", ""Shape"": ""Rectangular"", ""Pattern"": ""Solid"", ""Number of Items"": ""1"", ""Unit Count"": ""1.0 Count"", ""Manufacturer"": ""FESS Products"", ""Item Weight"": ""2.86 pounds"", ""Finish"": ""Polished"", ""Number Of Pieces"": ""4"", ""Batteries Required?"": ""No"", ""Best Sellers Rank"": {""Home & Kitchen"": 1492433, ""Decorative Boxes"": 2899}, ""Date First Available"": ""July 22, 2021""}",B079C5FPW8,,,
Amazon Home,Tache Queen Patchwork Quilt - Ivy - Lightweight Floral Turquoise Blue Aqua Patchwork Queen Size Quilts for Bed Reversible Quilted Coverlet Quilt Queen Size,4.3,199,"['Cover: 100% Polyester, Filling:50% Cotton,50% Polyester', 'Soft, light weight and still warm quilts for queen size bed - The quilt set includes a quilted coverlet and two pillow shams, perfect for a queen size quilts for bed', ""This patchwork quilts queen size coverlet weighs less than most bedding sets. It's light weight makes it a very convenient and affordable alternative to more heavy quilts and comforters sets. Use as a thin spring and summer quilt or layer as a decorative bedspread."", 'Features a beautiful print patchwork design, with floral and damask geometric Pattern / Floral Reverse Side in shades of Turquoise blue, gold and black, and white', 'Washing Instructions Dry Clean or Machine Wash Cold Do Not Tumble Dry Use Mild Detergent Do Not Bleach Do Not Iron', 'Available Sizes King : 106 x 98 Inch, Two Pillow Sham 20 x 36 Inch Queen: 94 x 94 Inch, Two Pillow Shams 20 x 30 Inch']",[],54.67,"{'hi_res': ['https://m.media-amazon.com/images/I/814fKnN3agL._AC_SL1500_.jpg', 'https://m.media-amazon.com/images/I/91WpaYWt0OL._AC_SL1500_.jpg', None, 'https://m.media-amazon.com/images/I/81r6AugTF5L._AC_SL1479_.jpg', 'https://m.media-amazon.com/images/I/A1hNdbNAhNL._AC_SL1500_.jpg', 'https://m.media-amazon.com/images/I/91Zx+LbqW+L._AC_SL1500_.jpg', 'https://m.media-amazon.com/images/I/A1b5fdE1LxL._AC_SL1500_.jpg', 'https://m.media-amazon.com/images/I/91D6WsHjrAL._AC_SL1500_.jpg', 'https://m.media-amazon.com/images/I/81XsLOsjjRL._AC_SL1500_.jpg'], 'large': ['https://m.media-amazon.com/images/I/51d6JamefSL._AC_.jpg', 'https://m.media-amazon.com/images/I/61kGt7WRbqL._AC_.jpg', 'https://m.media-amazon.com/images/I/41WHAMy7YRL._AC_.jpg', 'https://m.media-amazon.com/images/I/61-HdZvN3OL._AC_.jpg', 'https://m.media-amazon.com/images/I/61KfHllLoeL._AC_.jpg', 'https://m.media-amazon.com/images/I/51217AlFvdL._AC_.jpg', 'https://m.media-amazon.com/images/I/61DArmSxAqL._AC_.jpg', 'https://m.media-amazon.com/images/I/61iAO0fX19L._AC_.jpg', 'https://m.media-amazon.com/images/I/6105x7KIUsL._AC_.jpg'], 'thumb': ['https://m.media-amazon.com/images/I/51d6JamefSL._AC_US75_.jpg', 'https://m.media-amazon.com/images/I/61kGt7WRbqL._AC_US75_.jpg', 'https://m.media-amazon.com/images/I/41WHAMy7YRL._AC_US75_.jpg', 'https://m.media-amazon.com/images/I/61-HdZvN3OL._AC_US75_.jpg', 'https://m.media-amazon.com/images/I/61KfHllLoeL._AC_US75_.jpg', 'https://m.media-amazon.com/images/I/51217AlFvdL._AC_US75_.jpg', 'https://m.media-amazon.com/images/I/61DArmSxAqL._AC_US75_.jpg', 'https://m.media-amazon.com/images/I/61iAO0fX19L._AC_US75_.jpg', 'https://m.media-amazon.com/images/I/6105x7KIUsL._AC_US75_.jpg'], 'variant': ['MAIN', 'PT01', 'PT02', 'PT03', 'PT04', 'PT05', 'PT06', 'PT07', 'PT08']}","{'title': ['Tache Plaid Lightweight Turquoise Blue Aqua Teal Quilt Set', '3-Piece Blue Patchwork Quilt Set', 'king size cotton quilt', 'Travan Cotton Quilt Set', 'Green Patchwork Quilted Bedspread Coverlet Set', 'Bohemian Quilt Set Queen', 'cotton bohemian bedspread queen size', 'bedspreads queen size cotton', 'Great Bay Home Quilt Sets', 'Finlonte Plaid Quilt Bedspread Set'], 'url': ['https://www.amazon.com/vdp/050482f025e242f98b93da1ee4bd78e5?ref=dp_vse_rvc_0', 'https://www.amazon.com/vdp/035f72fafaa946399fda58b5675a05c7?ref=dp_vse_rvc_1', 'https://www.amazon.com/vdp/49c28e4c981e418caab55dda19c756e0?ref=dp_vse_rvc_2', 'https://www.amazon.com/vdp/0ae4ddc62ec44ac3b5cc10df0b245cc9?ref=dp_vse_rvc_3', 'https://www.amazon.com/vdp/06770538e5d94f05a695fc19493e4ff2?ref=dp_vse_rvc_4', 'https://www.amazon.com/vdp/0df09ab9f833426e864564ce14406cd8?ref=dp_vse_rvc_5', 'https://www.amazon.com/vdp/66275adbd5e44250b231899f71a94eba?ref=dp_vse_rvc_6', 'https://www.amazon.com/vdp/32092636af5c4bc9836bdc5cd02e4feb?ref=dp_vse_rvc_7', 'https://www.amazon.com/vdp/8ae3272dea594bbaa904cf2a22fa9054?ref=dp_vse_rvc_8', 'https://www.amazon.com/vdp/09dedb7c51354fc599c6b8a6783e84b9?ref=dp_vse_rvc_9'], 'user_id': ['', '', '', '', '', '', '', '', '', '']}",Tache Home Fashion,"['Home & Kitchen', 'Bedding', 'Quilts & Sets', 'Quilt Sets']","{""Size"": ""Queen"", ""Included Components"": ""Quilt, Pillow Sham"", ""Color"": ""Ivy"", ""Age Range (Description)"": ""Adult"", ""Style"": ""Cottage"", ""Brand"": ""Tache Home Fashion"", ""Theme"": ""Floral,Patchwork"", ""Pattern"": ""Patchwork"", ""Material"": ""Polyester"", ""Fabric Type"": ""Cover: 100% Polyester, Filling:50% Cotton,50% Polyester"", ""Number of Pieces"": ""3"", ""Seasons"": ""All"", ""Thread Count"": ""1000"", ""Product Care Instructions"": ""Machine Wash"", ""Package Dimensions"": ""17.8 x 15.16 x 4.61 inches"", ""Item Weight"": ""3.02 pounds"", ""Item model number"": ""SD3300"", ""Best Sellers Rank"": {""Home & Kitchen"": 2082169, ""Quilt Sets"": 3321}, ""Is Discontinued By Manufacturer"": ""No"", ""Assembly required"": ""No"", ""Batteries required"": ""No""}",B00BLS0INE,,,
Amazon Home,"Yemaijai Warrior-Cats Blanket Warm Plush Cozy Soft Blankets for Chair/Bed/Couch/Sofa 80""x60""",4.3,23,"['Made Of Pilling-Proof Velvet, It Is More Comfortable And Warm.', 'Size: 50""""X40"""", 60""""X50"""", 80""""X60"""", Perfect For Beds, Sofa, Camping, Or Travel Etc, Give Your Family And Friends A Perfect Gift!', 'Our Blankets Have Velvety Fuzziness, Soft Touch, Anti-Pilling, Wrinkle, Anti-Allergy, Non-Falling Characteristics, And Is Suitable For All Seasons.', 'This Blanket Is Soft, Lightweight, Yet Durable. Given Its Beautiful Pattern, Vibrant Color And Quality Craftsmanship, This Blanket Makes A Great Gift For Adults And Kids On Any Occasions!', 'Machine Wash And Hand Wash, Quick Drying, Easy Care, Durable, Do Not Use Bleach.']","['Our Blankets Have Velvety Fuzziness And Soft Touch. This Premium Throw Blanket Adds Holiday Cheer And Comfort To Any Bedroom, Guest Room, Dorm Room, Vacation Home Or Rv. Warm, Stylish, And Most Importantly Comfortable.']",None,"{'hi_res': ['https://m.media-amazon.com/images/I/71TfVPMv+cL._AC_SL1500_.jpg', 'https://m.media-amazon.com/images/I/81DXGLQMQTL._AC_SL1500_.jpg', 'https://m.media-amazon.com/images/I/71sKTpB1iYL._AC_SL1500_.jpg', 'https://m.media-amazon.com/images/I/71VJc9OkYnL._AC_SL1500_.jpg', 'https://m.media-amazon.com/images/I/71MnHM5TKFL._AC_SL1500_.jpg'], 'large': ['https://m.media-amazon.com/images/I/51M9dk4OihL._AC_.jpg', 'https://m.media-amazon.com/images/I/51eTijmwnSL._AC_.jpg', 'https://m.media-amazon.com/images/I/41VLFy5N0bL._AC_.jpg', 'https://m.media-amazon.com/images/I/516j6llEumL._AC_.jpg', 'https://m.media-amazon.com/images/I/51hRflpnGWL._AC_.jpg'], 'thumb': ['https://m.media-amazon.com/images/I/51M9dk4OihL._AC_US75_.jpg', 'https://m.media-amazon.com/images/I/51eTijmwnSL._AC_US75_.jpg', 'https://m.media-amazon.com/images/I/41VLFy5N0bL._AC_US75_.jpg', 'https://m.media-amazon.com/images/I/516j6llEumL._AC_US75_.jpg', 'https://m.media-amazon.com/images/I/51hRflpnGWL._AC_US75_.jpg'], 'variant': ['MAIN', 'PT01', 'PT02', 'PT03', 'PT04']}","{'title': ['Cow Print Blanket', 'Throw Blanket Animals Blankets Gifts'], 'url': ['https://www.amazon.com/vdp/05bac44e8ae54c5b8f4f96552aac1f89?ref=dp_vse_rvc_0', 'https://www.amazon.com/vdp/09a9c723339f4411bbc004ce10ec3d3a?ref=dp_vse_rvc_1'], 'user_id': ['', '']}",Bibuwaw,"['Home & Kitchen', 'Bedding', 'Blankets & Throws', 'Bed Blankets']","{""Material"": ""Velvet"", ""Color"": ""Black"", ""Brand"": ""Bibuwaw"", ""Special Feature"": ""Lightweight, Fade Resistant"", ""Style"": ""Modern"", ""Blanket Form"": ""Throw Blanket"", ""Age Range (Description)"": ""All Ages"", ""Product Dimensions"": ""80 x 60 x 0.01 inches"", ""Theme"": ""Holiday"", ""Pattern"": ""Striped"", ""Product Care Instructions"": ""Machine Wash, Hand Wash Only"", ""Size"": ""80 in x 60 in"", ""Fabric Type"": ""Velvet"", ""Fabric Warmth Description"": ""Lightweight"", ""Sport"": ""camping"", ""Department"": ""womens"", ""Manufacturer"": ""Yemaijai"", ""Best Sellers Rank"": {""Home & Kitchen"": 1823310, ""Bed Blankets"": 3151}, ""Date First Available"": ""October 10, 2020""}",B0B69XTPVL,,,
Amazon Home,TOP CHEF - Dynasty 9-Piece Block Knife Set - German Stainless Steel Kitchen Knives with Walnut-Stained Wood Handles,4.6,17,"['SET INCLUDES: 8"" Chef Knife, 8"" Bread Knife, 8"" Slicing Knife, 7"" Santoku Knife, 5"" Utility Knife, 3.5"" Paring Knife, Shears, Sharpening Rod, and Knife Block', 'DURABLE: Made from ice tempered 4116 high carbon German stainless steel for an exceptional degree of corrosion resistance and peak edge retention', 'PROFESSIONAL GRADE: 15-degree edge sharpness for precision cutting and hand finished with Japanese ultra-fine polishing wheel', 'BALANCED DESIGN: Stainless end cap adds stability and even weight distribution while the ergonomically designed curved handle ensures a comfortable and non-slip grip even when wet', 'ELEGANT: Walnut-stained wood handle evokes the artistry of traditional Asian style cutlery']",[],None,"{'hi_res': ['https://m.media-amazon.com/images/I/71Y+oWpjogL._AC_SL1500_.jpg', 'https://m.media-amazon.com/images/I/71a8O8D6E-L._AC_SL1500_.jpg', 'https://m.media-amazon.com/images/I/610S9Noo1yL._AC_SL1500_.jpg', 'https://m.media-amazon.com/images/I/61l0XEpp5BL._AC_SL1500_.jpg', 'https://m.media-amazon.com/images/I/71IeMqF7EDL._AC_SL1500_.jpg', 'https://m.media-amazon.com/images/I/81w1wPJJHnL._AC_SL1500_.jpg', 'https://m.media-amazon.com/images/I/71phh9FYNOL._AC_SL1500_.jpg', 'https://m.media-amazon.com/images/I/71IEWUo8ppL._AC_SL1500_.jpg'], 'large': ['https://m.media-amazon.com/images/I/415U5qOoM6L._AC_.jpg', 'https://m.media-amazon.com/images/I/51TvE+bBLyL._AC_.jpg', 'https://m.media-amazon.com/images/I/412T86EvBPL._AC_.jpg', 'https://m.media-amazon.com/images/I/41t+3D8VXGL._AC_.jpg', 'https://m.media-amazon.com/images/I/51ikdW4OqtL._AC_.jpg', 'https://m.media-amazon.com/images/I/51940iVTd4L._AC_.jpg', 'https://m.media-amazon.com/images/I/51fN2uyl3HL._AC_.jpg', 'https://m.media-amazon.com/images/I/51LOSY9mw5L._AC_.jpg'], 'thumb': ['https://m.media-amazon.com/images/I/415U5qOoM6L._AC_US75_.jpg', 'https://m.media-amazon.com/images/I/51TvE+bBLyL._AC_US75_.jpg', 'https://m.media-amazon.com/images/I/412T86EvBPL._AC_US75_.jpg', 'https://m.media-amazon.com/images/I/41t+3D8VXGL._AC_US75_.jpg', 'https://m.media-amazon.com/images/I/51ikdW4OqtL._AC_US75_.jpg', 'https://m.media-amazon.com/images/I/51940iVTd4L._AC_US75_.jpg', 'https://m.media-amazon.com/images/I/51fN2uyl3HL._AC_US75_.jpg', 'https://m.media-amazon.com/images/I/51LOSY9mw5L._AC_US75_.jpg'], 'variant': ['MAIN', 'PT01', 'PT02', 'PT03', 'PT04', 'PT05', 'PT06', 'PT07']}","{'title': ['Top Chef Cutlery Dynasty Line with Ariane Duarte', 'Opening and Closing a Liner Lock Knife'], 'url': ['https://www.amazon.com/vdp/e08ae09133e443039aa0305bf3fb0956?ref=dp_vse_rvc_0', 'https://www.amazon.com/vdp/28ae8a4db58c49e0be3406fffb05315e?ref=dp_vse_rvc_1'], 'user_id': ['', '']}",Top Chef,"['Home & Kitchen', 'Kitchen & Dining', 'Kitchen Utensils & Gadgets', 'Kitchen Knives & Accessories', 'Knife Block Sets']","{""Color"": ""Black"", ""Brand"": ""Top Chef"", ""Blade Material"": ""Stainless Steel"", ""Blade Edge"": ""Plain"", ""Item Dimensions LxWxH"": ""7.5 x 4.25 x 14.25 inches"", ""Style"": ""Traditional,Professional"", ""Item Weight"": ""6.3 pounds"", ""Number of Pieces"": ""9"", ""Is Dishwasher Safe"": ""No"", ""Handle Material"": ""Wood"", ""Product Dimensions"": ""7.5 x 4.25 x 14.25 inches"", ""Manufacturer"": ""Top Chef"", ""Item model number"": ""TC-22"", ""Date First Available"": ""April 6, 2017""}",B00SI2PUXE,,,
Amazon Home,"Wood Coasters with Holder, GOH DODD Wooden Drink Coasters Set, Modern Epoxy Coasters, Suitable for Most Kinds of Cups, 6 Pieces, Square",4.6,311,"['HANDCRAFTED COASTERS: Made of natural cedar wood and epoxy resin, each coaster was given a unique signature by nature.', 'GREAT GIFT: Everybody who cares about their furniture needs drink coasters. The beautiful coasters make a great housewarming, hostess, birthday, or holiday gift for mom, dad, him, her, man and woman.', 'EASY TO CLEAN: Clean these coasters with a damp cloth and towel dry for best results', 'PERFECT SIZE: 3.5"" size accommodates most cups and drinking containers.', ""CONVENIENCE HOLDER: You don't need to bear coasters placed everywhere. While not in use, you can put them directly into the holder, which will make your home tidier.""]",[],28.99,"{'hi_res': ['https://m.media-amazon.com/images/I/61vnVpAHUyL._AC_SL1500_.jpg', 'https://m.media-amazon.com/images/I/71YpJJomXAL._AC_SL1500_.jpg', 'https://m.media-amazon.com/images/I/81LCE05xp4L._AC_SL1500_.jpg', 'https://m.media-amazon.com/images/I/71MypvgI89L._AC_SL1500_.jpg', 'https://m.media-amazon.com/images/I/71HpTH3eO-L._AC_SL1500_.jpg', 'https://m.media-amazon.com/images/I/61fO989ih7L._AC_SL1500_.jpg', 'https://m.media-amazon.com/images/I/61zfu-r-AtL._AC_SL1500_.jpg'], 'large': ['https://m.media-amazon.com/images/I/41hiQyeJgEL._AC_.jpg', 'https://m.media-amazon.com/images/I/41FXXLu-esL._AC_.jpg', 'https://m.media-amazon.com/images/I/51yX-soHYtL._AC_.jpg', 'https://m.media-amazon.com/images/I/51t--hvUiFL._AC_.jpg', 'https://m.media-amazon.com/images/I/51qcBjfS1ZL._AC_.jpg', 'https://m.media-amazon.com/images/I/41O3aAxZPPL._AC_.jpg', 'https://m.media-amazon.com/images/I/41NZdtKazNL._AC_.jpg'], 'thumb': ['https://m.media-amazon.com/images/I/41hiQyeJgEL._AC_US75_.jpg', 'https://m.media-amazon.com/images/I/41FXXLu-esL._AC_US75_.jpg', 'https://m.media-amazon.com/images/I/51yX-soHYtL._AC_US75_.jpg', 'https://m.media-amazon.com/images/I/51t--hvUiFL._AC_US75_.jpg', 'https://m.media-amazon.com/images/I/51qcBjfS1ZL._AC_US75_.jpg', 'https://m.media-amazon.com/images/I/41O3aAxZPPL._AC_US75_.jpg', 'https://m.media-amazon.com/images/I/41NZdtKazNL._AC_US75_.jpg'], 'variant': ['MAIN', 'PT01', 'PT02', 'PT03', 'PT04', 'PT05', 'PT06']}","{'title': ['I think you’ll like this one!', '2 Year Review of Cedar Wood Coasters', 'Wooden Coasters for Drinks Set', 'Avocrafts Handcrafted Cedar Wood Coasters Drink Set', 'wood coasters for drink epoxy coaster cedar resin coasters', 'HooHcc Coasters, Set of 5 made of Natural Pine Wood', 'Drawwind Wood and Epoxy Coaster Set of 6 with Holder', 'Hexagon Wooden Coasters for Drinks, Epoxy Coasters Set of 4', '2 Year Review Cedar Wood Coasters '], 'url': ['https://www.amazon.com/vdp/0d4ea0447853454d83c8340b665c4bbf?ref=dp_vse_rvc_0', 'https://www.amazon.com/vdp/0b795fbc5b5b4757860c59615cb90fa9?ref=dp_vse_rvc_1', 'https://www.amazon.com/vdp/0a76448b22cf4bcf9f0371433673afd3?ref=dp_vse_rvc_2', 'https://www.amazon.com/vdp/0d81c7cbaca84edd949f261964b9be27?ref=dp_vse_rvc_3', 'https://www.amazon.com/vdp/038bfef849924a119bff0e4df6b21422?ref=dp_vse_rvc_4', 'https://www.amazon.com/vdp/0bc9d738cbc04552928fee16b669e241?ref=dp_vse_rvc_5', 'https://www.amazon.com/vdp/0ca62272d574455aa7332953dfacb810?ref=dp_vse_rvc_6', 'https://www.amazon.com/vdp/0dc6a11deac947cf841be6a7b409bfbd?ref=dp_vse_rvc_7', 'https://www.amazon.com/vdp/01fad3c2c53e4bc48a6bdd161fd8b79c?ref=dp_vse_rvc_8'], 'user_id': ['AG6HV7RJGK2YY4OSFDBNPS6PYWZA', '/shop/djshadowred', '', '', '', '/shop/cyruswebbpresents', '', '', '/shop/djshadowred']}",GOH DODD,"['Home & Kitchen', 'Kitchen & Dining', 'Dining & Entertaining', 'Bar Tools & Drinkware', 'Bar Tools', 'Coasters']","{""Color"": ""Brown, Clear"", ""Material"": ""Wood, Cedar"", ""Brand"": ""GOH DODD"", ""Shape"": ""Bear"", ""Product Care Instructions"": ""Damp Cloth"", ""Is Dishwasher Safe"": ""No"", ""Product Dimensions"": ""3 x 3 x 0.01 inches"", ""Item Weight"": ""1.17 pounds"", ""Manufacturer"": ""GOH DODD"", ""Best Sellers Rank"": {""Kitchen & Dining"": 159433, ""Bar Coasters"": 1681}, ""Date First Available"": ""January 5, 2022""}",B002FWQU3W,,,
Tools & Home Improvement,White Barn MAHOGANY COCONUT 3 wick scented candle,4,6,[],[],None,"{'hi_res': [None, 'https://m.media-amazon.com/images/I/61Hi0ZkmztL._AC_SL1080_.jpg', 'https://m.media-amazon.com/images/I/6133E69XVnL._AC_SL1080_.jpg', 'https://m.media-amazon.com/images/I/61wYaKqVFZL._AC_SL1024_.jpg', 'https://m.media-amazon.com/images/I/71BCGAJ2xUL._AC_SL1024_.jpg', 'https://m.media-amazon.com/images/I/71GpqdOkkkL._AC_SL1080_.jpg', 'https://m.media-amazon.com/images/I/71TEuLsP+AL._AC_SL1024_.jpg', 'https://m.media-amazon.com/images/I/614qXWUb0YL._AC_SL1024_.jpg', 'https://m.media-amazon.com/images/I/61ps0Ia-LgL._AC_SL1280_.jpg'], 'large': ['https://m.media-amazon.com/images/I/41Hjuev2uJL._AC_.jpg', 'https://m.media-amazon.com/images/I/51G0zQgB8nL._AC_.jpg', 'https://m.media-amazon.com/images/I/51JuPQIP80L._AC_.jpg', 'https://m.media-amazon.com/images/I/51yxcy4JFPL._AC_.jpg', 'https://m.media-amazon.com/images/I/51rbsdym9WL._AC_.jpg', 'https://m.media-amazon.com/images/I/51stLYitNuL._AC_.jpg', 'https://m.media-amazon.com/images/I/51NpT0P7icL._AC_.jpg', 'https://m.media-amazon.com/images/I/51jl9cXFDkL._AC_.jpg', 'https://m.media-amazon.com/images/I/51Fscc5C78L._AC_.jpg'], 'thumb': ['https://m.media-amazon.com/images/I/41Hjuev2uJL._AC_SR38,50_.jpg', 'https://m.media-amazon.com/images/I/51G0zQgB8nL._AC_SR38,50_.jpg', 'https://m.media-amazon.com/images/I/51JuPQIP80L._AC_SR38,50_.jpg', 'https://m.media-amazon.com/images/I/51yxcy4JFPL._AC_SR38,50_.jpg', 'https://m.media-amazon.com/images/I/51rbsdym9WL._AC_SR38,50_.jpg', 'https://m.media-amazon.com/images/I/51stLYitNuL._AC_SR38,50_.jpg', 'https://m.media-amazon.com/images/I/51NpT0P7icL._AC_SR38,50_.jpg', 'https://m.media-amazon.com/images/I/51jl9cXFDkL._AC_SR38,50_.jpg', 'https://m.media-amazon.com/images/I/51Fscc5C78L._AC_SR38,50_.jpg'], 'variant': ['MAIN', 'PT01', 'PT02', 'PT03', 'PT04', 'PT05', 'PT06', 'PT07', 'PT08']}","{'title': ['White Barn Mahogany Coconut Candle Preview!'], 'url': ['https://www.amazon.com/vdp/0bed5104e91a41bc82bde88ccc229e00?ref=dp_vse_rvc_0'], 'user_id': ['/shop/connorsickmiller']}",Bath & Body Works,"['Home & Kitchen', 'Home Décor Products', 'Candles & Holders', 'Candles', 'Jar Candles']","{""Brand"": ""Bath & Body Works"", ""Color"": ""White"", ""Operating Time"": ""45 Hours"", ""Scent"": ""Lavender, Coconut"", ""Special Feature"": ""Scented"", ""Are Batteries Included"": ""No"", ""Unit Count"": ""1 Count"", ""Part Number"": ""024336487"", ""Item Weight"": ""1.68 pounds"", ""Product Dimensions"": ""3.5 x 4 x 3.5 inches; 1.69 Pounds"", ""Item model number"": ""024336487"", ""Is Discontinued By Manufacturer"": ""No"", ""Assembled Height"": ""3.5 inches"", ""Assembled Length"": ""3.5 inches"", ""Assembled Width"": ""4 inches"", ""Special Features"": ""Scented"", ""Batteries Included?"": ""No"", ""Batteries Required?"": ""No"", ""Date First Available"": ""February 5, 2019""}",B0778KV29D,,,
Amazon Home,"Woven Embroidery Look Floral Design Vinyl Flannel Back Tablecloth (Green, 52"" x 52"" Square)",4,199,"['100% Vinyl overlaying 100% Polyester Flannel Backing.', 'Easy care - just wipe with damp cloth.', 'Size is 52"" x 52"" square - seats 4.\xa0Color is Green.', 'Fits table sizes 28"" x 28"" to 40"" x 40"".', 'Thin, soft and lightweight.']","['Elrene tablecloth is 100% vinyl with 100% polyester flannel backing. Beautiful floral designs that appear to be woven embroidered upholstery gives the feeling of a warm sunny summer day to any room or area. Vinyl tablecloth allows for easy care - just wipe clean with damp cloth or sponge. Comes in green, magenta or dark cyan.']",15.25,"{'hi_res': ['https://m.media-amazon.com/images/I/815Sfq2BrNL._AC_SL1500_.jpg', 'https://m.media-amazon.com/images/I/814Gz5eVvfL._AC_SL1500_.jpg', 'https://m.media-amazon.com/images/I/915qs1NmM1L._AC_SL1500_.jpg', 'https://m.media-amazon.com/images/I/91Wr+KXi2iL._AC_SL1500_.jpg', 'https://m.media-amazon.com/images/I/81M2M0bSk6L._AC_SL1500_.jpg'], 'large': ['https://m.media-amazon.com/images/I/51MbDZZ03iL._AC_.jpg', 'https://m.media-amazon.com/images/I/513s6guePIL._AC_.jpg', 'https://m.media-amazon.com/images/I/61ULNUVI69L._AC_.jpg', 'https://m.media-amazon.com/images/I/51J156Fd8PL._AC_.jpg', 'https://m.media-amazon.com/images/I/51qnpNAKMiL._AC_.jpg'], 'thumb': ['https://m.media-amazon.com/images/I/51MbDZZ03iL._AC_US75_.jpg', 'https://m.media-amazon.com/images/I/513s6guePIL._AC_US75_.jpg', 'https://m.media-amazon.com/images/I/61ULNUVI69L._AC_US75_.jpg', 'https://m.media-amazon.com/images/I/51J156Fd8PL._AC_US75_.jpg', 'https://m.media-amazon.com/images/I/51qnpNAKMiL._AC_US75_.jpg'], 'variant': ['MAIN', 'PT01', 'PT02', 'PT03', 'PT04']}","{'title': [], 'url': [], 'user_id': []}",Elrene Home Fashions,"['Home & Kitchen', 'Kitchen & Dining', 'Kitchen & Table Linens', 'Tablecloths']","{""Brand"": ""Elrene Home Fashions"", ""Color"": ""Green"", ""Material"": ""Vinyl"", ""Product Dimensions"": ""40\""L x 28\""W"", ""Shape"": ""Square"", ""Occasion"": ""Birthday"", ""Size"": ""52 in x 52 in Square"", ""Number of Sets"": ""1"", ""Product Care Instructions"": ""Hand Wash Only"", ""Unit Count"": ""1 Count"", ""Fabric Type"": ""Vinyl"", ""Corner Style"": ""Pleated"", ""Number of Items"": ""1"", ""Item Weight"": ""7.3 ounces"", ""Manufacturer"": ""Elrene Home Fashions"", ""Country of Origin"": ""China"", ""Best Sellers Rank"": {""Kitchen & Dining"": 233199, ""Tablecloths"": 5120}, ""Is Discontinued By Manufacturer"": ""No"", ""Date First Available"": ""April 30, 2017""}",B000ZN2NA2,,,
Amazon Home,Sekizo Yanagiba Sashimi Knife (Left Handed),4.4,4,"['Single beveled for left handed use', 'Long slender blade to glice through fish and rice rolls', 'Blade Length: 9in & Overall Length: 14 in', 'Made in Japan']","['Japanese Yanagiba sashimi knife for prepare Sashimi, Slice Raw Fish and Seafood * Molybdenum Rust-Resistant Steel Blade * Razor Sharp Edge * Blade Length: 9-1/8 in * Overall Length: 14 in * Wooden handle offers maximum comfort & control * Plastic Bolster * Easy to sharpen * Made in Japan by Sekizo * How to Sharpen: * >Sharpening on a whetstone * >Dampen whetstone. * >Sharpen on whetstone on flat surfaces only * Usage & Care: * Wash Knife with dishwashing liquid before use. * always dry blade thoroughly after washing. * Do not use scrub brushes or abrasive cleansers * Types of Knives: * Santoku -- All purpose: For Vegetable, Fish, Meat * Nakiri -- Chopping: For Vegetable * Gyutou -- Multipurpose kitchen Knife. for Cutting vegetable, fish, or Meat * Deba -- Hard Foods: Fish bones, Meats * Sashimi -- Slicing: Slicing raw fish']",None,"{'hi_res': ['https://m.media-amazon.com/images/I/71mj8Z2Gl2L._AC_SL1500_.jpg', 'https://m.media-amazon.com/images/I/61T8TnrpDyL._AC_SL1500_.jpg'], 'large': ['https://m.media-amazon.com/images/I/41IDj58FVOL._AC_.jpg', 'https://m.media-amazon.com/images/I/31ooa46qgBL._AC_.jpg'], 'thumb': ['https://m.media-amazon.com/images/I/41IDj58FVOL._AC_US75_.jpg', 'https://m.media-amazon.com/images/I/31ooa46qgBL._AC_US75_.jpg'], 'variant': ['MAIN', 'PT01']}","{'title': [], 'url': [], 'user_id': []}",M.V. Trading,"['Home & Kitchen', 'Kitchen & Dining', 'Kitchen Utensils & Gadgets', 'Kitchen Knives & Accessories', 'Asian Knives', 'Sashimi Knives']","{""Manufacturer"": ""Sekizo"", ""Item model number"": ""8115-A2L"", ""Is Discontinued By Manufacturer"": ""No"", ""Date First Available"": ""May 18, 2016"", ""Brand"": ""M.V. Trading"", ""Color"": ""Stainless Steel"", ""Handle Material"": ""Plastic,Steel"", ""Blade Edge"": ""Plain"", ""Blade Color"": ""Silver""}",B07N2WFP6L,,,
Amazon Home,"Lanieney Xmas Animals Throw Pillow Covers Lovely Kitten Cat Puppy Dog with Christmas Hat Cat Theme Gift Decoration Pillow Cases Home Decor Square Cushion Cover 18""x18""Set of 4",5,5,"['Velvet', 'FEATURES & CRAFTSMANSHIP: Our Christmas pillow covers have exquisite embroidery craftsmanship with raised patterns and exquisite touch, and with pretty hanging ball and snowflake designs, creates stronger Christmas atmosphere to your home, and comfort all your autumn and winter.', 'SKIN-FRIENDLY MATERIAL: The Christmas throw pillow covers feature premium velvet materials, comfortable and well made, so you won\'t need to worry about close contact with your skin, you could keep using them for next Christmas. The decorative square pillowcases are also super soft and skin-friendly, they will not fade or fray. Note:18"" x 18"" / 45cm x 45cm, the Christmas outdoor pillow covers will have a 0.5-1cm deviation.', 'WIDE APPLICATION: The velvet pillow covers perfect match for your holiday decoration. Also suitable for indoor and outdoor use. Meanwhile, the pillowcase is a perfect choice for your living room, bedroom, office, sofa, couch, car, or seat. It’s perfect for family entertainment, and also a great affordable gift choice for your kids, family, and friends.', 'EASY INSERTION & REPLACEMENT: The Christmas cushion covers with color coordinated hidden zipper design, which is super easy to insert and replacement of pillow inserts, and auto-locking stitches allow the pillow can be shoved in without fraying or tearing.', 'WASHING TIPS: Machine washable. Wash in cold water using a gentle wash cycle and tumble dry on low heat. This can get superb colorfastness because of their reactive dye. Do not iron or bleach.']",[],5.99,"{'hi_res': ['https://m.media-amazon.com/images/I/81uIJTOC9uL._AC_SL1500_.jpg', 'https://m.media-amazon.com/images/I/71r7AI7Ms3L._AC_SL1500_.jpg', 'https://m.media-amazon.com/images/I/81n07n4yEML._AC_SL1500_.jpg', 'https://m.media-amazon.com/images/I/81SC0uahjmL._AC_SL1500_.jpg', 'https://m.media-amazon.com/images/I/718-6d6B+9L._AC_SL1500_.jpg', 'https://m.media-amazon.com/images/I/81V36rSO24L._AC_SL1500_.jpg', 'https://m.media-amazon.com/images/I/71FMLrfk2hL._AC_SL1500_.jpg'], 'large': ['https://m.media-amazon.com/images/I/51qHzUk27oL._AC_.jpg', 'https://m.media-amazon.com/images/I/51-5jHnOW7L._AC_.jpg', 'https://m.media-amazon.com/images/I/51EAEec9fOL._AC_.jpg', 'https://m.media-amazon.com/images/I/51SNcFlRcSL._AC_.jpg', 'https://m.media-amazon.com/images/I/51xnkKv0HEL._AC_.jpg', 'https://m.media-amazon.com/images/I/61nopbHZDnL._AC_.jpg', 'https://m.media-amazon.com/images/I/51HUiYuuyWL._AC_.jpg'], 'thumb': ['https://m.media-amazon.com/images/I/51qHzUk27oL._AC_US75_.jpg', 'https://m.media-amazon.com/images/I/51-5jHnOW7L._AC_US75_.jpg', 'https://m.media-amazon.com/images/I/51EAEec9fOL._AC_US75_.jpg', 'https://m.media-amazon.com/images/I/51SNcFlRcSL._AC_US75_.jpg', 'https://m.media-amazon.com/images/I/51xnkKv0HEL._AC_US75_.jpg', 'https://m.media-amazon.com/images/I/61nopbHZDnL._AC_US75_.jpg', 'https://m.media-amazon.com/images/I/51HUiYuuyWL._AC_US75_.jpg'], 'variant': ['MAIN', 'PT01', 'PT02', 'PT03', 'PT04', 'PT05', 'PT06']}","{'title': ['Valentines Day Pillow Covers', 'Christmas Pillow Covers from AVOIN colorlife', 'AACORS Christmas Cat Pillow Cover ', 'Grinch Throw Pillow Cover', 'Throw Pillow Covers', 'ETASOP throw pillow covers with inserts included', 'Christmas Pillow Covers 18 x 18 Inches Set of 4', 'Christmas - 103'], 'url': ['https://www.amazon.com/vdp/010aff92dd474fcfbfcabcd783072686?ref=dp_vse_rvc_0', 'https://www.amazon.com/vdp/0f42c0d204724fadb53d2964cc028f5c?ref=dp_vse_rvc_1', 'https://www.amazon.com/vdp/0807b135f7d947ab8d733d55d908e7fc?ref=dp_vse_rvc_2', 'https://www.amazon.com/vdp/0030bfe7cd824dc49d2c6e67fa702ce4?ref=dp_vse_rvc_3', 'https://www.amazon.com/vdp/0c2ac97054fd4803a4357502a106ed43?ref=dp_vse_rvc_4', 'https://www.amazon.com/vdp/021520153f23422690a9a22272e91f86?ref=dp_vse_rvc_5', 'https://www.amazon.com/vdp/01be01fb49da4985975cd0b703550c5d?ref=dp_vse_rvc_6', 'https://www.amazon.com/vdp/05088788b3ac4efba2938ccfbbbde759?ref=dp_vse_rvc_7'], 'user_id': ['', '', '', '', '', '', '', '']}",Lanieney,"['Home & Kitchen', 'Bedding', 'Decorative Pillows, Inserts & Covers', 'Throw Pillow Covers']","{""Pattern"": ""Animal Print"", ""Material"": ""Velvet"", ""Color"": ""Red"", ""Product Dimensions"": ""18\""L x 18\""W"", ""Style"": ""Modern"", ""Brand"": ""Lanieney"", ""Theme"": ""Animals"", ""Shape"": ""Square"", ""Number of Items"": ""1"", ""Special Feature"": ""Fade Resistant"", ""Number of pieces"": ""4"", ""Care instructions"": ""Machine Wash"", ""Occasion"": ""Office, Car, Outdoors, Home"", ""Closure Type"": ""Zipper"", ""Recommended Uses For Product"": ""Office, Festival, Car, Outdoor, Home"", ""Item Weight"": ""13.7 ounces"", ""Manufacturer"": ""Lanieney"", ""Country of Origin"": ""China"", ""Item model number"": ""Lanieney"", ""Best Sellers Rank"": {""Home & Kitchen"": 1254374, ""Throw Pillow Covers"": 15931}, ""Fabric Type"": ""Velvet"", ""Batteries required"": ""No""}",B01I3Q6BHS,,,
Amazon Home,"Luxurious Collections 100% Egyptian Cotton 600 Thread Count (1) Pair Pillow Shams Solid/Plain by Standard 20"" x 26"" (50 x 66 cm), Aqua Blue",5,2,[],[],None,"{'hi_res': [None], 'large': ['https://m.media-amazon.com/images/I/01RmK+J4pJL._AC_.gif'], 'thumb': ['https://m.media-amazon.com/images/I/01RmK+J4pJL._AC_US75_.gif'], 'variant': ['MAIN']}","{'title': [], 'url': [], 'user_id': []}",8,"['Home & Kitchen', 'Bedding', 'Sheets & Pillowcases', 'Pillow Shams']","{""Package Dimensions"": ""5 x 5 x 5 inches"", ""Manufacturer"": ""8"", ""Is Discontinued By Manufacturer"": ""No"", ""Date First Available"": ""February 19, 2016""}",B00CBE65IE,,,
Tools & Home Improvement,"WSICSE 14Pcs Portable Stainless Steel Toothpicks Pocket Set, Reusable Metal Toothpicks for Outdoor Picnic Camping Traveling",4.3,555,"['【Material】Our toothpicks are made of stainless steel , providing nice durability and anti-corrosion performance,can maintain their clean conditions even after multiple times of use.', ""【Easy to Carry】 Comes with keychain loops and you can take it to anywhere, it won't add any weight when attaches to your keychain.It is easy to carry. Good for camping, hiking, picnic,travel."", '【Easily Remove the Residue】It is more in line with the human oral structure design, and the 9shapes can easily remove the residue! It can clean any place and remove tartar easily.', '【Unique Design】The toothpicks with the cross-grain design are comfortable to grip, not easy to slip from your hand; The bottom tip of toothpick is not too pointed, which will not easily hurt your gingiva.', '【Multifunctional 】Our pocket toothpicks with different designs can help you open the phone slot, clean up the computer keyboard block particles residual,meeting your different needs.']","['Specifications:', 'Color: SliverPackage Size: 5.91x3.94x0.67inchMaterial: The toothpicks are made of stainless steel', 'Features:', '1.The stainless steel toothpick is reusable with proper strength, sturdy and not easy to break, convenient to carry and store, can serve you for a long time and bring you lots of convenience.2.The sealing ring design and the tight lid keep the air out completely and prevent corrosion of the interior, Waterproof O-ring increases the sealing performance to keep it dry and clean.3.Straight toothpick can quickly clean front teeth,the round hook allows you to easily clean the dirt hidden in the teeth that is difficult to remove,the square hook is a universal head, suitable for cleaning between teeth at various angles or depths.', 'Package Includes:', '14x Stainless Steel toothpicks1 x Toothpick holder with key rings']",9.99,"{'hi_res': ['https://m.media-amazon.com/images/I/71iio5kRlwL._AC_SL1500_.jpg', 'https://m.media-amazon.com/images/I/71kBTlqZN9L._AC_SL1500_.jpg', 'https://m.media-amazon.com/images/I/61+DuzojvpL._AC_SL1500_.jpg', 'https://m.media-amazon.com/images/I/719Yrj16ZZL._AC_SL1500_.jpg', 'https://m.media-amazon.com/images/I/71LKLZp-06L._AC_SL1500_.jpg', 'https://m.media-amazon.com/images/I/71hjYJF1OtL._AC_SL1500_.jpg', 'https://m.media-amazon.com/images/I/71fBn+Id6lL._AC_SL1500_.jpg'], 'large': ['https://m.media-amazon.com/images/I/41Lh1vvDhBL._AC_.jpg', 'https://m.media-amazon.com/images/I/41uQQaSn6aL._AC_.jpg', 'https://m.media-amazon.com/images/I/41K9eVeZC4L._AC_.jpg', 'https://m.media-amazon.com/images/I/51aniW8UbGL._AC_.jpg', 'https://m.media-amazon.com/images/I/51YDIxPkO7L._AC_.jpg', 'https://m.media-amazon.com/images/I/41Cou7GC8yL._AC_.jpg', 'https://m.media-amazon.com/images/I/51kSKTXFz5L._AC_.jpg'], 'thumb': ['https://m.media-amazon.com/images/I/41Lh1vvDhBL._AC_US75_.jpg', 'https://m.media-amazon.com/images/I/41uQQaSn6aL._AC_US75_.jpg', 'https://m.media-amazon.com/images/I/41K9eVeZC4L._AC_US75_.jpg', 'https://m.media-amazon.com/images/I/51aniW8UbGL._AC_US75_.jpg', 'https://m.media-amazon.com/images/I/51YDIxPkO7L._AC_US75_.jpg', 'https://m.media-amazon.com/images/I/41Cou7GC8yL._AC_US75_.jpg', 'https://m.media-amazon.com/images/I/51kSKTXFz5L._AC_US75_.jpg'], 'variant': ['MAIN', 'PT01', 'PT02', 'PT03', 'PT04', 'PT05', 'PT06']}","{'title': ['Reusable metal toothpicks', 'Metal toothpick set', 'Stainless Steel Toothpick Set 7pcs 4 Set', 'Portable Mini Pocket Titanium Toothpick', 'REVIEW Reusable Sanitary Stainless Steel Toothpicks', 'Toothpicks  by WSICSE', 'Portable Titanium Toothpicks', 'Lattliv Stainless Steel toothpicks', 'Matal toothpicks 4 sets 7pcs', 'Mini Pocket Titanium Toothpicks Review'], 'url': ['https://www.amazon.com/vdp/040c8f811ab84b6ca4dc255463a56c6f?ref=dp_vse_rvc_0', 'https://www.amazon.com/vdp/07ef972c9740406a97b194e6002b9bbf?ref=dp_vse_rvc_1', 'https://www.amazon.com/vdp/0237184044be4fe8a2f9bc09377b03df?ref=dp_vse_rvc_2', 'https://www.amazon.com/vdp/03c7b05c69f441faa9688a75bcec3a5f?ref=dp_vse_rvc_3', 'https://www.amazon.com/vdp/0495ada449e64becbc784148b4ac4588?ref=dp_vse_rvc_4', 'https://www.amazon.com/vdp/02af0e5013354db8b55c4889079e2dc2?ref=dp_vse_rvc_5', 'https://www.amazon.com/vdp/020cd9bc04184126b45dbe2ed65811b3?ref=dp_vse_rvc_6', 'https://www.amazon.com/vdp/04262e1b54c44ac987eba433c72e2bf8?ref=dp_vse_rvc_7', 'https://www.amazon.com/vdp/02f51b7acf744b82b015452e979a28ed?ref=dp_vse_rvc_8', 'https://www.amazon.com/vdp/0d43765526a946c8a4c3eccc67d14358?ref=dp_vse_rvc_9'], 'user_id': ['/shop/influencer-d21dcc0b', '/shop/influencer-7bd93f7c', '', '', '/shop/influencer-1c028874', '', '', '', '', '/shop/anadventurewithnickrachel']}",WSICSE,"['Home & Kitchen', 'Kitchen & Dining', 'Kitchen Utensils & Gadgets', 'Kitchen Accessories', 'Toothpick Holders']","{""Manufacturer"": ""WSICSE"", ""Part Number"": ""D2638K-11-N"", ""Item Weight"": ""2.89 ounces"", ""Package Dimensions"": ""4.02 x 2.83 x 0.71 inches"", ""Country of Origin"": ""China"", ""Item model number"": ""2Set"", ""Finish"": ""stainless steel"", ""Material"": ""Stainless Steel"", ""Mounting Type"": ""Portable"", ""Included Components"": ""no"", ""Batteries Required?"": ""No"", ""Best Sellers Rank"": {""Kitchen & Dining"": 34329, ""Toothpick Holders"": 38}, ""Date First Available"": ""July 16, 2022"", ""Brand"": ""WSICSE"", ""Finish Type"": ""stainless steel"", ""Unit Count"": ""14.0 Count""}",B01AJKV5U4,,,
Amazon Home,"Farberware 13-Piece Stamped Stainless Steel Knife Block Set, Red",4,130,"['RED KNIFE BLOCK SET: This 13-piece set includes: 8-inch chef knife, 8-inch bread knife, 5.5-inch serrated utility, 3.5-inch parer, (6) steak knives, sharpening steel, a pair of all-purpose shears and a storage block.', 'HIGH-QUALITY BLADES: Each knife features a high-carbon, stainless steel blade which ensure the knife retains its ultra-sharp edge longer than conventional stainless steel and makes cutting through food easy', ""MORDERN WOOD STORAGE BLOCK: This knife set includes a beechwood storage block which is accented with a red, enamel 'foot' that adds a pop of color to your kitchen; knife block comes full so there is no empty slots"", 'ELEGANT HANDLES: Each handle is ergonomically designed for a comfortable grip and feature a shiny, lustrous red finish', 'EASY CARE: Hand-wash with warm water and a mild detergent; rinse and dry immediately; lifetime limited warranty', 'Farberware is the #1 selling cutlery brand in the U.S. (Source: the NPD Group, Inc.)']","['Farberware is the #1 selling cutlery brand in the U.S. (Source: the npd Group). all knives feature high-carbon stainless steel blades which ensure the blades retain their ultra-sharp edge longer than conventional stainless steel. Each knife features an ergonomic metallic steel handle for greater durability. Set includes: 8-inch chef, 8-inch bread, 5-1/2-inch utility, 3-1/2-inch parer, 6 4.5-Inch steaks knives, all-purpose shears, sharpening shear and storage block with angled Heel. Not dishwasher safe. Hand wash with warm water and a mild detergent; rinse and dry immediately.']",None,"{'hi_res': ['https://m.media-amazon.com/images/I/81+3G1q1cgL._AC_SL1500_.jpg', 'https://m.media-amazon.com/images/I/81CgJWd0ChL._AC_SL1500_.jpg'], 'large': ['https://m.media-amazon.com/images/I/41R6dR50SDL._AC_.jpg', 'https://m.media-amazon.com/images/I/41gYp414xsL._AC_.jpg'], 'thumb': ['https://m.media-amazon.com/images/I/41R6dR50SDL._AC_US75_.jpg', 'https://m.media-amazon.com/images/I/41gYp414xsL._AC_US75_.jpg'], 'variant': ['MAIN', 'PT01']}","{'title': [], 'url': [], 'user_id': []}",Farberware,"['Home & Kitchen', 'Kitchen & Dining', 'Kitchen Utensils & Gadgets', 'Kitchen Knives & Accessories', 'Knife Block Sets']","{""Color"": ""Red"", ""Brand"": ""Farberware"", ""Blade Material"": ""Steel"", ""Blade Edge"": ""Serrated"", ""Item Dimensions LxWxH"": ""6.73 x 4.92 x 14.37 inches"", ""Style"": ""Ergonomic"", ""Number of Pieces"": ""13"", ""Is Dishwasher Safe"": ""No"", ""Handle Material"": ""Stainless Steel"", ""Construction Type"": ""Stamped"", ""Product Dimensions"": ""6.73 x 4.92 x 14.37 inches"", ""Item Weight"": ""6.24 pounds"", ""Manufacturer"": ""Farberware"", ""Item model number"": ""5191610"", ""Is Discontinued By Manufacturer"": ""No"", ""Date First Available"": ""November 8, 2017""}",B00E0NJB12,,,
Amazon Home,Aluminum 11inch Heat Diffuser Plate For Gas Stove Induction Electric Stovestovetop Gas stove Top Iarge,3.9,8,[],[],32.8,"{'hi_res': ['https://m.media-amazon.com/images/I/61qS2MLTFOL._AC_SL1500_.jpg', None, None, None], 'large': ['https://m.media-amazon.com/images/I/41pjy19-5ML._AC_.jpg', 'https://m.media-amazon.com/images/I/51nE4GtMS2L._AC_.jpg', 'https://m.media-amazon.com/images/I/5124EnHlycL._AC_.jpg', 'https://m.media-amazon.com/images/I/417zNgvyNZL._AC_.jpg'], 'thumb': ['https://m.media-amazon.com/images/I/41pjy19-5ML._AC_US75_.jpg', 'https://m.media-amazon.com/images/I/51nE4GtMS2L._AC_US75_.jpg', 'https://m.media-amazon.com/images/I/5124EnHlycL._AC_US75_.jpg', 'https://m.media-amazon.com/images/I/417zNgvyNZL._AC_US75_.jpg'], 'variant': ['MAIN', 'PT01', 'PT02', 'PT03']}","{'title': ['Heat Diffuser Plate for Induction Electric Gas Stove', 'JIENAQIN 11inch Induction Cooktop Mat', 'Heat Diffuser for Gas Stove - Details, Notices and Warm Tips', 'Clay Coil Base Making Tips', 'Heat Conduction Plate Non-Stick Non-Slip for Gas Stove'], 'url': ['https://www.amazon.com/vdp/0c9bf5c45cad45c99e023db8e155038f?ref=dp_vse_rvc_0', 'https://www.amazon.com/vdp/088d235305d849be81a6bf80628a153e?ref=dp_vse_rvc_1', 'https://www.amazon.com/vdp/04baed1a4d5e4a28806f2bdca052eed8?ref=dp_vse_rvc_2', 'https://www.amazon.com/vdp/d1ab6ff2372d4ec2ad080387b2e9e15d?ref=dp_vse_rvc_3', 'https://www.amazon.com/vdp/0a901f84c94b4eb3bf0518698360c234?ref=dp_vse_rvc_4'], 'user_id': ['', '', '', 'AGAKIN4QUMYHZMOCB45UUWCRMKQA', '']}",SENZHIYA,"['Home & Kitchen', 'Kitchen & Dining', 'Small Appliances', 'Countertop Burners']","{""Product Dimensions"": ""11 x 11 x 0.24 inches"", ""Item Weight"": ""2.1 Pounds"", ""Item model number"": ""28-6"", ""Best Sellers Rank"": {""Kitchen & Dining"": 702161, ""Countertop Burners"": 655}, ""Date First Available"": ""January 20, 2021"", ""Brand"": ""SENZHIYA"", ""Power Source"": ""induction""}",B00G6OU0ZO,,,
Amazon Home,"Goodbath Space Blackout Curtains, Outer Space Galaxy Stars Window Treatment Drapes for Living Room Bedroom Hotel,2 Panels, 52W x 63L",4.5,80,"['Design: space star universe theme', 'Materila: Blackout curtains is made of polyester,grommet is made of stainless steel ,easy to install and slide', 'Functions: Sunshine blackout, noise reduce, temperature balance, privocy protect , can be used for living room bedroom kitchen office and hotel', 'Package: Includes 2 blackout curtain panels, each panel measuring 52"" wide 63""long, 52"" wide 84""long and 52"" wide 95""long with 8 grommets', 'Care: Machine washable or hand washable in cold water']",[],39.99,"{'hi_res': ['https://m.media-amazon.com/images/I/71BVsQ4wrXL._AC_SL1030_.jpg', 'https://m.media-amazon.com/images/I/712OgfS5JHL._AC_SL1130_.jpg', 'https://m.media-amazon.com/images/I/61U98fcsOeL._AC_SL1030_.jpg', 'https://m.media-amazon.com/images/I/51LKZPK2WJL._AC_SL1030_.jpg', 'https://m.media-amazon.com/images/I/61IdqGqGL0L._AC_SL1030_.jpg', 'https://m.media-amazon.com/images/I/710ceZUMhnL._AC_SL1087_.jpg', 'https://m.media-amazon.com/images/I/61GvtKZi68S._AC_SL1500_.jpg'], 'large': ['https://m.media-amazon.com/images/I/51q2JivyU3L._AC_.jpg', 'https://m.media-amazon.com/images/I/41NKeZaSTqL._AC_.jpg', 'https://m.media-amazon.com/images/I/41ioVL9mJjL._AC_.jpg', 'https://m.media-amazon.com/images/I/414xWXontaL._AC_.jpg', 'https://m.media-amazon.com/images/I/41ntRpFr9-L._AC_.jpg', 'https://m.media-amazon.com/images/I/51P-MXVnjKL._AC_.jpg', 'https://m.media-amazon.com/images/I/31YufIJNxIS._AC_.jpg'], 'thumb': ['https://m.media-amazon.com/images/I/51q2JivyU3L._AC_US75_.jpg', 'https://m.media-amazon.com/images/I/41NKeZaSTqL._AC_US75_.jpg', 'https://m.media-amazon.com/images/I/41ioVL9mJjL._AC_US75_.jpg', 'https://m.media-amazon.com/images/I/414xWXontaL._AC_US75_.jpg', 'https://m.media-amazon.com/images/I/41ntRpFr9-L._AC_US75_.jpg', 'https://m.media-amazon.com/images/I/51P-MXVnjKL._AC_US75_.jpg', 'https://m.media-amazon.com/images/I/31YufIJNxIS._AC_US75_.jpg'], 'variant': ['MAIN', 'PT01', 'PT02', 'PT03', 'PT04', 'PT05', 'PT06']}","{'title': ['Kids Blackout Curtains 63 Length Nebula Galaxy Curtains', 'Riyidecor Galaxy Outer Space Nebula Curtains', 'ANHOPE Galaxy Curtains, Outer Space Universe Nebula Pattern', 'Bluesoft velvet curtains', 'Toava Deco Valance curtains Blackout Curtains'], 'url': ['https://www.amazon.com/vdp/0908eb80ef904228a6cf2f1c2b45572f?ref=dp_vse_rvc_0', 'https://www.amazon.com/vdp/045988667c0b4f37a132d11fd71cb407?ref=dp_vse_rvc_1', 'https://www.amazon.com/vdp/0ab2ae8c47cf4a7db1166e6727e42a3c?ref=dp_vse_rvc_2', 'https://www.amazon.com/vdp/9e9cb5a5d5d64c4c801e79fe2d8484d0?ref=dp_vse_rvc_3', 'https://www.amazon.com/vdp/084327b1e98e4f39bc1f293ef335885e?ref=dp_vse_rvc_4'], 'user_id': ['', '', '', '', '']}",Goodbath,"['Home & Kitchen', 'Home Décor Products', 'Window Treatments', 'Curtains & Drapes', 'Panels']","{""Brand"": ""Goodbath"", ""Color"": ""Space"", ""Material"": ""Polyester"", ""Product Dimensions"": ""63\""L x 52\""W"", ""Opacity"": ""Blackout"", ""Special Feature"": ""Thermal Insulated"", ""Room Type"": ""Bedroom"", ""Style"": ""Space"", ""Pattern"": ""\u661f\u578b"", ""Theme"": ""Space"", ""Curtain Form"": ""Drapes"", ""Top Style"": ""Grommet"", ""Size"": ""52 x 63"", ""Included Components"": ""\u7d22\u73af"", ""Age Range (Description)"": ""Adult"", ""Hanging Method"": ""Grommet"", ""Item Weight"": ""2.9 pounds"", ""Product Care Instructions"": ""Machine Wash, Hand Wash Only"", ""Package Weight"": ""1.36 Kilograms"", ""Manufacturer"": ""Goodbath"", ""Country of Origin"": ""China"", ""Best Sellers Rank"": {""Home & Kitchen"": 611669, ""Window Curtain Panels"": 4103}, ""Date First Available"": ""May 14, 2019""}",B0BZWVHCG7,,,
Amazon Home,Crosley Furniture CF7006-WH Vista Vanity - White,4.4,2,"['Traditional design fits any décor; solid hardwood and veneer construction', 'Spacious vanity top and three drawers - one center drawer and two side drawers', 'Tilting glass mirror', 'Brushed nickel hardware', 'Includes Vanity and Mirror; easy to assemble']","['Simple and traditional, the Vista Vanity from Crosley Furniture offers the perfect view for getting ready for the day. Constructed from solid hardwood and veneers with brushed nickel hardware, the classic silhouette of the Vista complements any decor. Sit at the expansive countertop and adjust the beveled glass mirror to the perfect angle. The three easy-gliding drawers are ample for holding makeup, grooming tools or fragrances.']",None,"{'hi_res': ['https://m.media-amazon.com/images/I/71ag-t+ZdYL._AC_SL1500_.jpg', 'https://m.media-amazon.com/images/I/71SbmaRsGRL._AC_SL1500_.jpg', 'https://m.media-amazon.com/images/I/61cXnhMQfZL._AC_SL1500_.jpg', 'https://m.media-amazon.com/images/I/81G-uZse9oL._AC_SL1500_.jpg', 'https://m.media-amazon.com/images/I/71UT5owG5vL._AC_SL1500_.jpg', 'https://m.media-amazon.com/images/I/91+7BrDD0zL._AC_SL1500_.jpg', 'https://m.media-amazon.com/images/I/71rNN1eP3-L._AC_SL1500_.jpg'], 'large': ['https://m.media-amazon.com/images/I/41h0oUB4DkL._AC_.jpg', 'https://m.media-amazon.com/images/I/41qrg9essPL._AC_.jpg', 'https://m.media-amazon.com/images/I/31chhiR+m3L._AC_.jpg', 'https://m.media-amazon.com/images/I/41PviOm4jwL._AC_.jpg', 'https://m.media-amazon.com/images/I/31MySXXBXzL._AC_.jpg', 'https://m.media-amazon.com/images/I/51tPJ9l8LCL._AC_.jpg', 'https://m.media-amazon.com/images/I/41MC56T9WlL._AC_.jpg'], 'thumb': ['https://m.media-amazon.com/images/I/41h0oUB4DkL._AC_US75_.jpg', 'https://m.media-amazon.com/images/I/41qrg9essPL._AC_US75_.jpg', 'https://m.media-amazon.com/images/I/31chhiR+m3L._AC_US75_.jpg', 'https://m.media-amazon.com/images/I/41PviOm4jwL._AC_US75_.jpg', 'https://m.media-amazon.com/images/I/31MySXXBXzL._AC_US75_.jpg', 'https://m.media-amazon.com/images/I/51tPJ9l8LCL._AC_US75_.jpg', 'https://m.media-amazon.com/images/I/41MC56T9WlL._AC_US75_.jpg'], 'variant': ['MAIN', 'PT01', 'PT02', 'PT03', 'PT04', 'PT05', 'PT06']}","{'title': [], 'url': [], 'user_id': []}",Crosley Furniture,"['Home & Kitchen', 'Furniture', 'Bedroom Furniture', 'Vanities & Vanity Benches']","{""Product Dimensions"": ""19 x 46 x 31.75 inches"", ""Item Weight"": ""75 pounds"", ""Manufacturer"": ""Crosley Furniture"", ""Item model number"": ""CF7006-WH"", ""Form Factor"": ""Loveseat"", ""Finish types"": ""Brushed Nickel"", ""Assembly required"": ""Yes"", ""Number of pieces"": ""1"", ""Warranty Description"": ""90 day parts warranty."", ""Batteries required"": ""No"", ""Included Components"": ""Vista Vanity and Hardware"", ""Color"": ""White"", ""Material"": ""Hardwood"", ""Style"": ""Vanity Only"", ""Furniture Finish"": ""white"", ""Brand"": ""Crosley Furniture""}",B093G2HRHQ,,,
Amazon Home,"ArtWall Elena Ray Om Mandala Gallery-Wrapped Canvas Art, 14 by 14-Inch",4.6,11,"['Artist: Elena Ray', 'Title: Om Mandala', 'Style: Contemporary, Subject: Abstract', 'Dimensions: 14x14', '100% Made in the USA; Tri-brad 3D frames by Christophe Patent Pending']","['Art Wall, Elena Ray \'Om Mandala\' Gallery-Wrapped Canvas is a high-quality canvas print example of mixed media art depicting an ""Om"" symbol. A serene and spiritual addition to your home or office. Elena Ray creates mixed media art exploring psychological revelation, spiritual unfolding, healing and energy. Her photography is focused on the holistic arts and the people who practice them. She dabbles in Chinese calligraphy and makes Wabi-sabi collages. Her work can be seen in many publications including those by Hay House Publishing, Sounds True publications and Spirituality and Health Magazine. Elena is a yoga student and desert soul. She works and lives in Joshua Tree, California with her husband and their two cats.']",33.12,"{'hi_res': ['https://m.media-amazon.com/images/I/91tjJ-+Ox5L._AC_SL1500_.jpg'], 'large': ['https://m.media-amazon.com/images/I/61XjOiGkRXL._AC_.jpg'], 'thumb': ['https://m.media-amazon.com/images/I/61XjOiGkRXL._AC_US75_.jpg'], 'variant': ['MAIN']}","{'title': [], 'url': [], 'user_id': []}",ArtWall,"['Home & Kitchen', 'Wall Art', 'Posters & Prints']","{""Product Dimensions"": ""2 x 14 x 14 inches"", ""Item Weight"": ""2.05 pounds"", ""Manufacturer"": ""The Art Wall"", ""Item model number"": ""0ray038a1414w"", ""Best Sellers Rank"": {""Home & Kitchen"": 2293193, ""Posters & Prints"": 122741}, ""Assembly required"": ""No"", ""Number of pieces"": ""1"", ""Batteries required"": ""No""}",B00EUC0F5O,,,
Amazon Home,"48-Pack Canning Lids, for Regular Mouth Mason Jar Lids",4.1,205,[],[],None,"{'hi_res': ['https://m.media-amazon.com/images/I/61ONVCaSHHL._AC_SL1000_.jpg', 'https://m.media-amazon.com/images/I/61XLqvzrtGL._AC_SL1000_.jpg', 'https://m.media-amazon.com/images/I/51GJv6RcfjL._AC_SL1100_.jpg', 'https://m.media-amazon.com/images/I/6186LMJNn9L._AC_SL1000_.jpg', 'https://m.media-amazon.com/images/I/617ul2f0U+L._AC_SL1000_.jpg'], 'large': ['https://m.media-amazon.com/images/I/51gQcfXVpfL._AC_.jpg', 'https://m.media-amazon.com/images/I/51XE+04epiL._AC_.jpg', 'https://m.media-amazon.com/images/I/31+Bivl3ZiL._AC_.jpg', 'https://m.media-amazon.com/images/I/514w0PIWpbL._AC_.jpg', 'https://m.media-amazon.com/images/I/41B+zJoVriL._AC_.jpg'], 'thumb': ['https://m.media-amazon.com/images/I/51gQcfXVpfL._AC_US75_.jpg', 'https://m.media-amazon.com/images/I/51XE+04epiL._AC_US75_.jpg', 'https://m.media-amazon.com/images/I/31+Bivl3ZiL._AC_US75_.jpg', 'https://m.media-amazon.com/images/I/514w0PIWpbL._AC_US75_.jpg', 'https://m.media-amazon.com/images/I/41B+zJoVriL._AC_US75_.jpg'], 'variant': ['MAIN', 'PT01', 'PT02', 'PT03', 'PT04']}","{'title': ['Ball Regular Mouth Jar Lids', 'mason jar lids', 'Canning Jar Lids with Jar Labels', '24-Set Premium Canning Lids with Bands/Rings (Regular Mouth)', 'Ball Wide Mouth Canning Lids', 'Stock up on your lids!', 'Mason Jar Lid Mini Cherry Pie', 'Canning Jar Lids for Kerr Ball Canning Jars'], 'url': ['https://www.amazon.com/vdp/009bd39d68144eba959886b42e72c014?ref=dp_vse_rvc_0', 'https://www.amazon.com/vdp/0f08117b0249480796002f415f1f3643?ref=dp_vse_rvc_1', 'https://www.amazon.com/vdp/0775e0fc7f3841fd90335139b37fe0ed?ref=dp_vse_rvc_2', 'https://www.amazon.com/vdp/098c1ac780dc4000b221a06094248cb9?ref=dp_vse_rvc_3', 'https://www.amazon.com/vdp/078b65fccfec4a1cacc3a8e83dedac37?ref=dp_vse_rvc_4', 'https://www.amazon.com/vdp/0140d090842c474e827c4898b7b7201a?ref=dp_vse_rvc_5', 'https://www.amazon.com/vdp/061a006b7f104968a3ed214aee298797?ref=dp_vse_rvc_6', 'https://www.amazon.com/vdp/0748ebc104a2417485bc4dcf08dec562?ref=dp_vse_rvc_7'], 'user_id': ['/shop/gunnersden', '', '', '', '/shop/gunnersden', '/shop/influencer-32ae1ba1', '/shop/haleyfoxicc', '']}",Newflager,"['Home & Kitchen', 'Kitchen & Dining', 'Cookware', 'Canning', 'Lids']","{""Material"": ""Stainless Steel, Metal"", ""Color"": ""Silver"", ""Brand"": ""Newflager"", ""Style"": ""Canning,Jar"", ""Shape"": ""Round"", ""Number of Pieces"": ""48"", ""Is Dishwasher Safe"": ""Yes"", ""Closure Type"": ""Lid"", ""Is Microwaveable"": ""Yes"", ""Package Dimensions"": ""8.11 x 5.28 x 0.67 inches"", ""Item Weight"": ""9.9 ounces"", ""Best Sellers Rank"": {""Kitchen & Dining"": 308980, ""Canning Lids"": 1164}, ""Date First Available"": ""January 10, 2021""}",B013QHI5XW,,,
,Psychedelic Celestial Indian Sun Hippie Hippy Tapestry Wall Hanging Throw Tie Dye Hippie Hippy Boho Bohemian Tye Die Hand-loomed Window Doorway Door Curtain,4.7,873,"['Cotton', 'Imported', 'MULTIPURPOSE - These Tapestries Can be used as Picnic Blanket, Bed Cover, Beach Towel, Yoga Mat, Table Cloth, Curtain and of course as a Tapestry or a Wall Hanging or Decor or Throw Beach, College Dorm Bedspread', 'COMPLETE MAKEOVER - Makes a great Wall Hanging, Wall Art, Wall Decor, Bohemian Bedding, Hippie/ Hippy Bedspread, Beach/ Picnic Blanket, Table Cloth, Yoga Mat, Room Divider, Ceiling Decor, Window Curtains or any Home Decor purposes.This conventional piece of art will make complete makeover of your wall or room or bed. It can also be used to make sections inside your house', ""ETHNIC FEELING- Adds a rich, pleasing and an ethnic feel to ceiling or wall of your room, dining, drawing hall or your bed. It's a part of proud Indian Traditional culture. These Tapestries are conversational piece of art."", 'MADE IN INDIA- 100% Cotton, made & printed in India. Size - 84X 85 Inches. Color- Multi, Design- Tie Dye Sun and moon Celestial Psychedelic Sun. A wonderful example of Indian craftsmanship.', 'WASH CARE - : Dry Cleaning Or Cold Water Wash, DO NOT BLEACH']","['This Tie Dye Celestial Sun and moon tapestry can be used for a wall hanging, a table cloth, a bedspread, Bedding , Bed cover, picnic blanket, beach towel, yoga mat, sofa cover, Couch cover, furniture throw, curtains, altar cloth, hung from the ceiling, home decor, and more.', 'Features:', 'This gorgeous tapestry can be used for a wall hanging, a table cloth, a bedspread, furniture throw, curtains, altar cloth, hung from the ceiling, home decor, and more.', '- The colors are vivid and the pattern will probably fit in most places.', '- It is a great size, has vibrant colors, and looks great on bedroom or dorm room wall!', ""- It's not too flimsy - The material is solid, the edges are finished, it isn't too thick or thin (though I suppose that depends what you want to use it for)."", '- The colors are prettier than some of the original pictures make them look..', '- The size is great. The measurements of tapestry is pretty accurate', '- Perfect to sit on the beach or hang on a wall. Pattern is clear, precise and even throughout.', ""Overall, you will be very pleased with this product and I think it's a"", 'GOOD BUY!', 'These Tapestries are completely screen printed in traditional Indian method . 100% Cotton - This tapestry are printed, not quilted or woven. They are hippie Indian tapestries. Thin as sheet. Good, tight power loom construction. Hemmed edges.', 'DISCLAIMER:', '- The original color of items which you buy may differ minutely from the images due to camera capture sensitivity, lighting & even your system screens, so there may be a minor possibility in change of brightness & contrast.', '- Depending on the size of products there may be dimension variation because products are made by hand', 'So hurry up', 'BUY NOW WHILE STOCK LASTS.!']",None,"{'hi_res': [None, None, None, None, None], 'large': ['https://m.media-amazon.com/images/I/61OWOzUeEOL._AC_.jpg', 'https://m.media-amazon.com/images/I/51bx2u-BdPL._AC_.jpg', 'https://m.media-amazon.com/images/I/611PzdByb5L._AC_.jpg', 'https://m.media-amazon.com/images/I/61S91J-zbzL._AC_.jpg', 'https://m.media-amazon.com/images/I/61WMuboz-vL._AC_.jpg'], 'thumb': ['https://m.media-amazon.com/images/I/61OWOzUeEOL._AC_US75_.jpg', 'https://m.media-amazon.com/images/I/51bx2u-BdPL._AC_US75_.jpg', 'https://m.media-amazon.com/images/I/611PzdByb5L._AC_US75_.jpg', 'https://m.media-amazon.com/images/I/61S91J-zbzL._AC_US75_.jpg', 'https://m.media-amazon.com/images/I/61WMuboz-vL._AC_US75_.jpg'], 'variant': ['MAIN', 'PT01', 'PT02', 'PT03', 'PT04']}","{'title': [], 'url': [], 'user_id': []}",Jaipur Handloom,"['Home & Kitchen', 'Home Décor Products', 'Tapestries']","{""Wall Art Form"": ""Tapestry"", ""Material"": ""Cotton"", ""Color"": ""Blue & Multi"", ""Style"": ""Bohemian"", ""Theme"": ""Beach,Boho,Hippie,Sun"", ""Product Dimensions"": ""11.1 x 6.4 x 0.8 inches"", ""Frame Type"": ""Unframed"", ""Number of Items"": ""1"", ""Brand"": ""Jaipur Handloom"", ""Pattern"": ""Tie Dye Good Morning Sun"", ""Shape"": ""Rectangular"", ""Item Weight"": ""14.4 ounces"", ""Orientation"": ""Landscape"", ""Frame Material"": ""Cotton"", ""Size"": ""Queen (84 x 85 in approx)"", ""Mounting Type"": ""Wall Mount"", ""Manufacturer"": ""Jaipur Handloom"", ""Item model number"": ""Q-Yellow-Chin"", ""Best Sellers Rank"": {""Home & Kitchen"": 1067707, ""Tapestries"": 5299}, ""Is Discontinued By Manufacturer"": ""No"", ""Fabric Type"": ""Cotton"", ""Number of pieces"": ""1"", ""Batteries required"": ""No"", ""Import"": ""Imported""}",B01KU4IFXO,,,
Tools & Home Improvement,Vintage Metal Iron Fruit Basket: Wire Vegetable Bowl for Bread and Snacks Decorative Fruits Veggie Egg Storage Holder for Countertop Kitchen Countertop Centerpiece Yellow,4,3,"['Features the handle and lightweight design, very convenient to carry or move.', 'The storage basket is very sturdy and durable and it can be used repeatedly.', 'Large- capacity to store your desktop sundries, such as remote controller, tissue, books, etc.', 'It comes with the proper size without taking up too much space. Can provide more convenience for you.', 'Perfect for the use in the home, kitchen, office, shop, supermarket and restaurant.']","['Description', 'Are you looking for a practical organizer? This storage basket is specially prepared for you. made of material, which can be used for the long time. Features the lightweight and handle design, very convenient to move. Large- capacity to store your desktop sundries, such as remote controller, tissue, books, stationery, etc.', 'Features', '- Color: Yellow.- Size: 21X15X15CM.- Material: Wood and stainless steel.- The storage basket is very sturdy and durable and it can be used repeatedly.- Features the handle and lightweight design, very convenient to carry or move.- It comes with the proper size without taking up too much space. Can provide more convenience for you.- Large- capacity to store your desktop sundries, such as remote controller, tissue, books, etc.- Perfect for the use in the home, kitchen, office, shop, supermarket and restaurant.', 'Package Including', '1 x Fruit Container']",None,"{'hi_res': ['https://m.media-amazon.com/images/I/71AVFj1QbtL._AC_SL1500_.jpg', 'https://m.media-amazon.com/images/I/71Obygb4TZL._AC_SL1500_.jpg', 'https://m.media-amazon.com/images/I/61rTE6toXsL._AC_SL1500_.jpg', 'https://m.media-amazon.com/images/I/81l+JV545JL._AC_SL1500_.jpg', 'https://m.media-amazon.com/images/I/71liA8f3c+L._AC_SL1500_.jpg', 'https://m.media-amazon.com/images/I/71lv4qlNNGL._AC_SL1500_.jpg', 'https://m.media-amazon.com/images/I/81tGa6Pnc0L._AC_SL1500_.jpg', 'https://m.media-amazon.com/images/I/71S2Kc0IcCL._AC_SL1500_.jpg', 'https://m.media-amazon.com/images/I/81csOWlmRaL._AC_SL1500_.jpg'], 'large': ['https://m.media-amazon.com/images/I/51EKSVqGGCL._AC_.jpg', 'https://m.media-amazon.com/images/I/51-SCbjXM4L._AC_.jpg', 'https://m.media-amazon.com/images/I/31JwvW8V0PL._AC_.jpg', 'https://m.media-amazon.com/images/I/51DeCbgOp4L._AC_.jpg', 'https://m.media-amazon.com/images/I/51Ct60nWYZL._AC_.jpg', 'https://m.media-amazon.com/images/I/51JGgyhiTyL._AC_.jpg', 'https://m.media-amazon.com/images/I/61z9XqgB4CL._AC_.jpg', 'https://m.media-amazon.com/images/I/51b+brFZV4L._AC_.jpg', 'https://m.media-amazon.com/images/I/51iWU8VmnaL._AC_.jpg'], 'thumb': ['https://m.media-amazon.com/images/I/51EKSVqGGCL._AC_US75_.jpg', 'https://m.media-amazon.com/images/I/51-SCbjXM4L._AC_US75_.jpg', 'https://m.media-amazon.com/images/I/31JwvW8V0PL._AC_US75_.jpg', 'https://m.media-amazon.com/images/I/51DeCbgOp4L._AC_US75_.jpg', 'https://m.media-amazon.com/images/I/51Ct60nWYZL._AC_US75_.jpg', 'https://m.media-amazon.com/images/I/51JGgyhiTyL._AC_US75_.jpg', 'https://m.media-amazon.com/images/I/61z9XqgB4CL._AC_US75_.jpg', 'https://m.media-amazon.com/images/I/51b+brFZV4L._AC_US75_.jpg', 'https://m.media-amazon.com/images/I/51iWU8VmnaL._AC_US75_.jpg'], 'variant': ['MAIN', 'PT01', 'PT02', 'PT03', 'PT04', 'PT05', 'PT06', 'PT07', 'PT08']}","{'title': [], 'url': [], 'user_id': []}",OSALADI,"['Home & Kitchen', 'Kitchen & Dining', 'Dining & Entertaining', 'Dinnerware & Serveware', 'Dinnerware', 'Bowls', 'Fruit Bowls']","{""Bowl Material"": ""Iron"", ""Number of Pieces"": ""1"", ""Brand"": ""OSALADI"", ""Color"": ""Yellow"", ""Style"": ""fashion"", ""Shape"": ""Basket,Bowl"", ""Included Components"": ""storage holder"", ""Pattern"": ""Solid"", ""Seasons"": ""All Seasons"", ""Is Dishwasher Safe"": ""No"", ""Is Microwaveable"": ""No"", ""Material"": ""Stainless Steel"", ""Product Dimensions"": ""8.27 x 5.91 x 5.91 inches"", ""Item Weight"": ""5 ounces"", ""Manufacturer"": ""OSALADI"", ""Item model number"": ""6616FCB210955"", ""Best Sellers Rank"": {""Kitchen & Dining"": 915235, ""Fruit Bowls"": 1733}, ""Date First Available"": ""October 20, 2021""}",B00563XRYM,,,
Amazon Home,"Wedding Guest Book, Y&K Homish, Drop Top Frame Sign in Book,Wooden Guest Book Hearts, Rustic Wedding Decorations and The Wedding Gift (White+Natural)",4.6,322,"['GUEST BOOK WEDDING SET – Looking for that unique guest book to greet your guests as they come in? Look no further!', 'MEMORIES ARE PIRCELESS – use this guestbook to hang on your wall after your event to always remember everyone that came and all the good memories that were made.', 'DETAILED LIST FOR PACKAGE – 15 inch x 13 inch white heart wooden guest book frame with acrylic glass; 65 - Wooden hearts (\xa0 Sign hearts)\xa01.37 inch x 1.26 inch +\xa040-Wooden hearts (Decoration hearts)\xa00.67 inch X 0.67 inch; Natural plywood stand; White Satin Pouch to place the hearts in', 'UNIQUE STYLE – Wooden Hearts where your guests can write their names and well wishes and drop on the frame. The EASY OPEN back allows you instant access to adjust the arrangement as needed after your event.', '\uf0d8100% SATISFACTION GUARANTEED – if you don’t love your guest book or have any issues, please return for 100% no questions asked refund or free exchange. NOTE: There is a protective plastic to prevent scratches on the acrylic glass.']","['Product description', 'Color:White+Red', 'The following is included in the package:', '- 15 inch x 13 inch white heart wooden guest book frame with acrylic glass', '- Natural plywood stand', '- White Satin Pouch to place the hearts in', '65 - Wooden hearts (\xa0 Sign hearts) 1.37 inch x 1.26 inch + 40-Wooden hearts (Decoration hearts) 0.67 inch X 0.67 inch', 'Product Features:', 'A stand to place the frame on at the day of the event and to display at home', 'Metal hooks to hang on your wall, never forget the love ones that came', 'Frame accomadates up to 55 hearts and 10 extra hearts for any mistakes', 'Does your event have more than 55 Guest? We have many customers that purchase 2!']",32.9,"{'hi_res': ['https://m.media-amazon.com/images/I/71jaHM6Fb2L._AC_SL1200_.jpg', 'https://m.media-amazon.com/images/I/61RPIqF-wWL._AC_SL1200_.jpg', 'https://m.media-amazon.com/images/I/71ObJzKAE7L._AC_SL1200_.jpg', 'https://m.media-amazon.com/images/I/51hPvyUBU3L._AC_SL1200_.jpg', 'https://m.media-amazon.com/images/I/61frtJsJ+fL._AC_SL1200_.jpg', 'https://m.media-amazon.com/images/I/61AYnuwrXEL._AC_SL1200_.jpg', 'https://m.media-amazon.com/images/I/51FWMKQdc5L._AC_SL1200_.jpg', 'https://m.media-amazon.com/images/I/51Nc7heYo7L._AC_SL1200_.jpg', 'https://m.media-amazon.com/images/I/71qC5bwoPgL._AC_SL1200_.jpg'], 'large': ['https://m.media-amazon.com/images/I/51fQeGIN4QL._AC_.jpg', 'https://m.media-amazon.com/images/I/41OwruZll+L._AC_.jpg', 'https://m.media-amazon.com/images/I/51VbchdbIIL._AC_.jpg', 'https://m.media-amazon.com/images/I/31yHq697t1L._AC_.jpg', 'https://m.media-amazon.com/images/I/4163BvGNASL._AC_.jpg', 'https://m.media-amazon.com/images/I/31TSK2oafGL._AC_.jpg', 'https://m.media-amazon.com/images/I/31SPdZ8LLVL._AC_.jpg', 'https://m.media-amazon.com/images/I/319fhyDJ-oL._AC_.jpg', 'https://m.media-amazon.com/images/I/51YHEdxF33L._AC_.jpg'], 'thumb': ['https://m.media-amazon.com/images/I/51fQeGIN4QL._AC_US75_.jpg', 'https://m.media-amazon.com/images/I/41OwruZll+L._AC_US75_.jpg', 'https://m.media-amazon.com/images/I/51VbchdbIIL._AC_US75_.jpg', 'https://m.media-amazon.com/images/I/31yHq697t1L._AC_US75_.jpg', 'https://m.media-amazon.com/images/I/4163BvGNASL._AC_US75_.jpg', 'https://m.media-amazon.com/images/I/31TSK2oafGL._AC_US75_.jpg', 'https://m.media-amazon.com/images/I/31SPdZ8LLVL._AC_US75_.jpg', 'https://m.media-amazon.com/images/I/319fhyDJ-oL._AC_US75_.jpg', 'https://m.media-amazon.com/images/I/51YHEdxF33L._AC_US75_.jpg'], 'variant': ['MAIN', 'PT01', 'PT02', 'PT03', 'PT04', 'PT05', 'PT06', 'PT07', 'PT08']}","{'title': ['Y&K Homish heart wedding decor  rustic theme Anniversaries', 'Premium Guestbook Alternative with all the trimmings', 'Wedding Guest Book Alternative, Personalized DIY Drop Box', 'remember all the good memories', 'Guest Book for Wedding Anniversaries Birthday party Special', 'Wedding Guest Book', 'Wedding Guest Book Alternative Wedding Book for Reception', 'Wedding Guest Book Alternative with 200 Pcs Hearts', 'What is the quality of JupDec heart drop frame?', 'HYMENEX Wedding Guest Book'], 'url': ['https://www.amazon.com/vdp/0f5f256eb4e444d5a561b79d65ea4c20?ref=dp_vse_rvc_0', 'https://www.amazon.com/vdp/016959fdbc2e4f729b68d733950998d7?ref=dp_vse_rvc_1', 'https://www.amazon.com/vdp/0d46d2c394074221a57e5ef5896a2928?ref=dp_vse_rvc_2', 'https://www.amazon.com/vdp/0677bdb0151e41a4992dcbefea6ae386?ref=dp_vse_rvc_3', 'https://www.amazon.com/vdp/014bd93769364bb49ec99f3b0fda293c?ref=dp_vse_rvc_4', 'https://www.amazon.com/vdp/c1ce2c3f5dd4407ba05384062d3dd38a?ref=dp_vse_rvc_5', 'https://www.amazon.com/vdp/087740215ff841c2918bd8e14421c70b?ref=dp_vse_rvc_6', 'https://www.amazon.com/vdp/010313d548d44947ace9d7d501e548fc?ref=dp_vse_rvc_7', 'https://www.amazon.com/vdp/02ef866ee378483ba95adb9bc91de255?ref=dp_vse_rvc_8', 'https://www.amazon.com/vdp/0fced1ca98e44048be8337b22c28263c?ref=dp_vse_rvc_9'], 'user_id': ['', '', '', '/shop/mdomer8', '', '', '', '', '', '']}",Y&K Molish,"['Home & Kitchen', 'Event & Party Supplies', 'Decorations', 'Guestbooks']","{""Brand"": ""Y&K Molish"", ""Color"": ""White+natural"", ""Product Dimensions"": ""15\""L x 13\""W"", ""Shape"": ""Heart"", ""Mounting Type"": ""Wall Mount"", ""Frame Material"": ""Plastic"", ""Finish Type"": ""Natural"", ""Style"": ""Rustic"", ""Special Feature"": ""Easel Back"", ""Target Audience"": ""Unisex Adult"", ""Cover Material"": ""Acrylic"", ""Unit Count"": ""1 Count"", ""Item Weight"": ""1.65 pounds"", ""Manufacturer"": ""QiMao"", ""Best Sellers Rank"": {""Office Products"": 194967, ""Guestbooks"": 838}, ""Finish types"": ""Natural"", ""Batteries required"": ""No""}",B0C9MR8QCZ,,,
Amazon Home,"Dear Dad, Thanks For Being My Dad. If I Had a Different Dad, I'd Kick Him Right In the Nuts and Go Find You! Love, Your Favorite - 11 oz Funny Coffee Mug. Great gift for father from Smashed Banana",4.8,4,"['The Perfect Gift Idea For Dad: A great, funny gift to make any father, grandfather, grandpa, friend, or family member laugh! Nothing better than joking about kicking someone right in the nuts!', 'Built To Last: Our 11-Ounce White Ceramic Mug is created to last. Due to the inks being fired on, the coffee mug is both Microwave and Dishwasher safe, and the print is guaranteed to stay bold.', 'Artwork is printed on both sides so no matter which hand you like to drink your coffee with, everyone will see that your favorite child would do to another dad!', 'Ready to gift: Smashed Banana coffee mugs are packaged in a white ready-to-gift box with tissue paper to keep the mug secure. It is guaranteed to arrived safely and ready to gift right out of the box.', ""Sure to get a laugh from your dad for Father's Day, Birthday, Christmas, Anniversary, or just because you want to say I love you!""]","[""The Dear Dad, Thanks for being my dad... coffee mug from Smashed Banana is made out of high quality ceramic and has inks that are fired on at temperatures of up to 1,200 degrees. This means that the print is guaranteed to last and is both microwave and dishwasher safe, so that you can use your new coffee mug for years to come. This mug is 11 ounces of pure fun ready to be shipped to your door. Let your dad know what lengths you would go through to get back to him if you somehow ended up with another dad!If you're looking for a great gift for your dad, you're in luck. Every Smashed Banana mug is packaged in a white ready-to-gift box, which means that it is ready to give straight out of the box whether you want to give it in person or have it shipped directly to your lucky recipient. Please check out Smashed Banana for other great gift ideas for graduation, Mother's Day, Father's Day, Easter, office parties, Christmas, a new job, or any other joyous occasion. These unique gifts are perfect to put a smile on the face of your parents, coworkers, boss, brother, sister, husband, wife, boyfriend, girlfriend, son, daughter, grandma, grandpa, grandson or granddaughter. If you have any questions or concerns, contact us anytime. We are always happy to answer any questions you might have.""]",None,"{'hi_res': ['https://m.media-amazon.com/images/I/81Td2Iw6UqL._AC_SL1500_.jpg', 'https://m.media-amazon.com/images/I/81bd-vxMsgL._AC_SL1500_.jpg', None], 'large': ['https://m.media-amazon.com/images/I/41EzmYlWN3L._AC_.jpg', 'https://m.media-amazon.com/images/I/51spF5t0LGL._AC_.jpg', 'https://m.media-amazon.com/images/I/51clJ34hkAL._AC_.jpg'], 'thumb': ['https://m.media-amazon.com/images/I/41EzmYlWN3L._AC_US75_.jpg', 'https://m.media-amazon.com/images/I/51spF5t0LGL._AC_US75_.jpg', 'https://m.media-amazon.com/images/I/51clJ34hkAL._AC_US75_.jpg'], 'variant': ['MAIN', 'PT01', 'PT02']}","{'title': [], 'url': [], 'user_id': []}",Smashed Banana,"['Home & Kitchen', 'Kitchen & Dining', 'Dining & Entertaining', 'Novelty', 'Drinkware', 'Coffee Mugs']","{""Brand"": ""Smashed Banana"", ""Material"": ""Ceramic"", ""Color"": ""White"", ""Capacity"": ""11 Ounces"", ""Theme"": ""Funny,Love"", ""Occasion"": ""Easter, Mother's Day, Graduation, Christmas, Anniversary, Father's Day, Birthday"", ""Product Care Instructions"": ""Dishwasher_safe"", ""Unit Count"": ""1 Count"", ""Package Dimensions"": ""4.8 x 4.49 x 4.41 inches"", ""Item Weight"": ""15.2 ounces"", ""Manufacturer"": ""Smashed Banana"", ""Is Discontinued By Manufacturer"": ""No"", ""Date First Available"": ""July 12, 2017""}",B0BVKBXGRG,,,
Amazon Home,"Silicone Soap Dish with Drain, 2 Pcs Bar Soap Holder for Shower/Bathroom, Self Draining Waterfall Soap Tray to Keep Soap Dry Clean",2.9,4,"['【Automatic Drainage】Our 2 pack silicone soap dish uses a unique drainage design can drain water quickly. keep clean & dry in your bathroom vanity countertop/ kitchen. Put it on the edge of your bathroom or kitchen sink or bathtub.', '【Super Premium Silicone】This soap dish is made of high-quality silicone, which is great texture/eco-friendly/flexible/non-toxic.', ""【Easy to Clean & Anti-slip】 Any angle of the soap dish silicone is easy to clean. The anti-slip silicone salient points provide plenty of friction, the soap dish doesn't fall into the sink and neither does the soap."", '【Multifunction】: Suitable for bathroom/bathtub/shower/kitchen sink. Soap, kitchen sponge and brush can be put on it.', '【Perfect Choice & Customer Service】It looks minimalist/Modern/stylish, which fits any color theme of the bathroom. And if there is any problem with our product, just contact us. We will offer you a full refund or a replacement.']","['Silicone Soap Dish with Drain, 2 Pcs Bar Soap Holder for Shower/Bathroom, Self Draining Waterfall Soap Tray to Keep Soap Dry Clean', 'Soap Dish with Drain Make Life Simple', 'Self-Draining Design', 'Automatically drain the excess water back into the sink when you place them on the edge. Keeps soap dry and clean.', 'Easy to Clean', 'Silicone is soft and flexible, outstanding texture, bar soap dish easy to clean and has a sharp, contemporary decorative style!', 'Prevent Mildew', 'Because soap dish for shower is made of high-quality silicone, it will not get wet and moldy.', 'Durable silicone soap dish with drain', 'Soap dish drain is durable for many years of use! These soap holders are going to be handy counter organizers! Unlike some plastic soap case which is easy to splinter into little pieces the day after you get it home.', 'kids can rest assured to use it. Since it is soft and durable, you never worry about it will break or hurt other items.', 'Anti-slip self draining soap dish', ""The anti-slip silicone salient points provide plenty of friction, the soap dish doesn't fall into the sink and neither does the soap.Anti-skid on the back for more Stable"", 'Package Contents:', 'Pack of 2 Soap Dishes']",9.7,"{'hi_res': ['https://m.media-amazon.com/images/I/51W83RlwH8L._AC_SL1414_.jpg', 'https://m.media-amazon.com/images/I/51-FDVbMW0L._AC_SL1500_.jpg', 'https://m.media-amazon.com/images/I/6125xg-ygtL._AC_SL1500_.jpg', 'https://m.media-amazon.com/images/I/618LfPabfrL._AC_SL1500_.jpg', 'https://m.media-amazon.com/images/I/613O6AejjFL._AC_SL1500_.jpg', 'https://m.media-amazon.com/images/I/61KW2SJM1ML._AC_SL1500_.jpg', 'https://m.media-amazon.com/images/I/61GaNhwfTTL._AC_SL1500_.jpg'], 'large': ['https://m.media-amazon.com/images/I/3189+9Rql2L._AC_.jpg', 'https://m.media-amazon.com/images/I/315QuOlGZfL._AC_.jpg', 'https://m.media-amazon.com/images/I/41R50X8jNJL._AC_.jpg', 'https://m.media-amazon.com/images/I/41MkBvTZivL._AC_.jpg', 'https://m.media-amazon.com/images/I/41Z-CYw7KPL._AC_.jpg', 'https://m.media-amazon.com/images/I/412tgDY2dzL._AC_.jpg', 'https://m.media-amazon.com/images/I/41ZPEezQs3L._AC_.jpg'], 'thumb': ['https://m.media-amazon.com/images/I/3189+9Rql2L._AC_US75_.jpg', 'https://m.media-amazon.com/images/I/315QuOlGZfL._AC_US75_.jpg', 'https://m.media-amazon.com/images/I/41R50X8jNJL._AC_US75_.jpg', 'https://m.media-amazon.com/images/I/41MkBvTZivL._AC_US75_.jpg', 'https://m.media-amazon.com/images/I/41Z-CYw7KPL._AC_US75_.jpg', 'https://m.media-amazon.com/images/I/412tgDY2dzL._AC_US75_.jpg', 'https://m.media-amazon.com/images/I/41ZPEezQs3L._AC_US75_.jpg'], 'variant': ['MAIN', 'PT01', 'PT02', 'PT03', 'PT04', 'PT05', 'PT06']}","{'title': [], 'url': [], 'user_id': []}",HLZ,"['Home & Kitchen', 'Bath', 'Bathroom Accessories', 'Holders & Dispensers', 'Soap Dishes']","{""Package Dimensions"": ""5.2 x 4.9 x 1.3 inches"", ""Item Weight"": ""4.8 ounces"", ""Manufacturer"": ""HLZ"", ""Best Sellers Rank"": {""Home & Kitchen"": 4042894, ""Bathroom Soap Dishes"": 4593}, ""Date First Available"": ""December 18, 2020"", ""Material"": ""Silicone"", ""Brand"": ""HLZ"", ""Mounting Type"": ""Tabletop"", ""Number of Pieces"": ""2""}",B08KVN4NS3,,,
Amazon Home,"Bosszi Paper Towel Holder Under Cabinet Kitchen Roll Dispenser Holder, No Drilling Needed Wall Mounted Self Adhesive Tissue Roll Hanger 304 Stainless Steel Brushed",5,3,[],[],None,"{'hi_res': ['https://m.media-amazon.com/images/I/51vWHTgoAbL._AC_SL1000_.jpg', 'https://m.media-amazon.com/images/I/61a+VWS7wNL._AC_SL1000_.jpg', 'https://m.media-amazon.com/images/I/518s99J06CL._AC_SL1000_.jpg', 'https://m.media-amazon.com/images/I/61JSWcFzXvL._AC_SL1000_.jpg', 'https://m.media-amazon.com/images/I/51VQVAJaDML._AC_SL1000_.jpg', 'https://m.media-amazon.com/images/I/61F0bDGHI+L._AC_SL1000_.jpg', 'https://m.media-amazon.com/images/I/51-5iuu6bqL._AC_SL1000_.jpg'], 'large': ['https://m.media-amazon.com/images/I/31clYsJvKbL._AC_.jpg', 'https://m.media-amazon.com/images/I/51-Zu9ZLA+L._AC_.jpg', 'https://m.media-amazon.com/images/I/41YzkQfi2zL._AC_.jpg', 'https://m.media-amazon.com/images/I/51AVqwq0AHL._AC_.jpg', 'https://m.media-amazon.com/images/I/41SNb+h1PEL._AC_.jpg', 'https://m.media-amazon.com/images/I/41VjiaKZNYL._AC_.jpg', 'https://m.media-amazon.com/images/I/41mSsPWJ8AL._AC_.jpg'], 'thumb': ['https://m.media-amazon.com/images/I/31clYsJvKbL._AC_US75_.jpg', 'https://m.media-amazon.com/images/I/51-Zu9ZLA+L._AC_US75_.jpg', 'https://m.media-amazon.com/images/I/41YzkQfi2zL._AC_US75_.jpg', 'https://m.media-amazon.com/images/I/51AVqwq0AHL._AC_US75_.jpg', 'https://m.media-amazon.com/images/I/41SNb+h1PEL._AC_US75_.jpg', 'https://m.media-amazon.com/images/I/41VjiaKZNYL._AC_US75_.jpg', 'https://m.media-amazon.com/images/I/41mSsPWJ8AL._AC_US75_.jpg'], 'variant': ['MAIN', 'PT01', 'PT02', 'PT03', 'PT04', 'PT05', 'PT06']}","{'title': [], 'url': [], 'user_id': []}",Bosszi,[],"{""Package Dimensions"": ""14.13 x 4.29 x 1.93 inches"", ""Item Weight"": ""1.11 pounds"", ""Date First Available"": ""June 12, 2019""}",B08F4JRTFR,,,
Amazon Home,"LUCKYHOUSEHOME Checked Lattice Tablecloth Embroidery Tassel Table Cover for Home Kitchen Dinning Tabletop Rectangle 55 x 70 Inch, Gray",4.6,1488,"['Size: Approx. 55 x 70 inches (140 x 180 cm)', 'Pattern: Elegance solid embroidery lattice pattern & good protection for the table', 'Home Decoration: Suitable for most tables, ideal for patio, gardens, kitchen room, dining room, family parties, banquets and other occasions', 'Care Instructions: Machine wash cold delicate, hand wash best; lay flat to dry.', 'Please click ""LUCKYHOUSEHOME"" to see more tablecloths']","['Different sizes are available  Pattern: Elegance solid embroidery lattice pattern & good protection for the table Home Decoration: Suitable for most tables, ideal for patio, gardens, kitchen room, dining room, family parties, banquets and other occasions Care Instructions: Machine wash cold delicate, hand wash best; lay flat to dry. Please click ""LUCKYHOUSEHOME"" to see more tablecloths']",16.99,"{'hi_res': ['https://m.media-amazon.com/images/I/81eVIvEvONL._AC_SL1500_.jpg', 'https://m.media-amazon.com/images/I/816uZdaeoDL._AC_SL1500_.jpg', 'https://m.media-amazon.com/images/I/81jzSIJJhGL._AC_SL1500_.jpg', 'https://m.media-amazon.com/images/I/81saDE8SLKL._AC_SL1500_.jpg', 'https://m.media-amazon.com/images/I/818A2+sLkvL._AC_SL1500_.jpg', 'https://m.media-amazon.com/images/I/91avXk6ygQL._AC_SL1500_.jpg', 'https://m.media-amazon.com/images/I/91GQ3SUm23L._AC_SL1500_.jpg', 'https://m.media-amazon.com/images/I/91EulX0ZdXL._AC_SL1500_.jpg'], 'large': ['https://m.media-amazon.com/images/I/51jLbk4gjDL._AC_.jpg', 'https://m.media-amazon.com/images/I/51VnIsC3p-L._AC_.jpg', 'https://m.media-amazon.com/images/I/51742sNAG6L._AC_.jpg', 'https://m.media-amazon.com/images/I/51zGnJEHxVL._AC_.jpg', 'https://m.media-amazon.com/images/I/51KLBvEQ0DL._AC_.jpg', 'https://m.media-amazon.com/images/I/61tcSOM10sL._AC_.jpg', 'https://m.media-amazon.com/images/I/61XBPoUWHqL._AC_.jpg', 'https://m.media-amazon.com/images/I/615qdhGqjjL._AC_.jpg'], 'thumb': ['https://m.media-amazon.com/images/I/51jLbk4gjDL._AC_US75_.jpg', 'https://m.media-amazon.com/images/I/51VnIsC3p-L._AC_US75_.jpg', 'https://m.media-amazon.com/images/I/51742sNAG6L._AC_US75_.jpg', 'https://m.media-amazon.com/images/I/51zGnJEHxVL._AC_US75_.jpg', 'https://m.media-amazon.com/images/I/51KLBvEQ0DL._AC_US75_.jpg', 'https://m.media-amazon.com/images/I/61tcSOM10sL._AC_US75_.jpg', 'https://m.media-amazon.com/images/I/61XBPoUWHqL._AC_US75_.jpg', 'https://m.media-amazon.com/images/I/615qdhGqjjL._AC_US75_.jpg'], 'variant': ['MAIN', 'PT01', 'PT02', 'PT03', 'PT04', 'PT05', 'PT06', 'PT07']}","{'title': ['Rustic Checkered Round Tablecloth', 'TEWENE Cotton Linen Tassel Table Cloth', 'HOMECOOL Small tablecloth , Multiple use , Easy to clean.'], 'url': ['https://www.amazon.com/vdp/0c233571db9c45a19dd0cf70b29706d9?ref=dp_vse_rvc_0', 'https://www.amazon.com/vdp/9c04ceb4ad564ac884e95ce6ee95b2f0?ref=dp_vse_rvc_1', 'https://www.amazon.com/vdp/0c099096e87d41f59a9ba21d654b4ba0?ref=dp_vse_rvc_2'], 'user_id': ['', '', '']}",LUCKYHOUSEHOME,"['Home & Kitchen', 'Kitchen & Dining', 'Kitchen & Table Linens', 'Tablecloths']","{""Brand"": ""LUCKYHOUSEHOME"", ""Color"": ""Light Grey"", ""Material"": ""Linen, Cotton"", ""Product Dimensions"": ""70\""L x 55\""W"", ""Shape"": ""Rectangular"", ""Pattern"": ""Checkered"", ""Occasion"": ""Birthday"", ""Size"": ""Rectangle, 55 in x 70 in"", ""Number of Sets"": ""1"", ""Product Care Instructions"": ""Machine Wash"", ""Unit Count"": ""1 Count"", ""Fabric Type"": ""Cotton_blend"", ""Corner Style"": ""Pleated"", ""Number of Items"": ""1"", ""Package Dimensions"": ""10.31 x 9.69 x 2.8 inches"", ""Item Weight"": ""1.84 pounds"", ""Manufacturer"": ""LUCKYHOUSEHOME"", ""Country of Origin"": ""China"", ""Best Sellers Rank"": {""Kitchen & Dining"": 42007, ""Tablecloths"": 1057}, ""Date First Available"": ""November 9, 2018""}",B0BTK8X2LY,,,
Amazon Home,Proud Parent Of a Chow Chow,2,1,"['Chow Chow Coffee Mug - To show that person how special he/she is, get him/her this coffee mug.', ""Highest Quality - You don't have to worry about our mugs getting broken in the dishwasher or microwave, they are made from the best ceramics."", 'Great Chow Chow Gift - this coffee mug is a great gift during birthdays, wedding anniversaries, graduation, celebrating friendships and the likes.', 'Printed with Superior Ceramic Inks - A Truly Permanent Imprint That Will Never Fade Or Lose Its Glow.', 'Shipped from USA - The styrofoam casing guarantees it is shipped in perfect piece.']","[""Chow Chow Coffee Mug makes for elegant gifts that speaks of a person's uniqueness. Don't sweat over the right gifts! This mug is beautiful as it is durable; a great gift to give a loved one. The universal acceptance of a coffee mug as gift makes it a preferred gift choice, and this mug, is an excellent gift to the one you care about. Aside it being a universal gift item, you take the bar notches higher by filling the mugs with coffee samples, special tea samples for their enjoyment and even candy. Isn't that sweet! Wouldn't you want to make that special person happy? Get the Mug before it runs out!""]",12.95,"{'hi_res': ['https://m.media-amazon.com/images/I/513XL8zA2AL._AC_SL1200_.jpg', 'https://m.media-amazon.com/images/I/51j8la51UpL._AC_SL1200_.jpg'], 'large': ['https://m.media-amazon.com/images/I/316T4IhZjoL._AC_.jpg', 'https://m.media-amazon.com/images/I/31ULFHWDi+L._AC_.jpg'], 'thumb': ['https://m.media-amazon.com/images/I/316T4IhZjoL._AC_US75_.jpg', 'https://m.media-amazon.com/images/I/31ULFHWDi+L._AC_US75_.jpg'], 'variant': ['MAIN', 'PT01']}","{'title': [], 'url': [], 'user_id': []}",Generic,"['Home & Kitchen', 'Kitchen & Dining', 'Dining & Entertaining', 'Novelty', 'Drinkware', 'Coffee Mugs']","{""Brand"": ""Generic"", ""Material"": ""Ceramic"", ""Color"": ""White"", ""Theme"": ""Wedding"", ""Occasion"": ""Graduation,Birthdays,Wedding"", ""Product Care Instructions"": ""Machine Wash, Microwave\u00a0Safe, Hand Wash Only"", ""Unit Count"": ""1 Count"", ""Manufacturer"": ""Gearbubble"", ""Best Sellers Rank"": {""Kitchen & Dining"": 1797065, ""Novelty Coffee Mugs"": 209265, ""Glassware & Drinkware"": 431843}, ""Date First Available"": ""February 15, 2020""}",B07QLLY2F7,,,
Amazon Home,"TangDepot, Set of 2 Soft Plush Velvet Big Striped Corduroy Solid Decorative Throw Pillow Covers, Square Pillow Covers - (18""x18"" 2 Pieces, A10 Navy Blue)",4.6,1644,"[""Quantity, Quality and Trademark: Pack of 2 TangDepot decorative throw pillow cover (NOTE: ONLY COVERS, INSERT NOT INCLUDED). TangDepot is a registered trademark. We bring you High Quality Soft Velvet Big Striped Corduroy Solid Pillow Covers at an Affordable Price. We use the most advanced sewing technology to produce the ideal throw pillow covers. It's made to last and doesn't lose its luxurious softness even after months of use."", 'Size, Color & Design: 18""x18"", A10 Navy Blue. Both the front and the back have the same color and velvet fabric. We use a Higher-than-industry standard production process. Each pillow case is 0.2 inch - 0.4 inch larger than the indicated size. CHOOSE THE RIGHT SIZE: 18x18 inch pillow covers / cousion covers are suitable for 18x18 inch (about 45cm x 45cm) pillow cores and 17x17 inch pillow cores, whether full or not full pillow inners', 'Soft, Textured and Durable: luxurious plush velvet material for super softness. Made with color matching invisible zipper and allows easy insertion and removal of pillow inserts. All fabric edges are sewn with zigzag overlock stitch to prevent fray and ensure durability. EASY CARE - Machine wash cold, tumble dry on low temperature. Avoid direct heat. No Iron. Wash water does not fade.', 'BROAD USE: TangDepot offer the most size options on the web, from 12 inch square to 28 inch square, and Rectangular lumbar pillow covers for a variety of application scenarios. The fabulous colors and embossed decorative throw pillow covers lets you effortlessly add a touch of luxury to your home decor. Feeling to your rooms making it the perfect decoration for your sofa, couch and bed. It also perfect gift for your family and friends.', 'LIFETIME GUARANTEE - TangDepot provide the absolute best customer service in the industry, 100% customer satisfaction guaranteed or full refund. We love our customers and take pride in providing a pleasant shopping experience. If for any reason you decide that pillow covers you ordered are not for you, contact us and receive a 100% money-back refund, no questions asked (in fact, you do not even have to return the pillow covers). Try one and you will fall in love with this soft throw pillow cover']",[],12.86,"{'hi_res': ['https://m.media-amazon.com/images/I/91aCu-0jnPL._AC_SL1500_.jpg', 'https://m.media-amazon.com/images/I/81csOB360eL._AC_SL1500_.jpg', 'https://m.media-amazon.com/images/I/91OFetglmDL._AC_SL1500_.jpg', 'https://m.media-amazon.com/images/I/81lfZYWlUvL._AC_SL1500_.jpg'], 'large': ['https://m.media-amazon.com/images/I/51N8ifkPFkL._AC_.jpg', 'https://m.media-amazon.com/images/I/51pCi9os+uL._AC_.jpg', 'https://m.media-amazon.com/images/I/41DgrNjwGoL._AC_.jpg', 'https://m.media-amazon.com/images/I/410Hg7XIXAL._AC_.jpg'], 'thumb': ['https://m.media-amazon.com/images/I/51N8ifkPFkL._AC_US75_.jpg', 'https://m.media-amazon.com/images/I/51pCi9os+uL._AC_US75_.jpg', 'https://m.media-amazon.com/images/I/41DgrNjwGoL._AC_US75_.jpg', 'https://m.media-amazon.com/images/I/410Hg7XIXAL._AC_US75_.jpg'], 'variant': ['MAIN', 'PT01', 'PT02', 'PT03']}","{'title': ['JIAHANNHA throw pillow covers pack of 2', 'Velvet Throw Pillow Covers', 'Home Brilliant Throw Pillow Covers Set Review', 'Honest Review About This Throw Pillow Covers'], 'url': ['https://www.amazon.com/vdp/0620ab691fb84ba9ac3e6e9f1ae0ef8f?ref=dp_vse_rvc_0', 'https://www.amazon.com/vdp/083bc590a4374e0983e2da8e1f911be4?ref=dp_vse_rvc_1', 'https://www.amazon.com/vdp/07e2ced79074497ca05b3fe94b49496f?ref=dp_vse_rvc_2', 'https://www.amazon.com/vdp/0fdbe30a3cca4559a2596699d07c85e8?ref=dp_vse_rvc_3'], 'user_id': ['', '', '/shop/kurdifaisal', '/shop/kurdifaisal']}",TangDepot,"['Home & Kitchen', 'Bedding', 'Decorative Pillows, Inserts & Covers', 'Throw Pillow Covers']","{""Pattern"": ""Solid"", ""Material"": ""Velvet"", ""Color"": ""A10 Navy Blue"", ""Product Dimensions"": ""18\""L x 2\""W"", ""Style"": ""Art Deco"", ""Brand"": ""TangDepot"", ""Shape"": ""Square"", ""Number of Items"": ""2"", ""Special Feature"": ""Fade Resistant"", ""Number of Pieces"": ""2"", ""Product Care Instructions"": ""Machine Wash"", ""Occasion"": ""Home"", ""Closure Type"": ""Zipper"", ""Recommended Uses For Product"": ""Home"", ""Item Weight"": ""10.2 ounces"", ""Item model number"": ""FBA-TPCover-WCorduroy-18x182PiecesA10Nav"", ""Best Sellers Rank"": {""Home & Kitchen"": 41215, ""Throw Pillow Covers"": 278}, ""Date First Available"": ""June 4, 2020""}",B082VKT4ZZ,,,
Amazon Home,"Fastorm Large Storage Bag Closet Organizers for Cloth, Blankets, Quits, Comforter with Large Clear Window, 2 Piece Set, Dark Grey",4.1,45,"['Large Size & Foldable Closet Organizer - 23*15*14"", perfect for storing full comforter, seasonal clothes, blankets, sheet sets, holiday decorations, etc. Collapsible design folds flat as 11.5*10*2.8"" when not in use', 'Special Material - Made of durable polypropylene fabric - waterproof, moisture-proof, protects items from dust and smell for storage under bed or on the attic', 'Clear Window Panels- Easy to identify what is inside without open it up or take it down', 'Dual Zippers & Reinforced Handles - easy to zip and unzip / 2 sewn-in loop carry handles besides for easy lifting, stacking, or transporting for long term storage between seasons or daily access', 'Multipurpose Storage - Not only for under the bed, inside the closets, on the shelf, down the attic stairs, any apartment with limited space to spare, also for piling up stuff in the trunk of the car when traveling or moving']",[],None,"{'hi_res': ['https://m.media-amazon.com/images/I/71m0vzW+ASL._AC_SL1400_.jpg', None, None, None, None, None, None], 'large': ['https://m.media-amazon.com/images/I/41+tIcXcrDL._AC_.jpg', 'https://m.media-amazon.com/images/I/41Y+dFdAX7L._AC_.jpg', 'https://m.media-amazon.com/images/I/518fYmFsupL._AC_.jpg', 'https://m.media-amazon.com/images/I/51OI35K3FmL._AC_.jpg', 'https://m.media-amazon.com/images/I/412XA0wLD2L._AC_.jpg', 'https://m.media-amazon.com/images/I/512zBl5oplL._AC_.jpg', 'https://m.media-amazon.com/images/I/412m9NKJiKL._AC_.jpg'], 'thumb': ['https://m.media-amazon.com/images/I/41+tIcXcrDL._AC_US75_.jpg', 'https://m.media-amazon.com/images/I/41Y+dFdAX7L._AC_US75_.jpg', 'https://m.media-amazon.com/images/I/518fYmFsupL._AC_US75_.jpg', 'https://m.media-amazon.com/images/I/51OI35K3FmL._AC_US75_.jpg', 'https://m.media-amazon.com/images/I/412XA0wLD2L._AC_US75_.jpg', 'https://m.media-amazon.com/images/I/512zBl5oplL._AC_US75_.jpg', 'https://m.media-amazon.com/images/I/412m9NKJiKL._AC_US75_.jpg'], 'variant': ['MAIN', 'PT01', 'PT02', 'PT03', 'PT04', 'PT05', 'PT06']}","{'title': [], 'url': [], 'user_id': []}",Fastorm,"['Home & Kitchen', 'Storage & Organization', 'Clothing & Closet Storage', 'Mounted Closet Systems']","{""Brand"": ""Fastorm"", ""Color"": ""2 Pack - One Section - Grey"", ""Material"": ""Polypropylene"", ""Product Dimensions"": ""23\""L x 15\""W x 14\""H"", ""Closure Type"": ""Zipper"", ""Water Resistance Level"": ""Waterproof"", ""Opening Mechanism"": ""Zipper"", ""Shape"": ""Rectangular"", ""Pattern"": ""Solid"", ""Number of Items"": ""2"", ""Package Dimensions"": ""12.76 x 10.24 x 2.2 inches"", ""Item Weight"": ""13.6 ounces"", ""Is Discontinued By Manufacturer"": ""No"", ""Number of pieces"": ""2"", ""Batteries required"": ""No""}",B078NWLG1P,,,
Amazon Home,Kiuree Farmhouse Decorative Throw Pillow Covers 18x18 inch Cute Faux Stripe Leather Accent Pillow for Couch Boho Modern Decor Pillow (Coffee),4.6,531,"['Material & Package: Medium Weight Cotton with Faux Leather Accent, 18x18 inch couch pillows for living room. (Please note: Only Pillow Cover, no filler)', 'Minimalist & Class: Brighten the your home with this Leather Striped Pillow Cover. Brown leather in bold hues form the central band – make a cute style for this stripe throw pillow cover.', 'Mix & Match: Classic bold stripe in black and white become a dramatic neutral, making it easy to mix and match with solids and prints. Clean, structured lines add a touch of simplicity to your outdoor style with these farmhouse pillow covers. The trendy design makes it a cute and classic accent to any type of decor – from contemporary to rustic to farmhouse.', 'High Crafted : Our cushion pillow case made with double stitching to avoid fraying and ripping. And the zipper is strengthened. It will be more durable. Each pillow cover made with premium quality, handcrafted with premium polyester fabrics that resist weather and fading in sunlight. 100% safe materials, Please feel free to purchase', 'Modern Home Decor: This boho throw pillow is top quality scandinavian home decor for your sweet home. Can be used in your living room or in the bedroom. brings a designer touch to your home decoration. The perfect collaboration of decorative throw covers for living rooms, bedrooms, nurseries, or even commercial use in hotels, lobbies, spas, or doctor’s offices, indoor & outdoor, etc. Leather throw pillow will last you many fun occasions and seasons to come.']","['Kiuree is a creative brand in home decor industry to make your life more colorful.', 'Classic bold stripe in black and white become a dramatic neutral, making it easy to mix and match with solids and prints. Clean, structured lines add a touch of simplicity to your outdoor style with these farmhouse pillow covers. The trendy design makes it a cute and classic accent to any type of decor – from contemporary to rustic to farmhouse.', 'Feature:', '★Material：90% cotton+10% faux leather ★Double-Side Stripe Design ★Double Stitched and Serged in all hems ★Cotton yarn-dyed fabric, not printed stripe. ★Invisible zipper', 'Please Note', '★Only Pillow Cover, Not including pillow insert ★Washing tip: Wash it with cold water and let it air dry ★The color may vary slightly because of different screens display ★May have 1-2 cm deviation because of handmade', 'Reasonable price', ""Add finishing touch to any room with these high end quality pillow covers and easily establish the minimal and fashion feel while you don't need breaking the bank account"", 'Easy to Match', 'Classic stripe can match any home style,like farmhouse and contemporary, minimalist, eclectic, bohemian ,or modern design styles. With a brown leather in bold hues form the central band – a perfect accent for bright, sunshiny days.', 'Usage scenarios', 'Suitable for sofa,bed,home decor,office.change the decor of your room without throwing out your used old expensive pillow.', 'Thank you choose Kiuree Farmhouse Ticking Decorative Throw Pillow Covers 18x18 inch Stripe Faux Leather Accent Pillow for Couch Boho Modern Decor Pillow Outdoor Pillow(Coffee)']",None,"{'hi_res': ['https://m.media-amazon.com/images/I/71VaEzbbfWL._AC_SL1200_.jpg', 'https://m.media-amazon.com/images/I/61+qkvgClgL._AC_SL1000_.jpg', 'https://m.media-amazon.com/images/I/71GoZobvTxL._AC_SL1000_.jpg', 'https://m.media-amazon.com/images/I/71s3UroNEAL._AC_SL1000_.jpg', 'https://m.media-amazon.com/images/I/61xcsPRhGWL._AC_SL1000_.jpg', 'https://m.media-amazon.com/images/I/71tJEilBtTL._AC_SL1000_.jpg', 'https://m.media-amazon.com/images/I/612NFJU1NzL._AC_SL1000_.jpg'], 'large': ['https://m.media-amazon.com/images/I/51zuNC+vZrL._AC_.jpg', 'https://m.media-amazon.com/images/I/51pvcM6BD6L._AC_.jpg', 'https://m.media-amazon.com/images/I/5131Uk+BSwL._AC_.jpg', 'https://m.media-amazon.com/images/I/518NoxdTqIL._AC_.jpg', 'https://m.media-amazon.com/images/I/51JMHeYOM7L._AC_.jpg', 'https://m.media-amazon.com/images/I/51C5FbovGLL._AC_.jpg', 'https://m.media-amazon.com/images/I/51inGL75lgL._AC_.jpg'], 'thumb': ['https://m.media-amazon.com/images/I/51zuNC+vZrL._AC_US75_.jpg', 'https://m.media-amazon.com/images/I/51pvcM6BD6L._AC_US75_.jpg', 'https://m.media-amazon.com/images/I/5131Uk+BSwL._AC_US75_.jpg', 'https://m.media-amazon.com/images/I/518NoxdTqIL._AC_US75_.jpg', 'https://m.media-amazon.com/images/I/51JMHeYOM7L._AC_US75_.jpg', 'https://m.media-amazon.com/images/I/51C5FbovGLL._AC_US75_.jpg', 'https://m.media-amazon.com/images/I/51inGL75lgL._AC_US75_.jpg'], 'variant': ['MAIN', 'PT01', 'PT02', 'PT03', 'PT04', 'PT05', 'PT06']}","{'title': [], 'url': [], 'user_id': []}",Kiuree,"['Home & Kitchen', 'Bedding', 'Decorative Pillows, Inserts & Covers', 'Throw Pillow Covers']","{""Pattern"": ""Striped"", ""Material"": ""Polyester, Polyester Blend"", ""Color"": ""Coffee"", ""Product Dimensions"": ""18\""L x 18\""W"", ""Brand"": ""Kiuree"", ""Shape"": ""Square"", ""Number of Items"": ""1"", ""Special Feature"": ""Durable"", ""Number of Pieces"": ""1"", ""Product Care Instructions"": ""Hand Wash"", ""Occasion"": ""Home"", ""Closure Type"": ""Zipper"", ""Recommended Uses For Product"": ""Outdoors, Home"", ""Package Dimensions"": ""9.17 x 8.66 x 1.3 inches"", ""Item Weight"": ""4.2 ounces"", ""Manufacturer"": ""Kiuree"", ""Best Sellers Rank"": {""Home & Kitchen"": 1061739, ""Throw Pillow Covers"": 13131}, ""Batteries required"": ""No""}",B01KYCAXS2,,,
Amazon Home,Raz imports Seasonal Sparkle Red Santa Retro TV 3.5 inch Glass Decorative Christmas Ornament,4.6,35,"['Add a touch of Christmas charm to your tree this season with this beautiful ornament.', 'Ornament measures approximately 3.5 inches.', 'Made of a durable Glass material. Metal loop for easy hanging.', 'Perfect for displaying on a Christmas tree or ornament stand as a holiday accent piece', 'Ships in protective packaging. Ready to be gifted.']","['RAZ Imports is a wholesale importer of Seasonal Holiday Decorations and Home Accents. We sell Christmas, Easter, Spring, Halloween, Thanksgiving, and Fall decor, as well as a full line of everyday floral items. Add a touch of Christmas charm to your tree this season with this beautiful ornament. Ornament measures approximately 3.5 inches. Made of a durable Glass material. Metal loop for easy hanging. Perfect for displaying on a Christmas tree or ornament stand as a holiday accent piece Ships in protective packaging. Ready to be gifted.']",None,"{'hi_res': ['https://m.media-amazon.com/images/I/51b3EY-2msL._AC_SL1024_.jpg', 'https://m.media-amazon.com/images/I/51wev-Zg7TL._AC_SL1024_.jpg'], 'large': ['https://m.media-amazon.com/images/I/41Cmj7TuIsL._AC_.jpg', 'https://m.media-amazon.com/images/I/31QTMkK3VHL._AC_.jpg'], 'thumb': ['https://m.media-amazon.com/images/I/41Cmj7TuIsL._AC_US75_.jpg', 'https://m.media-amazon.com/images/I/31QTMkK3VHL._AC_US75_.jpg'], 'variant': ['MAIN', 'PT01']}","{'title': [], 'url': [], 'user_id': []}",Raz,"['Home & Kitchen', 'Home Décor Products', 'Home Décor Accents', 'Hanging Ornaments']","{""Color"": ""Sparkle Red"", ""Brand"": ""Raz"", ""Occasion"": ""Easter, Christmas, Halloween, Thanksgiving"", ""Material"": ""Glass"", ""Theme"": ""Religious"", ""Included Components"": ""Cord And String"", ""Shape"": ""Round"", ""Mounting Type"": ""Hanging"", ""Item Package Quantity"": ""1"", ""Unit Count"": ""1.0 Count"", ""Batteries required"": ""No"", ""Scent"": ""Unscented"", ""Package Dimensions"": ""6.7 x 5.4 x 5.3 inches"", ""Item Weight"": ""10.8 ounces"", ""Manufacturer"": ""RAZ""}",B08P4ZJWPT,,,
Amazon Home,"COSTWAY Set of 4 Metal Dining Chair, Patio Chairs with Stackable Design, Removable Backrest, Non-Slip Foot Pads, Anti-Rust Coating, Convenient to Store, Ideal for Living Room Kitchen Restaurant",4.4,127,"[""🌻4 PIECES TOLIX STYLE CHAIR------The 4-piece combination provides extra sitting space in the living room to meet the needs of multi-person gatherings. What's more, the Tolix style can add a sense of fashion to make these metal chairs stand out functionally and visually in restaurants or your home."", '🌻STACKABLE DESIGN TO SAVE SPACE------Compared with ordinary accent chairs, this metal chair can be stacked on top of another to save space. The metal chair features a detachable backrest, which can be removed for storage when you don’t need it. It only takes up small space when stacked, which is very suitable for apartment, office, etc.', '🌻HIGH BACKREST FOR MORE COMFORT------The chairs are designed to be both comfortable and as ergonomically correct as possible. With an inclined angle, the chair backrest can fit your back perfectly. Besides, the high backrest design can provide support for your back to relieve back fatigue.', '🌻PREMIUM MATERIALS FOR BETTER DURABILITY------Coated with high-quality paint, these chairs are absolutely safe to use without odor. The coating can make the chair scratch-resistant, waterproof and rust-proof, and effectively extend the service life of the metal chair. At the same time, it makes the chair cleaning more effortlessly.', '🌻USER FRIENDLY DESIGN------Sturdy X-shaped support increases the load-bearing capacity of the chair. Non-slip foot pads are dedicated to protecting the floor. Each metal dining chair is designed with multiple small holes on the surface, which can enhance ventilation to bring a more comfortable experience.']",[],None,"{'hi_res': ['https://m.media-amazon.com/images/I/71fH5C5RjWL._AC_SL1500_.jpg', 'https://m.media-amazon.com/images/I/81JX73sRx2L._AC_SL1500_.jpg', 'https://m.media-amazon.com/images/I/71U78PXa13L._AC_SL1200_.jpg', 'https://m.media-amazon.com/images/I/719dcYC7eoL._AC_SL1500_.jpg', 'https://m.media-amazon.com/images/I/71JMRHJZn2L._AC_SL1500_.jpg', 'https://m.media-amazon.com/images/I/71xrzoWX0zL._AC_SL1500_.jpg', 'https://m.media-amazon.com/images/I/618QF5e7zNL._AC_SL1500_.jpg', 'https://m.media-amazon.com/images/I/814QZSVtzOL._AC_SL1500_.jpg'], 'large': ['https://m.media-amazon.com/images/I/41wJCqyjuVL._AC_.jpg', 'https://m.media-amazon.com/images/I/51hT7aqqqlL._AC_.jpg', 'https://m.media-amazon.com/images/I/51KgDuitWjL._AC_.jpg', 'https://m.media-amazon.com/images/I/51sH-maBmvL._AC_.jpg', 'https://m.media-amazon.com/images/I/5111avZdDuL._AC_.jpg', 'https://m.media-amazon.com/images/I/41dnYbLmsbL._AC_.jpg', 'https://m.media-amazon.com/images/I/41lIKNtwwEL._AC_.jpg', 'https://m.media-amazon.com/images/I/51l8rBnWP4L._AC_.jpg'], 'thumb': ['https://m.media-amazon.com/images/I/41wJCqyjuVL._AC_US75_.jpg', 'https://m.media-amazon.com/images/I/51hT7aqqqlL._AC_US75_.jpg', 'https://m.media-amazon.com/images/I/51KgDuitWjL._AC_US75_.jpg', 'https://m.media-amazon.com/images/I/51sH-maBmvL._AC_US75_.jpg', 'https://m.media-amazon.com/images/I/5111avZdDuL._AC_US75_.jpg', 'https://m.media-amazon.com/images/I/41dnYbLmsbL._AC_US75_.jpg', 'https://m.media-amazon.com/images/I/41lIKNtwwEL._AC_US75_.jpg', 'https://m.media-amazon.com/images/I/51l8rBnWP4L._AC_US75_.jpg'], 'variant': ['MAIN', 'PT01', 'PT02', 'PT03', 'PT04', 'PT05', 'PT07', 'PT08']}","{'title': [], 'url': [], 'user_id': []}",COSTWAY,"['Home & Kitchen', 'Furniture', 'Dining Room Furniture', 'Chairs']","{""Color"": ""Copper"", ""Brand"": ""COSTWAY"", ""Product Dimensions"": ""21\""D x 18\""W x 33.5\""H"", ""Style"": ""Modern"", ""Special Feature"": ""Stackable"", ""Material"": ""Iron"", ""Recommended Uses For Product"": ""Dining,Living Room"", ""Finish Type"": ""Painted"", ""Room Type"": ""Dining Room"", ""Frame Material"": ""Iron"", ""Back Style"": ""Slat Back"", ""Unit Count"": ""4.0 Count"", ""Maximum Weight Recommendation"": ""250 Pounds"", ""Seat Material Type"": ""Plastic"", ""Manufacturer"": ""COSTWAY"", ""Item model number"": ""58726CP-CYWH"", ""Best Sellers Rank"": {""Home & Kitchen"": 1758639, ""Kitchen & Dining Room Chairs"": 2532}, ""Is Discontinued By Manufacturer"": ""No"", ""Date First Available"": ""January 24, 2019""}",B07DNHZ4TD,,,
Amazon Home,"Vintage Apple Crate Farm Barnwood Primitive Crate 18"" x 14"" x 11-1/2""",4,1,[],[],None,"{'hi_res': ['https://m.media-amazon.com/images/I/91Ho-1NghsL._AC_SL1500_.jpg', 'https://m.media-amazon.com/images/I/91t+ZESncfL._AC_SL1500_.jpg', 'https://m.media-amazon.com/images/I/91fS6W77HfL._AC_SL1500_.jpg', 'https://m.media-amazon.com/images/I/91yAU5BaDlL._AC_SL1500_.jpg', 'https://m.media-amazon.com/images/I/91z2obLshOL._AC_SL1500_.jpg', 'https://m.media-amazon.com/images/I/91+FwQcajqL._AC_SL1500_.jpg', 'https://m.media-amazon.com/images/I/91t+ZESncfL._AC_SL1500_.jpg'], 'large': ['https://m.media-amazon.com/images/I/51bvGMUHz6L._AC_.jpg', 'https://m.media-amazon.com/images/I/414R7dRNcaL._AC_.jpg', 'https://m.media-amazon.com/images/I/51d-eQI1aeL._AC_.jpg', 'https://m.media-amazon.com/images/I/416+QLSYrjL._AC_.jpg', 'https://m.media-amazon.com/images/I/41qRx4e9QDL._AC_.jpg', 'https://m.media-amazon.com/images/I/515UJa86GxL._AC_.jpg', 'https://m.media-amazon.com/images/I/414R7dRNcaL._AC_.jpg'], 'thumb': ['https://m.media-amazon.com/images/I/51bvGMUHz6L._AC_US75_.jpg', 'https://m.media-amazon.com/images/I/414R7dRNcaL._AC_US75_.jpg', 'https://m.media-amazon.com/images/I/51d-eQI1aeL._AC_US75_.jpg', 'https://m.media-amazon.com/images/I/416+QLSYrjL._AC_US75_.jpg', 'https://m.media-amazon.com/images/I/41qRx4e9QDL._AC_US75_.jpg', 'https://m.media-amazon.com/images/I/515UJa86GxL._AC_US75_.jpg', 'https://m.media-amazon.com/images/I/414R7dRNcaL._AC_US75_.jpg'], 'variant': ['MAIN', 'PT01', 'PT02', 'PT03', 'PT04', 'PT05', 'PT06']}","{'title': [], 'url': [], 'user_id': []}",,"['Home & Kitchen', 'Storage & Organization', 'Racks, Shelves & Drawers']","{""Item model number"": ""RJC1005""}",B073Z4MJZZ,,,
Amazon Home,"BDI 8929 ES Avion Quad Media & TV Cabinet, Espresso Stained Oak",4,12,"['CABLE MANAGEMENT: Engineered to keep cables and power cords controlled and out of sight. Integrated routing channels neatly conceal and organize unsightly cable clutter.', 'REAR ACCESS PANELS: Engineered with removable or sliding back panels for easy access to the back of components and connections.', 'FLOW-THROUGH VENTILATION: Facilitates airflow through generous ventilation slots integrated into the bottom panels, shelves and rear access panels.', 'REMOTE-FRIENDLY DOORS: Keep components out of sight yet easily accessible and controlled by infrared (IR) remote controls.', 'HIDDEN WHEELS: Even when fully loaded, can be easily moved away from the wall for easy access to cables and connections.', 'ADJUSTABLE SHELVES: Rest on rubber-padded steel shelf pins to minimize transfer of vibration; threaded inserts allow you to adjust shelf heights as needed.', 'SPEAKER COMPARTMENT: Includes a concealed compartment designed for use with a center channel speaker, allowing sound to freely pass through.', 'ARENA TV MOUNT COMPATIBLE: Compatible with the BDI Arena Flat Panel TV Mount, models 9970 and 9972.']","['Product Description', ""The perfect media cabinet and TV stand for large home theater systems, packed with user-friendly features. BDI's award-winning Avion collection is engineered to delight AV enthusiasts and design connoisseurs alike. It’s beautiful furniture to be sure, but it’s what you don’t see that makes this collection a masterpiece. Signature features are built into the cabinet ensuring it performs almost as well as the electronics that it holds."", 'From the Manufacturer', 'The home theater has become a part of everyday home life. It’s where many hours are spent as family and friends come together for entertainment and relaxation. BDI Furniture merges innovative engineering and original design to seamlessly integrate today’s technology into the home. From the family room to the living room to the bedroom, there’s a BDI solution for any setting.', 'The Avion Series II 8929 features a center drawer that can hold a speaker and media collection or can be removed for a larger speaker up to 8.25” tall', 'The lower compartment features a flip down door for access to two component areas or stored media', 'Fits flat-panel TVs up to 75""', 'Compliments any decor', 'While beautiful, BDI furniture is more than meets the eye. Our home theater furniture is among the most thoroughly engineered furniture available today, designed to anticipate the needs of the most demanding home theater systems. Features such as adjustable shelves, cable management, speaker/media storage and hidden wheels provide simple setup, ease of use and lasting enjoyment.  These home theater cabinets ship almost completely assembled, requiring only minimal hardware installation by the user or installer. Packaging is environmentally conscious and thoroughly designed to ensure that everything arrives as expected.', 'Sleek Design And Intelligent Features – It’s The Center Of Entertainment', 'For larger systems, the Avion Series II Model 8929 provides an additional component compartment and greater width for larger TVs. The center drawer can accommodate a center channel speaker and media, or it can be removed to reveal an open shelf for larger speakers up to 8.25” tall. The side compartments feature an adjustable shelf that rests on threaded and cushioned shelf supports to minimize transmittal of vibrations. Quick-release door hinges, removable back panels and integrated cable management make for a simple setup. IR-friendly, grey tinted glass windows in the doors that allow for easy remote control access. The integrated wheels allow the entire cabinet to be rolled away from the wall and integrated levelers to compensate for uneven floors. Flow-through ventilation slots are machined into the bottom, shelves and back panels to facilitate cooling airflow, protecting components from overheating.  The Avion Series II is the ideal choice for flat panel TVs up to 75” and larger home theater systems, since it can accommodate up to 9 components. For an alternative mounting option, this model works well with BDI’s Arena Flat Panel TV Mount 9970 or 9972 (sold separately), which allows positioning the TV to stand even higher and adds swiveling for optimal viewing.', 'Avion Series II 8929 Internal Dimensions', 'Recommended TV Size: up to 75” flat-panel or rear projection TVs', 'Recommended TV Size:', 'up to 75” flat-panel or rear projection TVs', 'Arena TV Mount Compatibility: 9970 and 9972', 'Arena TV Mount Compatibility:', '9970 and 9972', 'Component Capacity: 6 - 9', 'Component Capacity:', '6 - 9', 'Number of Adjustable Shelves: 2', 'Number of Adjustable Shelves:', '2', 'Adjustable Shelf Increments: 1.25 in / 32 mm; 5 positions', 'Adjustable Shelf Increments:', '1.25 in / 32 mm; 5 positions', 'Top Shelf Capacity: 200 lbs / 91 kg', 'Top Shelf Capacity:', '200 lbs / 91 kg', 'A. Speaker/Media Drawer', 'A. Speaker/Media Drawer', 'Interior Dimensions (H x W x D): 7.25 x 34.5 x 15.5 in D / 18 x 88 x 39 cm Drawer Capacity: 40 lbs / 18 kg When Removed (H x W x D): 8.25 x 36.75 x 16.5 in D / 20 x 93 x 41 cm Drawer Capacity: 50 lbs / 23 kg', 'B. Side Component Compartment', 'B. Side Component Compartment', 'Interior Dimensions (H x W x D): 16.25 x 18 x 20.5 / 41 x 46 x 52 cm Adjustable Shelf Capacity: 50 lbs / 23 kg Bottom Shelf Capacity: 75 lbs / 34 kg', 'C. Center Component Compartment', 'C. Center Component Compartment', 'Interior Dimensions (H x W x D): 7 x 18 x 16.25 in / 18 x 46 x 41 cm Bottom Shelf Capacity: 75 lbs / 34 kg', 'What’s in the Box', 'Furniture, Instruction Sheet']",None,"{'hi_res': ['https://m.media-amazon.com/images/I/71Ff6m7CZDL._AC_SL1500_.jpg', 'https://m.media-amazon.com/images/I/7143zMgdueL._AC_SL1500_.jpg', 'https://m.media-amazon.com/images/I/71mWIuMgOaL._AC_SL1500_.jpg', 'https://m.media-amazon.com/images/I/81o8V+qdyOL._AC_SL1500_.jpg', 'https://m.media-amazon.com/images/I/71wwsffI5CL._AC_SL1500_.jpg', 'https://m.media-amazon.com/images/I/71pytVYzhuL._AC_SL1500_.jpg', 'https://m.media-amazon.com/images/I/719FUP0v5GL._AC_SL1400_.jpg', 'https://m.media-amazon.com/images/I/615GtSfeLDL._AC_SL1500_.jpg', 'https://m.media-amazon.com/images/I/615GtSfeLDL._AC_SL1500_.jpg'], 'large': ['https://m.media-amazon.com/images/I/31yIVDoMVoL._AC_.jpg', 'https://m.media-amazon.com/images/I/31IuP-135VL._AC_.jpg', 'https://m.media-amazon.com/images/I/31lAu+O3qEL._AC_.jpg', 'https://m.media-amazon.com/images/I/41sDzjlDegL._AC_.jpg', 'https://m.media-amazon.com/images/I/31jSIPrfcoL._AC_.jpg', 'https://m.media-amazon.com/images/I/31A7V7Z2c6L._AC_.jpg', 'https://m.media-amazon.com/images/I/41yItQt0mcL._AC_.jpg', 'https://m.media-amazon.com/images/I/315GrJLu43L._AC_.jpg', 'https://m.media-amazon.com/images/I/315GrJLu43L._AC_.jpg'], 'thumb': ['https://m.media-amazon.com/images/I/31yIVDoMVoL._AC_US75_.jpg', 'https://m.media-amazon.com/images/I/31IuP-135VL._AC_US75_.jpg', 'https://m.media-amazon.com/images/I/31lAu+O3qEL._AC_US75_.jpg', 'https://m.media-amazon.com/images/I/41sDzjlDegL._AC_US75_.jpg', 'https://m.media-amazon.com/images/I/31jSIPrfcoL._AC_US75_.jpg', 'https://m.media-amazon.com/images/I/31A7V7Z2c6L._AC_US75_.jpg', 'https://m.media-amazon.com/images/I/41yItQt0mcL._AC_US75_.jpg', 'https://m.media-amazon.com/images/I/315GrJLu43L._AC_US75_.jpg', 'https://m.media-amazon.com/images/I/315GrJLu43L._AC_US75_.jpg'], 'variant': ['MAIN', 'PT01', 'PT02', 'PT03', 'PT04', 'PT05', 'PT06', 'PT07', 'PT08']}","{'title': ['BDI Furniture: Features and Benefits', 'Learn More About BDI Furniture'], 'url': ['https://www.amazon.com/vdp/ee8b134474f742e689d5eb88e6873f16?ref=dp_vse_rvc_0', 'https://www.amazon.com/vdp/a004583f7ee948f09cf55bcd47bb70b6?ref=dp_vse_rvc_1'], 'user_id': ['', '']}",BDI Furniture,"['Home & Kitchen', 'Furniture', 'Living Room Furniture', 'TV & Media Furniture']","{""Brand"": ""BDI Furniture"", ""Color"": ""Espresso Stained Oak"", ""Material"": ""Hardwood Veneer"", ""Product Dimensions"": ""16.5\""D x 36.75\""W x 8.25\""H"", ""Mounting Type"": ""Floor Mount"", ""Style"": ""Quad Wide"", ""Door Style"": ""Sliding"", ""Included Components"": ""Shelves"", ""Finish Type"": ""espresso, oak"", ""Number of Doors"": ""2"", ""Shape"": ""Rectangular"", ""Product Care Instructions"": ""Hand Wash"", ""Item Weight"": ""202 pounds"", ""Base Type"": ""Legs"", ""Back Material Type"": ""Alloy Steel"", ""Assembly Required"": ""Yes"", ""Manufacturer"": ""BDI Furniture"", ""Item model number"": ""Avion / 8929"", ""Is Discontinued By Manufacturer"": ""No"", ""Finish types"": ""espresso, oak"", ""Warranty Description"": ""3 year warranty -- refer to www. Bdiusa. Com."", ""Batteries required"": ""No"", ""Import"": ""Imported""}",B071HXP93F,,,
Amazon Home,Beautiful Golden Khokhloma Painting Oval Tray,4.5,3,[],[],None,"{'hi_res': [None, None, None, None, None, None], 'large': ['https://m.media-amazon.com/images/I/51WXV47K8kL._AC_.jpg', 'https://m.media-amazon.com/images/I/61yf1cc03uL._AC_.jpg', 'https://m.media-amazon.com/images/I/61FgakVBhGL._AC_.jpg', 'https://m.media-amazon.com/images/I/61+3upZ+RBL._AC_.jpg', 'https://m.media-amazon.com/images/I/41thE3Yd2bL._AC_.jpg', 'https://m.media-amazon.com/images/I/51hz7vftwmL._AC_.jpg'], 'thumb': ['https://m.media-amazon.com/images/I/51WXV47K8kL._AC_US75_.jpg', 'https://m.media-amazon.com/images/I/61yf1cc03uL._AC_US75_.jpg', 'https://m.media-amazon.com/images/I/61FgakVBhGL._AC_US75_.jpg', 'https://m.media-amazon.com/images/I/61+3upZ+RBL._AC_US75_.jpg', 'https://m.media-amazon.com/images/I/41thE3Yd2bL._AC_US75_.jpg', 'https://m.media-amazon.com/images/I/51hz7vftwmL._AC_US75_.jpg'], 'variant': ['MAIN', 'PT01', 'PT02', 'PT03', 'PT04', 'PT05']}","{'title': [], 'url': [], 'user_id': []}",Khokhloma Painting,"['Home & Kitchen', 'Kitchen & Dining', 'Dining & Entertaining', 'Dinnerware & Serveware', 'Serveware', 'Serving Dishes, Trays & Platters', 'Serving Trays']","{""Date First Available"": ""May 6, 2016""}",B00CFN3KHK,,,
Amazon Home,Animal Print Area Rug Design Skinz 73 Black (5 Feet X 7 Feet),4.3,40,"[""Animal print decor, 5' x 7' area rug."", 'Woven in Indonesia from 100% olefin with jute backing. Designed to last for years.', 'Durable, lays flat, easy to maintain and clean. Stain resistant, does not shed.', 'Antistatic, colorfast and water repellent. Ultra-soft touch and feel.', 'Perfect for any room and decor. Will add beauty and style to your home.']","['High quality animal print, tiger zebra leopard, design, 5ft by 7ft, black brown beige area rug. Made in Indonesia from 100% olefin (polypropylene) that is durable and stain resistant. Easy to clean and vacuum (can be steam cleaned or spot cleaned with a diluted dish soap solution). Will serve as a beautiful focal point in your hallway, entryway, kitchen. Will upgrade the look and feel of your home living room bedroom. Unique design that would look great on any type of flooring.']",99,"{'hi_res': ['https://m.media-amazon.com/images/I/81ftGx23VfL._AC_SL1500_.jpg', 'https://m.media-amazon.com/images/I/61BfViP32UL._AC_SL1024_.jpg', 'https://m.media-amazon.com/images/I/71-E7C6jZ3L._AC_SL1024_.jpg', 'https://m.media-amazon.com/images/I/71aK7ZhlJ9L._AC_SL1024_.jpg', 'https://m.media-amazon.com/images/I/71aKPqnkp2L._AC_SL1024_.jpg', 'https://m.media-amazon.com/images/I/71wsVFYpyZL._AC_SL1024_.jpg', 'https://m.media-amazon.com/images/I/61UXTTkGS8L._AC_SL1024_.jpg', 'https://m.media-amazon.com/images/I/71-nMtvg8GL._AC_SL1059_.jpg'], 'large': ['https://m.media-amazon.com/images/I/51rk8-zvxvL._AC_.jpg', 'https://m.media-amazon.com/images/I/515zYgBo-rL._AC_.jpg', 'https://m.media-amazon.com/images/I/518yytnGt1L._AC_.jpg', 'https://m.media-amazon.com/images/I/51FCYXC67XL._AC_.jpg', 'https://m.media-amazon.com/images/I/51Kn6Ln+UqL._AC_.jpg', 'https://m.media-amazon.com/images/I/51YBUsXoPYL._AC_.jpg', 'https://m.media-amazon.com/images/I/51gD-+VAyjL._AC_.jpg', 'https://m.media-amazon.com/images/I/51lQ0sRX8GL._AC_.jpg'], 'thumb': ['https://m.media-amazon.com/images/I/51rk8-zvxvL._AC_US75_.jpg', 'https://m.media-amazon.com/images/I/515zYgBo-rL._AC_US75_.jpg', 'https://m.media-amazon.com/images/I/518yytnGt1L._AC_US75_.jpg', 'https://m.media-amazon.com/images/I/51FCYXC67XL._AC_US75_.jpg', 'https://m.media-amazon.com/images/I/51Kn6Ln+UqL._AC_US75_.jpg', 'https://m.media-amazon.com/images/I/51YBUsXoPYL._AC_US75_.jpg', 'https://m.media-amazon.com/images/I/51gD-+VAyjL._AC_US75_.jpg', 'https://m.media-amazon.com/images/I/51lQ0sRX8GL._AC_US75_.jpg'], 'variant': ['MAIN', 'PT01', 'PT02', 'PT03', 'PT04', 'PT05', 'PT06', 'PT07']}","{'title': ['Unique Loom Wildlife Collection - Cheetah Light Brown/Black', 'Unique Loom Wildlife Collection Zebra Border Animal Beige Area Rug', 'Fluffy Leopard Rug'], 'url': ['https://www.amazon.com/vdp/0b0f7b777ffa44589ca830fda8644613?ref=dp_vse_rvc_0', 'https://www.amazon.com/vdp/bcc4532c085c4d5a8890ee3cde113020?ref=dp_vse_rvc_1', 'https://www.amazon.com/vdp/0c4f5ec060354a189f031511bf6ccf07?ref=dp_vse_rvc_2'], 'user_id': ['', '', '']}",Skinz,"['Home & Kitchen', 'Home Décor Products', 'Rugs, Pads & Protectors', 'Area Rugs']","{""Color"": ""Black"", ""Pattern"": ""Animal Print"", ""Shape"": ""Rectangular"", ""Special Feature"": ""Stain Resistant"", ""Material"": ""Polypropylene"", ""Room Type"": ""Hallway"", ""Pile Height"": ""High Pile"", ""Indoor/Outdoor Usage"": ""Indoor"", ""Product Dimensions"": ""64 x 6 x 6 inches"", ""Rug Form Type"": ""Area Rug"", ""Style"": ""Animal"", ""Brand"": ""Skinz"", ""Size"": ""5 ft x 7 ft"", ""Theme"": ""Animal"", ""Construction Type"": ""Machine Made"", ""Product Care Instructions"": ""Hand Wash Only"", ""Weave Type"": ""Jute"", ""Back Material Type"": ""Polypropylene"", ""Item Weight"": ""14.99 pounds"", ""Item Thickness"": ""5 Millimeters"", ""Item model number"": ""73"", ""Is Discontinued By Manufacturer"": ""No"", ""Best Sellers Rank"": {""Home & Kitchen"": 2960307, ""Area Rugs"": 26093}, ""Date First Available"": ""August 7, 2012""}",B01NAHHIWB,,,
Amazon Home,Leaveland Throw Pillowcase 12 x 20 Tri Color Brown Cowhide Print Throw Pillow Cover,3.8,1529,"['It is made with high quality 50% cotton ,50% polyester for comfort and durability', ""It's a zippered pillow case, with a zippered opening on the side,Real Touch Sensitivity for a natural feel"", 'It could be machine wash but wash cold and tumble dry low', 'It is perfect gift for someone', 'Leaveland is a popular brand in HOME/GARDEN/KITCHEN and any life improvement product']","['Contain: 1PC Cushion Cover/Shell, No Insert or Filler', 'Invisible/Hidden Zipper in One Side', 'This exotic design cushion cover will embellish your bed or cushion magically, finally enlightening your whole room tastes by a spark second. Our cushion cover were designed by the real artists, made from extraordinary quality fabrics, with vivid colors and durable.', 'Notice: 1. THE REAL MERCHANDISE U WILL RECEIVE MIGHT BE SLIGHTLY DIFFERENT WITH THE PHOTO PRESENTED DESIGN due to the fabric material trimming procedure', '2. DUE TO HAND CUT AND HAND CONTROLLED SEWING, THE SIZE WITH BIGGER OR SMALLER 5% IS PERMITTED.']",9.99,"{'hi_res': ['https://m.media-amazon.com/images/I/612vhwCjpML._AC_SL1500_.jpg', 'https://m.media-amazon.com/images/I/41luPkttKuL._AC_SL1500_.jpg', 'https://m.media-amazon.com/images/I/612vhwCjpML._AC_SL1500_.jpg', 'https://m.media-amazon.com/images/I/41luPkttKuL._AC_SL1500_.jpg'], 'large': ['https://m.media-amazon.com/images/I/4104buhJ8PL._AC_.jpg', 'https://m.media-amazon.com/images/I/21uOHk2dNOL._AC_.jpg', 'https://m.media-amazon.com/images/I/4104buhJ8PL._AC_.jpg', 'https://m.media-amazon.com/images/I/21uOHk2dNOL._AC_.jpg'], 'thumb': ['https://m.media-amazon.com/images/I/4104buhJ8PL._AC_US75_.jpg', 'https://m.media-amazon.com/images/I/21uOHk2dNOL._AC_US75_.jpg', 'https://m.media-amazon.com/images/I/4104buhJ8PL._AC_US75_.jpg', 'https://m.media-amazon.com/images/I/21uOHk2dNOL._AC_US75_.jpg'], 'variant': ['MAIN', 'PT01', 'PT02', 'PT03']}","{'title': ['Woaboy Luxury Faux Fur Cowhide Decorative Pillow Covers ', 'Cow Hide Pillow Covers  18 and 20 Inch Size To Choose '], 'url': ['https://www.amazon.com/vdp/09a017a2b9a44c3b8a24c681dcd83556?ref=dp_vse_rvc_0', 'https://www.amazon.com/vdp/0f42da78672b46e199e99b5c7bb2efc2?ref=dp_vse_rvc_1'], 'user_id': ['', '']}",Leaveland,"['Home & Kitchen', 'Bedding', 'Decorative Pillows, Inserts & Covers', 'Throw Pillow Covers']","{""Pattern"": ""Print"", ""Material"": ""Cotton"", ""Color"": ""Coffee"", ""Product Dimensions"": ""20\""L x 12\""W"", ""Brand"": ""Leaveland"", ""Shape"": ""Rectangular"", ""Number of Items"": ""1"", ""Special Feature"": ""Durable"", ""Number of Pieces"": ""1"", ""Product Care Instructions"": ""Machine Wash"", ""Occasion"": ""Home"", ""Closure Type"": ""Zipper"", ""Recommended Uses For Product"": ""Home"", ""Package Dimensions"": ""9.84 x 6.3 x 0.63 inches"", ""Item Weight"": ""2.89 ounces"", ""Manufacturer"": ""Leaveland"", ""Best Sellers Rank"": {""Home & Kitchen"": 293089, ""Throw Pillow Covers"": 2862}, ""Is Discontinued By Manufacturer"": ""No"", ""Batteries required"": ""No""}",B07JL8VY5F,,,
Amazon Home,"CELBERENA Shower Curtain Liner 72x80 Inch, PEVA Shower Curtain Waterproof Bathroom Decor Farmhouse Plastic Shower Curtains Set with 12 Pack Plastic Hooks",4.4,16,"['✚ Premium Quality: Shower curtain liner is made of PEVA eco-friendly material with rust proof grommets and no chemical odor. The western shower curtain has no folds and comes with hooks for easy installation.', '✚ Simple Installation: Plastic shower curtains for bathroom measure 72x80 inches and come with 12 hooks. Fun shower curtain are made of environmentally friendly, non-toxic, and PVC-free material that is soft and flexible, making them comfortable for use in bathroom showers, bath tubs, and even classic hotel settings.', '✚ Water Repellent: Shower curtain liner has a smooth and professional design that is waterproof and repels water droplets, allowing water to roll off the surface quickly and keep your bathroom dry and shower curtain clear.', '✚ Stylish Design: Peva shower curtains feature a gorgeous design of large squares in black, white, and gray that is modern, simple, and stylish. The high-quality metal buttonholes extend the service life of the curtain.', '✚ Easy to Clean: Waterproof shower curtains are easy to clean. Simply rinse them with water and wipe off water stains. vinyl shower curtain should not be soaked in hot water or bleached. Frosted shower curtain in a ventilated place to dry and wash them gently without vigorously rubbing or wringing them out.']",[],11.99,"{'hi_res': ['https://m.media-amazon.com/images/I/712bA11ztSL._AC_SL1200_.jpg', 'https://m.media-amazon.com/images/I/612Dw64edjL._AC_SL1500_.jpg', 'https://m.media-amazon.com/images/I/714qZhdXdqL._AC_SL1500_.jpg', 'https://m.media-amazon.com/images/I/61COuzCYuiL._AC_SL1500_.jpg', 'https://m.media-amazon.com/images/I/61CxI90LLUL._AC_SL1500_.jpg', 'https://m.media-amazon.com/images/I/71oV5Yrc3UL._AC_SL1500_.jpg', 'https://m.media-amazon.com/images/I/71cjlAqStvL._AC_SL1500_.jpg'], 'large': ['https://m.media-amazon.com/images/I/516UlrwsFFL._AC_.jpg', 'https://m.media-amazon.com/images/I/41HBhC6PlUL._AC_.jpg', 'https://m.media-amazon.com/images/I/51gniSwAk9L._AC_.jpg', 'https://m.media-amazon.com/images/I/41udm8hoiDL._AC_.jpg', 'https://m.media-amazon.com/images/I/41Q6eTjURZL._AC_.jpg', 'https://m.media-amazon.com/images/I/51E-guOQB3L._AC_.jpg', 'https://m.media-amazon.com/images/I/51WF+MkOF-L._AC_.jpg'], 'thumb': ['https://m.media-amazon.com/images/I/516UlrwsFFL._AC_US75_.jpg', 'https://m.media-amazon.com/images/I/41HBhC6PlUL._AC_US75_.jpg', 'https://m.media-amazon.com/images/I/51gniSwAk9L._AC_US75_.jpg', 'https://m.media-amazon.com/images/I/41udm8hoiDL._AC_US75_.jpg', 'https://m.media-amazon.com/images/I/41Q6eTjURZL._AC_US75_.jpg', 'https://m.media-amazon.com/images/I/51E-guOQB3L._AC_US75_.jpg', 'https://m.media-amazon.com/images/I/51WF+MkOF-L._AC_US75_.jpg'], 'variant': ['MAIN', 'PT01', 'PT02', 'PT03', 'PT04', 'PT05', 'PT06']}","{'title': ['CELBERENA Shower Curtain Liner 72x80 Inch', 'PEVA Shower Curtain Waterproof', 'Morocco Peva Shower Curtain Teal', 'Shower Curtain 72"" x 72"" PEVA Frosted Waterproof Magnets ', 'Lightweight Shower Liner But Stays In Place With Magnets', 'Our Point of View on Barossa Design Shower Curtain Liners'], 'url': ['https://www.amazon.com/vdp/08d7441664504e058283e23a939dd1aa?ref=dp_vse_rvc_0', 'https://www.amazon.com/vdp/0941d5dc3589480cbc5d35b844cae4f4?ref=dp_vse_rvc_1', 'https://www.amazon.com/vdp/02a9be4dff994805ac7127f73e83e4ba?ref=dp_vse_rvc_2', 'https://www.amazon.com/vdp/07a3f6887087462ea7dd10f392565a60?ref=dp_vse_rvc_3', 'https://www.amazon.com/vdp/0de6f4d8bea3413c91cd9ab01516ef65?ref=dp_vse_rvc_4', 'https://www.amazon.com/vdp/02829907b54c4d558e08e42fcdc8c86a?ref=dp_vse_rvc_5'], 'user_id': ['', 'AE5APGX2AMODPEXCIUSCSJXYSFOA', '', '', '/shop/dee2102', '/shop/influencer-20a38664']}",CELBERENA,"['Home & Kitchen', 'Bath', 'Bathroom Accessories', 'Shower Curtains, Hooks & Liners', 'Shower Curtain Liners']","{""Brand"": ""CELBERENA"", ""Color"": ""Generous Shower Curtain"", ""Material"": ""Ethylene Vinyl Acetate"", ""Product Dimensions"": ""80\""L x 72\""W"", ""Opacity"": ""Semi-sheer"", ""Special Feature"": ""Bagged"", ""Room Type"": ""Bathroom"", ""Style"": ""Contemporary"", ""Pattern"": ""Square"", ""Theme"": ""Modern"", ""Curtain Form"": ""Shower Curtain"", ""Top Style"": ""Grommet"", ""Size"": ""72 x 80 inch"", ""Included Components"": ""Hook"", ""Occasion"": ""Bathroom"", ""Age Range (Description)"": ""Adult"", ""Cartoon Character"": ""Generous"", ""Recommended Uses For Product"": ""Indoor"", ""Specific Uses For Product"": ""Shower"", ""Seasons"": ""All Season"", ""Hanging Method"": ""Grommet"", ""Item Weight"": ""9.2 ounces"", ""Closure Type"": ""Hook and Loop"", ""Number of Items"": ""1"", ""Product Care Instructions"": ""Wipe"", ""Lining Description"": ""Partially Lined"", ""Package Weight"": ""0.29 Kilograms"", ""Manufacturer"": ""CELBERENA"", ""Country of Origin"": ""China"", ""Item model number"": ""HOM-1681"", ""Best Sellers Rank"": {""Home & Kitchen"": 148194, ""Shower Curtain Liners"": 151, ""Shower Curtain Sets"": 419}, ""Date First Available"": ""July 25, 2022""}",B004O39RJ4,,,
Amazon Home,"Enesco Jim Shore Heartwood Creek Stretching Tabby Cat Figurine, 3-Inch",5,15,"[""Artist's title: Tabitha"", 'Enesco-for over 50 years.', 'Meticuously hand crafted', 'Artist designed; globally recognized for quality']","['Cats are a favorite subject for Jim Shores art. This Sretching Tabby features a subtle applique pattern including Jims version of a pinwheel 8 pointed star. The unmistakable ""heartcrafted"" style of Jim Shore\'s Heartwood Creek collection captures the essence of traditional themes and motifs of American and European folk art. Each piece features a variety of quilting patterns and colorful combinations making it distinctly special. Jim Shore has always had a passion for art, which ultimately led to the start of his own company and partnership with Enesco. Jim\'s art includes painting, woodworking, silver and gold-smithing, furniture making and sculpting in stone. But, it\'s his recollection of nostalgic childhood memories and his deep appreciation of handcrafted quilt patterns and textures that inspires Jim\'s works-of-art.']",None,"{'hi_res': [None], 'large': ['https://m.media-amazon.com/images/I/41ioiepLW1L._AC_.jpg'], 'thumb': ['https://m.media-amazon.com/images/I/41ioiepLW1L._AC_US75_.jpg'], 'variant': ['MAIN']}","{'title': [], 'url': [], 'user_id': []}",Enesco,"['Home & Kitchen', 'Home Décor Products', 'Home Décor Accents', 'Collectible Figurines']","{""Theme"": ""Silver,Star"", ""Brand"": ""Enesco"", ""Color"": ""Silver"", ""Room Type"": ""Office, Living Room, Bedroom"", ""Number of pieces"": ""1"", ""Item Weight"": ""7.2 ounces"", ""Assembly required"": ""No"", ""Number of Items"": ""1"", ""Collection Name"": ""Animal"", ""Shape"": ""Novelty"", ""Manufacturer"": ""Enesco Gift"", ""Item Package Quantity"": ""1"", ""Product Dimensions"": ""10 x 2.13 x 3 inches"", ""Item model number"": ""4037657"", ""Is Discontinued By Manufacturer"": ""No"", ""Dishwasher compatible"": ""No"", ""Batteries required"": ""No""}",B003YLEXBO,,,
Amazon Home,Mercury Glass Light up Pumpkin with Timer- Fall Decoration for Home-Lamps for Festive Decoration-Halloween Pumpkin Decoration (Silver),4.6,281,"['【Handmade】: Graceful hand-blown Mercury glass, This gorgeous glass pumpkins will be stunning anywhere in your home.', '【Light-Up】:Pumpkin illuminated by fairy lights,Battery Powered with 3 AAA batteries (Not Included)', ""【Easy to Use】Switch includes a convenient 6 hour timer feature, you won't get bothered by constantly turning the light on and off every night."", '【Party decor】: Great fall decoration for home,Add the autumn color and harvest accents to centerpieces, mantles, or desks', '【Sizes】: Pumpkin measures 5.5 Inches height and 5.5 Inches in diameter. Pack of 1.']",[],32.99,"{'hi_res': ['https://m.media-amazon.com/images/I/81dvP9h62TL._AC_SL1139_.jpg', 'https://m.media-amazon.com/images/I/61+mm71n0fL._AC_SL1000_.jpg', 'https://m.media-amazon.com/images/I/81ZVDWDu3pL._AC_SL1500_.jpg', 'https://m.media-amazon.com/images/I/7133-eiOdtL._AC_SL1034_.jpg', 'https://m.media-amazon.com/images/I/81o88DkhXXL._AC_SL1500_.jpg', 'https://m.media-amazon.com/images/I/6179+xvOPVL._AC_SL1000_.jpg', 'https://m.media-amazon.com/images/I/71eY7jBDFzL._AC_SL1000_.jpg'], 'large': ['https://m.media-amazon.com/images/I/61zFUvrqgZL._AC_.jpg', 'https://m.media-amazon.com/images/I/51YEyF4c0dL._AC_.jpg', 'https://m.media-amazon.com/images/I/51cg5haAYwL._AC_.jpg', 'https://m.media-amazon.com/images/I/51UMJdgmGdL._AC_.jpg', 'https://m.media-amazon.com/images/I/51okdGs4LKL._AC_.jpg', 'https://m.media-amazon.com/images/I/510pEgIHQML._AC_.jpg', 'https://m.media-amazon.com/images/I/51GcunOLaIL._AC_.jpg'], 'thumb': ['https://m.media-amazon.com/images/I/61zFUvrqgZL._AC_US75_.jpg', 'https://m.media-amazon.com/images/I/51YEyF4c0dL._AC_US75_.jpg', 'https://m.media-amazon.com/images/I/51cg5haAYwL._AC_US75_.jpg', 'https://m.media-amazon.com/images/I/51UMJdgmGdL._AC_US75_.jpg', 'https://m.media-amazon.com/images/I/51okdGs4LKL._AC_US75_.jpg', 'https://m.media-amazon.com/images/I/510pEgIHQML._AC_US75_.jpg', 'https://m.media-amazon.com/images/I/51GcunOLaIL._AC_US75_.jpg'], 'variant': ['MAIN', 'PT01', 'PT02', 'PT03', 'PT04', 'PT05', 'PT06']}","{'title': ['Cozy pumpkin decor! ', 'Mercury Glass Light up Pumpkin with Timer- Fall Decoration for Home', 'DomeStar Artificial Pumpkin, 8 Inches Gold Glitter Pumpkin', 'Mercury Glass Pumpkin Light with Timer'], 'url': ['https://www.amazon.com/vdp/07e1dcc784f44407b3441c32ea2aeb55?ref=dp_vse_rvc_0', 'https://www.amazon.com/vdp/44431f86a22449c4b29bfed3c83446f2?ref=dp_vse_rvc_1', 'https://www.amazon.com/vdp/0b2d6df43e2a43b3b2b7188e84f4d613?ref=dp_vse_rvc_2', 'https://www.amazon.com/vdp/02987d23c3b344bbb53d77647def5894?ref=dp_vse_rvc_3'], 'user_id': ['/shop/leeannebenjamin', '', '', '']}",hvfun,"['Home & Kitchen', 'Home Décor Products', 'Artificial Plants & Flowers', 'Artificial Vegetables']","{""Product Dimensions"": ""5 x 5.5 x 5.5 inches"", ""Item Weight"": ""1.01 pounds"", ""Department"": ""Womens"", ""Manufacturer"": ""Shenzhen City Yunzhi Trading Co., Ltd"", ""Item model number"": ""mercury glass pumpkin"", ""Best Sellers Rank"": {""Home & Kitchen"": 1115229, ""Artificial Vegetables"": 330}, ""Specific instructions for use"": ""Fall decor pumpkin"", ""Perfume"": ""Unscent"", ""Distinctive feature"": ""Home decorations, Fall decor"", ""Batteries required"": ""No"", ""Included Components"": ""1 PC glass pumpkins with lights"", ""Import"": ""Imported"", ""Color"": ""Silvery"", ""Brand"": ""Hvfun"", ""Material"": ""Glass"", ""Theme"": ""Christmas"", ""Item Dimensions LxWxH"": ""5 x 5.5 x 5.5 inches""}",B07547PTX8,,,
Tools & Home Improvement,"Allied Brass SR-72 72 Inch Shower Curtain Rod, Matte Gray",3,1,"['Crafted of the finest solid brass materials', 'Rod is supplied with 2 sections that are seamlessly connected', 'Brackets are sold separately', 'Designer finish will provide corrosion free performance', 'Available in a wide variety of lifetime designer finishes', 'Products are provided with a limited lifetime']",['This shower curtain rod is a lasting addition for your bathroom. This shower curtain rod is an upgrade from less durable rods that are likely to corrode. Crafted of the finest solid brass materials and provided with one of our designer lifetime finishes. Shower curtain rod is supplied in sections with a seamless concealed connector. Shower rod brackets sold separately.'],142.45,"{'hi_res': ['https://m.media-amazon.com/images/I/41hnzAhkuuS._AC_SL1500_.jpg'], 'large': ['https://m.media-amazon.com/images/I/11C-8cWxu3S._AC_.jpg'], 'thumb': ['https://m.media-amazon.com/images/I/11C-8cWxu3S._AC_US75_.jpg'], 'variant': ['MAIN']}","{'title': [], 'url': [], 'user_id': []}",Allied Precision Industries,"['Home & Kitchen', 'Bath', 'Bathroom Accessories', 'Shower Curtains, Hooks & Liners', 'Shower Curtain Rods']","{""Manufacturer"": ""Avondale Decor LLC"", ""Part Number"": ""SR-72-GYM"", ""Item Weight"": ""3.2 Pounds"", ""Product Dimensions"": ""72 x 1 x 1 inches"", ""Item model number"": ""SR-72"", ""Is Discontinued By Manufacturer"": ""No"", ""Color"": ""Matte Gray"", ""Finish"": ""Matte"", ""Material"": ""Brass"", ""Item Package Quantity"": ""1"", ""Mounting Type"": ""Tension Mounted"", ""Included Components"": ""Shower Curtain Rod and any required hardware"", ""Batteries Required?"": ""No"", ""Warranty Description"": ""Lifetime Warranty Against Manufacturer'S Defects"", ""Best Sellers Rank"": {""Home & Kitchen"": 7695710, ""Shower Curtain Rods"": 2794}, ""Date First Available"": ""July 4, 2018"", ""Brand"": ""Allied Precision Industries""}",B076KHQGC6,,,
Amazon Home,"Popular Bath 936759 Michelle, Shower Curtain",4.5,97,"['Polyester', 'Gorgeous Design: Fashionable for any bathroom or spa, Michelle Collection will add a modern touch to your room. Create a unique room that matches your personal style with bathroom accessories that showing off your style.', ""Light up your bathroom room with this unique design Shower curtain, quick, easy and affortable update to your bathroom's décor with elegance that is crafted to highlight your taste."", 'Enhance Your Décor: Elegant Michelle shower curtain design is sleek and modern to classic with trendy design adds a fresh clean look to any bathroom space. Take your bathroom décor to stylish level with stunning and great touch of elegance to your bathroom.', 'IDEAL GIFT – This modern and contemporary design features a durable material shower curtain, which will add a classy addition to any bathroom.', 'Durable Long lasting design with polyster material. Button holes for easy hanging - shower hooks sold separately. Iron as needed do not bleach hang to dry. Measures 72"" x 70""']","[""Light up your bathroom room with this unique design Shower curtain, quick, easy and affortable update to your bathroom's décor with elegance that is crafted to highlight your taste.""]",28.08,"{'hi_res': ['https://m.media-amazon.com/images/I/81Jo+o8oezL._AC_SL1500_.jpg', 'https://m.media-amazon.com/images/I/71-Lf2ooHTL._AC_SL1500_.jpg', 'https://m.media-amazon.com/images/I/71fKd6IH26L._AC_SL1426_.jpg', 'https://m.media-amazon.com/images/I/71Nv1EO2T6L._AC_SL1100_.jpg', 'https://m.media-amazon.com/images/I/71FIyNAmTXL._AC_SL1500_.jpg', 'https://m.media-amazon.com/images/I/81k5RrEcf2L._AC_SL1500_.jpg'], 'large': ['https://m.media-amazon.com/images/I/41fwwmtY93L._AC_.jpg', 'https://m.media-amazon.com/images/I/51Wq2Fy60PL._AC_.jpg', 'https://m.media-amazon.com/images/I/41ARrbOOTtL._AC_.jpg', 'https://m.media-amazon.com/images/I/51W9xwmESHL._AC_.jpg', 'https://m.media-amazon.com/images/I/41M5Gn5ctJL._AC_.jpg', 'https://m.media-amazon.com/images/I/41IFoqbhcHL._AC_.jpg'], 'thumb': ['https://m.media-amazon.com/images/I/41fwwmtY93L._AC_US75_.jpg', 'https://m.media-amazon.com/images/I/51Wq2Fy60PL._AC_US75_.jpg', 'https://m.media-amazon.com/images/I/41ARrbOOTtL._AC_US75_.jpg', 'https://m.media-amazon.com/images/I/51W9xwmESHL._AC_US75_.jpg', 'https://m.media-amazon.com/images/I/41M5Gn5ctJL._AC_US75_.jpg', 'https://m.media-amazon.com/images/I/41IFoqbhcHL._AC_US75_.jpg'], 'variant': ['MAIN', 'PT01', 'PT02', 'PT03', 'PT88', 'EV01']}","{'title': ['Serena Shower Curtain'], 'url': ['https://www.amazon.com/vdp/9046ea4d9c504d86931d1e3f3edf2d58?ref=dp_vse_rvc_0'], 'user_id': ['']}",Popular Bath,"['Home & Kitchen', 'Bath', 'Bathroom Accessories', 'Shower Curtains, Hooks & Liners', 'Shower Curtains']","{""Product Dimensions"": ""72 x 70 x 1 inches"", ""Item Weight"": ""1.62 pounds"", ""Department"": ""womens"", ""Manufacturer"": ""Popular Bath"", ""Item model number"": ""936759"", ""Fabric Type"": ""Polyester"", ""Batteries required"": ""No""}",B0776QRQHX,,,
Amazon Home,Two Purple Leaves in Melted Gold Rugs Soft Non-Slip Indoor Outdoor Living Room Bedroom Kids Room Modern Home Decor Carpet Mat Yoga Mat Runner Rugs Doormat,1.9,4,[],[],None,"{'hi_res': ['https://m.media-amazon.com/images/I/81RIUx44i9L._AC_SL1300_.jpg', 'https://m.media-amazon.com/images/I/71ssTFN7s-L._AC_SL1300_.jpg', 'https://m.media-amazon.com/images/I/71D0C9wy1uL._AC_SL1300_.jpg', 'https://m.media-amazon.com/images/I/81Wacs5EeJL._AC_SL1500_.jpg'], 'large': ['https://m.media-amazon.com/images/I/61ucMHDl6IL._AC_.jpg', 'https://m.media-amazon.com/images/I/51IK3FBvTmL._AC_.jpg', 'https://m.media-amazon.com/images/I/51fRSgFzFtL._AC_.jpg', 'https://m.media-amazon.com/images/I/612zlWGwhzL._AC_.jpg'], 'thumb': ['https://m.media-amazon.com/images/I/61ucMHDl6IL._AC_US75_.jpg', 'https://m.media-amazon.com/images/I/51IK3FBvTmL._AC_US75_.jpg', 'https://m.media-amazon.com/images/I/51fRSgFzFtL._AC_US75_.jpg', 'https://m.media-amazon.com/images/I/612zlWGwhzL._AC_US75_.jpg'], 'variant': ['MAIN', 'PT01', 'PT02', 'PT03']}","{'title': [], 'url': [], 'user_id': []}",FUIENCFKE,[],"{""Color"": ""Purple"", ""Pattern"": ""Letter Print"", ""Shape"": ""Rectangular"", ""Special Feature"": ""Non Slip"", ""Material"": ""Polyester"", ""Room Type"": ""Living Room"", ""Pile Height"": ""High Pile"", ""Product Dimensions"": ""106\""L x 71\""W"", ""Style"": ""Modern"", ""Brand"": ""FUIENCFKE"", ""Theme"": ""Leaves,Modern"", ""Construction Type"": ""Handmade"", ""Product Care Instructions"": ""Hand Wash Only"", ""Back Material Type"": ""Rubber"", ""Package Dimensions"": ""25.5 x 18.25 x 8 inches"", ""Item Weight"": ""10.53 pounds"", ""Date First Available"": ""May 13, 2021""}",B0BTK7XJ8D,,,
Amazon Home,"Night & Day Furniture MUR-CLV CH and MND-GMF-TRI-QEN Murphy Cabinet Bed with Mattress, Queen, Chocolate",4.8,198,"['Easy to convert', 'Queen gel memory foam mattress', 'Can fit under a window and be moved around the room', 'Color: Chocolate', 'Made in Malaysia']",['Credenza style cabinet that folds out to a queen size bed. T. V. can be placed on top and stays in place when bed is folded out. Includes a gel-infused memory foam mattress. Less-expensive then wall beds and no installation to the wall required. Can fit under a window and be moved around the room.'],2597,"{'hi_res': ['https://m.media-amazon.com/images/I/81ILuS2AbzL._AC_SL1500_.jpg', 'https://m.media-amazon.com/images/I/71f+n-wnU+L._AC_SL1500_.jpg'], 'large': ['https://m.media-amazon.com/images/I/41QlyuGUNyL._AC_.jpg', 'https://m.media-amazon.com/images/I/41yGNYEuB7L._AC_.jpg'], 'thumb': ['https://m.media-amazon.com/images/I/41QlyuGUNyL._AC_US75_.jpg', 'https://m.media-amazon.com/images/I/41yGNYEuB7L._AC_US75_.jpg'], 'variant': ['MAIN', 'PT01']}","{'title': ['Night & Day Furniture Murphy Cabinet Bed with Mattress, Chocolate, Queen', 'Murphy Cabinet Bed Operational Video', 'LOVE our Murphy bed for guests! Stylish furniture! FULL DEMO', 'Murphey Cube Conversion Video', 'MUZZ Queen Size Murphy Bed', 'Night & Day Furniture Murphy""Cube"", Queen, Chocolate', 'Emurphybed Paradiseo Murphy Cabinet Chest Bed with Charging Station'], 'url': ['https://www.amazon.com/vdp/6a7e0f500e1345108bf8a9b29efb00ad?ref=dp_vse_rvc_0', 'https://www.amazon.com/vdp/0a07505889234e70ae8d8e9cfcffcf0f?ref=dp_vse_rvc_1', 'https://www.amazon.com/vdp/0c67619ca08748e3aab7c867a1cbb3b7?ref=dp_vse_rvc_2', 'https://www.amazon.com/vdp/023f5339642b439d906c05b62873c65b?ref=dp_vse_rvc_3', 'https://www.amazon.com/vdp/068f023973f8419cb0702186aeeac89c?ref=dp_vse_rvc_4', 'https://www.amazon.com/vdp/8842782165134e9298cebb018fea06a5?ref=dp_vse_rvc_5', 'https://www.amazon.com/vdp/07977b6da9ef48c3a463495777e0a638?ref=dp_vse_rvc_6'], 'user_id': ['', '', '/shop/influencer-5a39df09', '', '', '', '']}",Night & Day Furniture,"['Home & Kitchen', 'Furniture', 'Bedroom Furniture', 'Mattresses & Box Springs', 'Mattresses']","{""Style"": ""Modern"", ""Size"": ""Queen"", ""Color"": ""Chocolate"", ""Product Dimensions"": ""83\""L x 64\""W x 41\""H"", ""Brand"": ""Night & Day Furniture"", ""Included Components"": ""Cabinet and Mattress"", ""Item Weight"": ""205 pounds"", ""Material"": ""Wood"", ""Age Range (Description)"": ""Adult"", ""Maximum Weight Recommendation"": ""250 Pounds"", ""Assembly Required"": ""No"", ""Form Factor"": ""Murphy Bed"", ""Item model number"": ""MUR-CLV-QEN-CHO and MND-GMF-TRI-QEN"", ""Is Discontinued By Manufacturer"": ""No"", ""Best Sellers Rank"": {""Home & Kitchen"": 414142, ""Bedroom Furniture"": 4544}, ""Date First Available"": ""November 4, 2015""}",B077YB76J9,,,
Amazon Home,Tifung Titanium kitchen cutting boards cutting baors hard anvil plate fruit plate hardwood anvil 11.8 x14.1 in,5,1,"['Titanium cutting board is lightweight,suitable for camping,environmentally friendly tableware and kitchen utensils,will not leave odor', 'Titanium cutting board no heavy metal dissolution', 'Titanium cutting board does not hurt the knife,safest and healthier tableware', 'Made of ASTM G1 Titanium for durability and long life. No need to buy another set', 'Made in Taiwan']","['Titanium cutting board is non-toxic, lightweight, suitable for camping, environmentally friendly tableware and kitchen utensils, will not leave odor The titanium plate has acid and alkali resistance and no heavy metal is dissolved. Titanium cutting board does not hurt the knife, durable, safest, healthier tableware Made of ASTM G1 titanium. No need to buy another set Made in Taiwan']",None,"{'hi_res': ['https://m.media-amazon.com/images/I/71H05RWtukL._AC_SL1500_.jpg', 'https://m.media-amazon.com/images/I/51dbE1kziDL._AC_SL1395_.jpg', 'https://m.media-amazon.com/images/I/81h2-vVkQGL._AC_SL1500_.jpg', 'https://m.media-amazon.com/images/I/81ixDSPOwxL._AC_SL1500_.jpg', 'https://m.media-amazon.com/images/I/71qi27X7CcL._AC_SL1500_.jpg', 'https://m.media-amazon.com/images/I/81PaYPMa-AL._AC_SL1500_.jpg', 'https://m.media-amazon.com/images/I/812hnVqbhAL._AC_SL1500_.jpg', 'https://m.media-amazon.com/images/I/61lzTvPbJpL._AC_SL1400_.jpg'], 'large': ['https://m.media-amazon.com/images/I/41NT1Io9qML._AC_.jpg', 'https://m.media-amazon.com/images/I/31SWbVdcVhL._AC_.jpg', 'https://m.media-amazon.com/images/I/41P99HTiF7L._AC_.jpg', 'https://m.media-amazon.com/images/I/51VKyTvdynL._AC_.jpg', 'https://m.media-amazon.com/images/I/41wSkY17C-L._AC_.jpg', 'https://m.media-amazon.com/images/I/41T1MAist4L._AC_.jpg', 'https://m.media-amazon.com/images/I/51n2ZXrCVYL._AC_.jpg', 'https://m.media-amazon.com/images/I/417yfes85wL._AC_.jpg'], 'thumb': ['https://m.media-amazon.com/images/I/41NT1Io9qML._AC_US75_.jpg', 'https://m.media-amazon.com/images/I/31SWbVdcVhL._AC_US75_.jpg', 'https://m.media-amazon.com/images/I/41P99HTiF7L._AC_US75_.jpg', 'https://m.media-amazon.com/images/I/51VKyTvdynL._AC_US75_.jpg', 'https://m.media-amazon.com/images/I/41wSkY17C-L._AC_US75_.jpg', 'https://m.media-amazon.com/images/I/41T1MAist4L._AC_US75_.jpg', 'https://m.media-amazon.com/images/I/51n2ZXrCVYL._AC_US75_.jpg', 'https://m.media-amazon.com/images/I/417yfes85wL._AC_US75_.jpg'], 'variant': ['MAIN', 'PT01', 'PT02', 'PT03', 'PT04', 'PT05', 'PT06', 'PT07']}","{'title': [], 'url': [], 'user_id': []}",Tifung Titanium,"['Home & Kitchen', 'Kitchen & Dining', 'Kitchen Utensils & Gadgets', 'Cutting Boards', 'Cutting Boards']","{""Brand"": ""Tifung Titanium"", ""Color"": ""Silver"", ""Material"": ""titanium"", ""Shape"": ""Rectangular"", ""Product Care Instructions"": ""Hand Wash"", ""Special Feature"": ""Lightweight"", ""Item Weight"": ""0.31 Pounds"", ""Number of Items"": ""1"", ""Manufacturer"": ""Tifung Titanium"", ""Is Discontinued By Manufacturer"": ""No"", ""Date First Available"": ""August 14, 2018""}",B01DR2ACA0,,,
Amazon Home,San Francisco Cable Car 7 inch Natural Brown Top Musical With Copyrighted Exclusive Paul Herbert Poem,5,2,"['San Francisco Cable Car Gift Boxed on Musical', 'Great for kids and adults. Great stocking stuffer or gift.', 'Great Gift or For Personal Use Includes Copyrighted Material', 'Looks Great On Your Desk. Feels Very Solid...', 'San Francisco Memories ! Packaged in nice gift box.']","['A great San Francisco Cable Car . High quality, fells great to hold. For kids and adults. Great novelty item. Looks classy on a desk or a childs room Great gift for your child, friends, family, or yourself.']",None,"{'hi_res': [None], 'large': ['https://m.media-amazon.com/images/I/31WGcErlxEL._AC_.jpg'], 'thumb': ['https://m.media-amazon.com/images/I/31WGcErlxEL._AC_US75_.jpg'], 'variant': ['MAIN']}","{'title': [], 'url': [], 'user_id': []}",City Coffee Mugs,"['Home & Kitchen', 'Kitchen & Dining', 'Dining & Entertaining', 'Glassware & Drinkware', 'Cups, Mugs, & Saucers', 'Coffee Cups & Mugs']","{""Product Dimensions"": ""6 x 3 x 4 inches"", ""Item Weight"": ""4 Ounces"", ""Manufacturer"": ""City Coffee Mugs"", ""Is Discontinued By Manufacturer"": ""No"", ""Date First Available"": ""July 6, 2013"", ""Brand"": ""City Coffee Mugs"", ""Material"": ""Hardwood"", ""Color"": ""Green""}",B077MNPF15,,,
Amazon Home,"ZM Electric Toothbrush Holder (4Pcs), Bathroom Toothbrush Holder, Wall-Mounted Electric Toothbrush Manager, Suitable for All Wall Toothbrush Holders, Keeping Toothbrushes Dry and Clean",4.6,15,[],[],None,"{'hi_res': ['https://m.media-amazon.com/images/I/51XeLoXWr6L._AC_SL1000_.jpg', 'https://m.media-amazon.com/images/I/51sOq4IknVL._AC_SL1056_.jpg', 'https://m.media-amazon.com/images/I/61C+GhyncUL._AC_SL1349_.jpg', 'https://m.media-amazon.com/images/I/61KV9CFva4L._AC_SL1000_.jpg', 'https://m.media-amazon.com/images/I/61zbKhhE-iL._AC_SL1500_.jpg', 'https://m.media-amazon.com/images/I/61l-OyE8PqL._AC_SL1000_.jpg', 'https://m.media-amazon.com/images/I/61v7lc0M3uL._AC_SL1000_.jpg'], 'large': ['https://m.media-amazon.com/images/I/313QIPTOXoL._AC_.jpg', 'https://m.media-amazon.com/images/I/310ACPNKB4L._AC_.jpg', 'https://m.media-amazon.com/images/I/41EJLUgNkCL._AC_.jpg', 'https://m.media-amazon.com/images/I/41Fpf1OPAZL._AC_.jpg', 'https://m.media-amazon.com/images/I/41SmZGfTMJL._AC_.jpg', 'https://m.media-amazon.com/images/I/51sHZIJrVyL._AC_.jpg', 'https://m.media-amazon.com/images/I/51TtcOzrHhL._AC_.jpg'], 'thumb': ['https://m.media-amazon.com/images/I/313QIPTOXoL._AC_US75_.jpg', 'https://m.media-amazon.com/images/I/310ACPNKB4L._AC_US75_.jpg', 'https://m.media-amazon.com/images/I/41EJLUgNkCL._AC_US75_.jpg', 'https://m.media-amazon.com/images/I/41Fpf1OPAZL._AC_US75_.jpg', 'https://m.media-amazon.com/images/I/41SmZGfTMJL._AC_US75_.jpg', 'https://m.media-amazon.com/images/I/51sHZIJrVyL._AC_US75_.jpg', 'https://m.media-amazon.com/images/I/51TtcOzrHhL._AC_US75_.jpg'], 'variant': ['MAIN', 'PT01', 'PT02', 'PT03', 'PT04', 'PT05', 'PT06']}","{'title': [], 'url': [], 'user_id': []}",nobrand,"['Home & Kitchen', 'Bath', 'Bathroom Accessories', 'Holders & Dispensers', 'Toothbrush Holders']","{""Package Dimensions"": ""5.71 x 4.33 x 3.58 inches"", ""Item Weight"": ""5.8 ounces"", ""Brand"": ""Nobrand"", ""Color"": ""Clear"", ""Mounting Type"": ""Wall Mount""}",B06XKXK3V4,,,
Amazon Home,"PASSENGER PIGEON Cordless Solar Window Shades, Premium Stop Freely Roller Blinds, Light Filtering UV Protection Flame Retardant Water Proof Custom Made Roller Shades,33"" W x 36"" L,Light Grey",5,2,"['DESCRIPTION: Cordless solar window blinds, Crafted\xa0from\xa0high-tech\xa0materials,\xa0flame\xa0retardant\xa0and\xa0waterproof,\xa0reduction\xa0of\xa0sun\xa0glare\xa0and\xa0UV\xa0protection,\xa0the\xa0roller\xa0shade\xa0has\xa0a\xa0transparency\xa0that\xa0permits\xa0outdoor\xa0view\xa0daylight\xa0hours\xa0allows\xa0the\xa0same\xa0view\xa0of\xa0interiors\xa0at\xa0night\xa0when\xa0lights\xa0are\xa0on,\xa0so\xa0solar\xa0blinds\xa0function\xa0best\xa0in\xa0living\xa0spaces\xa0where\xa0night-time\xa0privacy\xa0is\xa0not\xa0a\xa0priority. No cord for a clean look and child safety. The cord at the bottom is removable which can help you control the shade.', 'ORDER CONFIRMATION: Select the pattern you like then click the ""Customize Now"" bottom, leave all the information according to the instructions as detailed as possible. We will send email to all customers to double confirm the size in 24 hours, please make sure you will reply email timely. If we don\'t get your reply in 48 hours, we will make the shades as your order customizations. Any question you can call or text us at Cell Phone: (929)390-6677', 'INSIDE MOUNT: Inside mount require a MIN 2""(if with valance need MIN 4"")window frame depth. You need choose the exact WINDOW inside width and height to place order, then WE will minu 0.25"" (the mounting space) base on your window width to the final shade width. For example, if your window inside are 35.75"" wide by 42"" high, select 35"" W and 3/4 as the order width, select 42""H as the order height, the shade you get is 35.5"" Wide (total shade is 35.5""W, actual fabric is 34.3""W ) by 42"" High.', 'OUTSIDE MOUNT: The shade width and length should be 3"" to 10"" wider than window for better coverage. You need choose the exact SHADE width and height to place order. For example, if your window is 40.75"" wide by 58"" height, the shade should be at least 44""wide and 63"" high, you need to select 44"" W and 66"" H to place order. We will make no deduction, you will get the exact shade size you ordered 44""W by 63""H. For outside mount, if there is enough space, the bigger the better.', 'SHIPPING: WE DO NOT DELIVER TO PO BOX and APO ADDRESSES. Courier companies do not deliver to PO boxes and the shades are to long for Post, please provide your delivery address. Couriers deliver 9am-5pm weekdays and ask to sign Proof of Delivery, so it could be your work address too. When you shop with us, we will promise your project be a success. No matter if you made a mistake or there are other issues, you will be covered.']","['MOUNT TYPES:', 'Inside mounted shades will have a deduction taken of approximately 1/4"" to ensure a proper fit inside the window frame.Inside mounted shades require a minimum frame depth of 2 inches for secure installation. If your window frame depth is less than 2 inches please select outside mount.Outside mounted shades should be ordered with the exact width of the area you wish to cover. Outside mounts are often used when there is not sufficient frame depth for inside mounting.Our shades come with all mounting hardware, and mounting hardware for both inside mount and outside mount', 'INSIDE MOUNT MEASUREMENT:', 'Step 1.', 'Measure the inside frame width at three locations-the top,middle,and bottom. Record the smallest of the 3 measurements and use that number as your inside width when ordering.', 'Step 2.', 'Measure the height at 3 locations-the left,middle,and right side. Record the smallest of the 3 measurements and use the number as your inside width when ordering.', 'OUTSIDE MOUNT MEASUREMENT:', 'Step 1.', 'Measure the outside frame width adding 6-10inch to be the outside mount width.', 'Step 2.', 'Measure the outside frame length adding 5-10inch to be the outside mount length. The overlap it recommended to allow appropriate coverage and avoid any light gaps.', 'Type:', 'Solid color roller shade.', 'Feature:', 'Sun-Shading Waterproof Rust proof Flame Retardant', 'Material:', 'Polyester Fabric', 'Installation:', 'All Mounting Hardware Included.']",87.99,"{'hi_res': ['https://m.media-amazon.com/images/I/71GTgtQs5CL._AC_SL1000_.jpg', 'https://m.media-amazon.com/images/I/71zgDDbUNxL._AC_SL1000_.jpg', None, None, 'https://m.media-amazon.com/images/I/615uTq8GH6L._AC_SL1000_.jpg', 'https://m.media-amazon.com/images/I/713h-ly0A1L._AC_SL1000_.jpg', 'https://m.media-amazon.com/images/I/61wIz-d0hAL._AC_SL1000_.jpg', None, None], 'large': ['https://m.media-amazon.com/images/I/51YAQxKvBuL._AC_.jpg', 'https://m.media-amazon.com/images/I/514LMkfpsiL._AC_.jpg', 'https://m.media-amazon.com/images/I/41K0YXlU1pL._AC_.jpg', 'https://m.media-amazon.com/images/I/51HlqfCzpDL._AC_.jpg', 'https://m.media-amazon.com/images/I/51eD2MRXrLL._AC_.jpg', 'https://m.media-amazon.com/images/I/51RY9VAnT7L._AC_.jpg', 'https://m.media-amazon.com/images/I/512Aplcf0wL._AC_.jpg', 'https://m.media-amazon.com/images/I/51YjJOW0XKL._AC_.jpg', 'https://m.media-amazon.com/images/I/51SkGOU+nyL._AC_.jpg'], 'thumb': ['https://m.media-amazon.com/images/I/51YAQxKvBuL._AC_US75_.jpg', 'https://m.media-amazon.com/images/I/514LMkfpsiL._AC_US75_.jpg', 'https://m.media-amazon.com/images/I/41K0YXlU1pL._AC_US75_.jpg', 'https://m.media-amazon.com/images/I/51HlqfCzpDL._AC_US75_.jpg', 'https://m.media-amazon.com/images/I/51eD2MRXrLL._AC_US75_.jpg', 'https://m.media-amazon.com/images/I/51RY9VAnT7L._AC_US75_.jpg', 'https://m.media-amazon.com/images/I/512Aplcf0wL._AC_US75_.jpg', 'https://m.media-amazon.com/images/I/51YjJOW0XKL._AC_US75_.jpg', 'https://m.media-amazon.com/images/I/51SkGOU+nyL._AC_US75_.jpg'], 'variant': ['MAIN', 'PT01', 'PT02', 'PT03', 'PT04', 'PT05', 'PT06', 'PT07', 'PT08']}","{'title': [], 'url': [], 'user_id': []}",PASSENGER PIGEON,[],"{""Material"": ""Fabric"", ""Product Dimensions"": ""36\""L x 33\""W"", ""Brand"": ""PASSENGER PIGEON"", ""Color"": ""Light Grey - Cordless"", ""Room Type"": ""Bathroom, Bedroom"", ""Operation Mode"": ""Manual"", ""Special Feature"": ""Cordless"", ""Size"": ""33\"" W x 36\""L"", ""Mounting Type"": ""Inside Mount, Outside Mount"", ""Number Of Panels"": ""1"", ""Water Resistance Level"": ""Waterproof"", ""Manufacturer"": ""Passenger Pigeon"", ""Country of Origin"": ""China""}",B0BZD6YW72,,,
Amazon Home,"Dansion 2 Tiers Console Sofa Table with Power Outlet, Industrial Entryway Table with Open Storage Shelf, Accent Side Table with LED Strip Lights for Hallway Living Room, X-Shaped Metal Frame Support",4.6,87,"['Premium Entryway Table : Add the rustic urban industrial entry table in your entrance or mudroom for added style. Featured 2 standard plug outlets & 2 USB ports, the DANSION sofa table is an ideal setup for charging your phones, tablets, laptop, lamps and other device with your arm’s reach.', 'Sturdy and Durable : Made of harmless high-density MDF and supported by a sturdy steel frame, this wall table is designed to provide you with outstanding durability and stability. The surface has a smooth dirt-proof coating, easy to clean. With high load carrying capacity, it can withstand up to 50 pounds of weight.', 'Large Storage Space : 2 shelves of waterproof and scratch-resistant wooden narrow entryway table, large display space. Top surface is perfect for putting your lamp, flower, photo, decors while the bottom shelf is ideal to store your books, sundries box or other daily necessities to save space.', 'Multi-Functional Use : Simple and exquisite design style, suitable for a variety of home decoration styles, as a console table, sofa table, entryway table, coffee bar table, storage shelf, TV console stand or dining table. The unique LED strip light design of the entryway table can provide more sense of ambiance to your room.', 'Easy to Assemble : According to the detailed instructions, this console table can be easily assembled. If you meet any issue with our entryway table in quality or assemble, please feel free to contact us, we will get back to you within 24 hours. Overall Dimension of the entryway table: 47.2"" W x 9"" D x 29.5"" H']",[],99.99,"{'hi_res': ['https://m.media-amazon.com/images/I/81RD+6SWsNL._AC_SL1500_.jpg', 'https://m.media-amazon.com/images/I/91V7sTwfvwL._AC_SL1500_.jpg', 'https://m.media-amazon.com/images/I/71Cm1XHxU0L._AC_SL1500_.jpg', 'https://m.media-amazon.com/images/I/81ZgWkZAnbL._AC_SL1500_.jpg', 'https://m.media-amazon.com/images/I/91vvfkz3yiL._AC_SL1500_.jpg', 'https://m.media-amazon.com/images/I/91bN5QWJIsL._AC_SL1500_.jpg', 'https://m.media-amazon.com/images/I/819nNMYaZjL._AC_SL1500_.jpg'], 'large': ['https://m.media-amazon.com/images/I/51nS+SRWpQL._AC_.jpg', 'https://m.media-amazon.com/images/I/51ZKOGYOQdL._AC_.jpg', 'https://m.media-amazon.com/images/I/41ZPTbcpYHL._AC_.jpg', 'https://m.media-amazon.com/images/I/51e7uYj3TGL._AC_.jpg', 'https://m.media-amazon.com/images/I/5151C1oBqSL._AC_.jpg', 'https://m.media-amazon.com/images/I/51OxFD4tuiL._AC_.jpg', 'https://m.media-amazon.com/images/I/51x-cn4xLhL._AC_.jpg'], 'thumb': ['https://m.media-amazon.com/images/I/51nS+SRWpQL._AC_US75_.jpg', 'https://m.media-amazon.com/images/I/51ZKOGYOQdL._AC_US75_.jpg', 'https://m.media-amazon.com/images/I/41ZPTbcpYHL._AC_US75_.jpg', 'https://m.media-amazon.com/images/I/51e7uYj3TGL._AC_US75_.jpg', 'https://m.media-amazon.com/images/I/5151C1oBqSL._AC_US75_.jpg', 'https://m.media-amazon.com/images/I/51OxFD4tuiL._AC_US75_.jpg', 'https://m.media-amazon.com/images/I/51x-cn4xLhL._AC_US75_.jpg'], 'variant': ['MAIN', 'PT05', 'PT06', 'PT01', 'PT02', 'PT03', 'PT04']}","{'title': ['Thin enough for small spaces', ' It is very convenient to have The price is great', 'Dansion 2 Tiers Console Sofa Table with Power Outlet', 'Narrow Sofa Table-Detailed Instruction', 'VASAGLE Narrow Long Sofa Table with Outlet', 'Rolanstar Narrow Console Table ', 'Mole Bean Narrow Console Table, 2 Tiers Sofa Table with Outlet', 'SUPERJARE 70.9 Inch Console Table Review', 'Masupu sofa tables narrow long', 'Narrow Sofa Table with Outlet and USB Port'], 'url': ['https://www.amazon.com/vdp/0986b6ced2e145f2afffb5da27c3d102?ref=dp_vse_rvc_0', 'https://www.amazon.com/vdp/0f3d6df1c91443dbb299002a468d75cd?ref=dp_vse_rvc_1', 'https://www.amazon.com/vdp/0c8a4c6c56b14362bfe90491f12fa7ac?ref=dp_vse_rvc_2', 'https://www.amazon.com/vdp/07d864992d0940c4a18f37c1688a6a7b?ref=dp_vse_rvc_3', 'https://www.amazon.com/vdp/0579536cf0e441989bc6e2b18c33dcb7?ref=dp_vse_rvc_4', 'https://www.amazon.com/vdp/070976b04b9845468da315358024025b?ref=dp_vse_rvc_5', 'https://www.amazon.com/vdp/0f0eafad4faf46998fd2ce844c13d603?ref=dp_vse_rvc_6', 'https://www.amazon.com/vdp/021e94f91b014fe0994483ad23da02c7?ref=dp_vse_rvc_7', 'https://www.amazon.com/vdp/0a8c233360f44487b2d5a966f7b224e4?ref=dp_vse_rvc_8', 'https://www.amazon.com/vdp/0d66ffcae26d4aad848af8def7dbe67a?ref=dp_vse_rvc_9'], 'user_id': ['AEFB2N4HTCUHXUXELUNBPXA3KWVQ', 'AGRHAZRMDNUVXGIY575AWFQR56TA', '', '', '', '', '', '/shop/joelwilliams', '', '']}",Dansion,"['Home & Kitchen', 'Furniture', 'Living Room Furniture', 'Tables', 'Sofa & Console Tables']","{""Product Dimensions"": ""9.05\""D x 47.24\""W x 29.52\""H"", ""Color"": ""Grey"", ""Shape"": ""Rectangular"", ""Brand"": ""Dansion"", ""Table design"": ""Console Table"", ""Special Feature"": ""Storage"", ""Style"": ""With LED light"", ""Room Type"": ""Bedroom"", ""Top Material Type"": ""Engineered Wood"", ""Base Type"": ""Legs"", ""Frame Material"": ""Engineered Wood, Wood"", ""Assembly Required"": ""Yes"", ""Furniture Finish"": ""Alloy Steel"", ""Item Weight"": ""26.4 pounds"", ""Manufacturer"": ""Dansion"", ""Country of Origin"": ""China"", ""Best Sellers Rank"": {""Home & Kitchen"": 524888, ""Sofa Tables"": 635}, ""Date First Available"": ""May 24, 2022""}",B06Y1H3LTD,,,
Amazon Home,Personalized Served 24/7 Wood Tavern & Bar Sign,4,10,[],"['Notify guests that the tap will be open all night with our Personalized Served 24/7 Wood Tavern & Bar Sign hanging on the wall. Designed with retro charm, these pub sign is a welcomed � and welcoming � choice in a game room, home bar or backyard patio. With these groomsmen gifts at the ready, the buddies at your wedding will be ready to life their beer bottles in toast to your fine tastes! Designed from genuine wood with rounded edges, our personalized sign has a background of vintage-look red punched up with a big ole graphic of a beer cap. Personalized with the recipients name (up to 15 characters) and the message �cold brew served 24/7 ice cold . . . always,� these groomsmen gifts are the cure for what �ales� you and the guys! Notify guests that the tap will be open all night with our Personalized Served 24/7 Wood Tavern & Bar Sign hanging on the wall. Designed with retro charm, these pub sign is a welcomed � and welcoming � choice in a game room, home bar or backyard patio. With these groomsmen gifts at the ready, the buddies at your wedding will be ready to life their beer bottles in toast to your fine tastes!']",None,"{'hi_res': [None], 'large': ['https://m.media-amazon.com/images/I/61NiTKeWqaL._AC_.jpg'], 'thumb': ['https://m.media-amazon.com/images/I/61NiTKeWqaL._AC_US75_.jpg'], 'variant': ['MAIN']}","{'title': [], 'url': [], 'user_id': []}",JDS Marketing,"['Home & Kitchen', 'Home Décor Products', 'Home Décor Accents', 'Decorative Accessories', 'Decorative Signs & Plaques']","{""Manufacturer"": ""JDS Marketing Inc"", ""Item model number"": ""GC1067 SERVED24 7"", ""Is Discontinued By Manufacturer"": ""No"", ""Batteries required"": ""No""}",B0988L5494,,,
Handmade,Valentine Gift for Boyfriend Lets Get It On Candle Gift for Husband Valentines Day Gift Adult Love Card Funny Valentines Day Gift for Him,4.3,17,"['Completely Handmade in Astoria, Oregon.', 'Comes ready to gift in a lovely gift box.', ""Perfect Valentine's Day Gift or Anytime Gift!"", 'LETS GET IT ON GIFT BOX UPGRADE AVAILABLE!', ""Gift Box Upgrade Includes 1. Your Custom ''Let's Get It On'' Hand Poured Soy Candle. (2 Size Options Available) Completely personalized with your name on the candle lid! 2. A RED ''LOVE'' Matchbox Set. 3. Your ''I LOVE US'' Ceramic Coffee Mug. 4. Red Lips Cherry Flavored Lollipop. 5. Kiss ME Over and Over Valentine Card""]","[""Let's Get It On Personalized Hand Poured Soy Candle available in 2 size options.""]",24,"{'hi_res': ['https://m.media-amazon.com/images/I/712DpwWlA3L._SL1500_.jpg', 'https://m.media-amazon.com/images/I/71nUVQdh8qL._SL1426_.jpg', None, 'https://m.media-amazon.com/images/I/91PTYpTMq2L._SL1500_.jpg', 'https://m.media-amazon.com/images/I/81oxCFx9aUL._SL1500_.jpg', 'https://m.media-amazon.com/images/I/61JNkXBxf+L._SL1500_.jpg', 'https://m.media-amazon.com/images/I/81+hxyJNUkL._SL1500_.jpg', 'https://m.media-amazon.com/images/I/91QMfszL9EL._SL1500_.jpg'], 'large': ['https://m.media-amazon.com/images/I/4191tBUJBDL.jpg', 'https://m.media-amazon.com/images/I/41paCYabO1L.jpg', 'https://m.media-amazon.com/images/I/41kC32xgtRL.jpg', 'https://m.media-amazon.com/images/I/51-NRA5AD-L.jpg', 'https://m.media-amazon.com/images/I/41ZfItib7BL.jpg', 'https://m.media-amazon.com/images/I/31j7wL9WiiL.jpg', 'https://m.media-amazon.com/images/I/41YLy8zq8hL.jpg', 'https://m.media-amazon.com/images/I/51hV+bb9GhL.jpg'], 'thumb': ['https://m.media-amazon.com/images/I/4191tBUJBDL._SS40_.jpg', 'https://m.media-amazon.com/images/I/41paCYabO1L._SS40_.jpg', 'https://m.media-amazon.com/images/I/41kC32xgtRL._SS40_.jpg', 'https://m.media-amazon.com/images/I/51-NRA5AD-L._SS40_.jpg', 'https://m.media-amazon.com/images/I/41ZfItib7BL._SS40_.jpg', 'https://m.media-amazon.com/images/I/31j7wL9WiiL._SS40_.jpg', 'https://m.media-amazon.com/images/I/41YLy8zq8hL._SS40_.jpg', 'https://m.media-amazon.com/images/I/51hV+bb9GhL._SS40_.jpg'], 'variant': ['MAIN', 'PT01', 'PT02', 'PT03', 'PT04', 'PT05', 'PT06', 'PT07']}","{'title': [], 'url': [], 'user_id': []}",Define Design 11,"['Home & Kitchen', 'Home Décor Products', 'Candles & Holders', 'Candles']","{""Date First Available"": ""December 25, 2016""}",B0BSPGR5T6,,,
Amazon Home,"Bargain Crusader Skull Head Vodka Shot Whiskey Wine Drinking Glass Bottle Decanter Skull Shaped Wine Bottle (1, 500ml Decanter)",4,325,"['Material: high borosilicate glass. Capacity: 500ml decanter. Package Included: 1 wine decanter. Handmade glass bottle guarantee the quality of products.', 'Perfect for DIY enthusiasts and Art collectors.', 'Beautiful Home Decoration, New Home and Date Necessary.', 'Good Light Transmission Performance.', 'Unique Design: Smooth bottle mouth, crystal clear bottle body, clear texture, create a mysterious atmosphere for you.']",[],16.39,"{'hi_res': ['https://m.media-amazon.com/images/I/51TpDHMOuEL._AC_SL1001_.jpg', None, None, None, None, None], 'large': ['https://m.media-amazon.com/images/I/41M3vPtdY6L._AC_.jpg', 'https://m.media-amazon.com/images/I/51z+92zV3KL._AC_.jpg', 'https://m.media-amazon.com/images/I/41vao7yGzBL._AC_.jpg', 'https://m.media-amazon.com/images/I/51b8jThMuaL._AC_.jpg', 'https://m.media-amazon.com/images/I/51P42kwbThL._AC_.jpg', 'https://m.media-amazon.com/images/I/41HfGWzPVXL._AC_.jpg'], 'thumb': ['https://m.media-amazon.com/images/I/41M3vPtdY6L._AC_US75_.jpg', 'https://m.media-amazon.com/images/I/51z+92zV3KL._AC_US75_.jpg', 'https://m.media-amazon.com/images/I/41vao7yGzBL._AC_US75_.jpg', 'https://m.media-amazon.com/images/I/51b8jThMuaL._AC_US75_.jpg', 'https://m.media-amazon.com/images/I/51P42kwbThL._AC_US75_.jpg', 'https://m.media-amazon.com/images/I/41HfGWzPVXL._AC_US75_.jpg'], 'variant': ['MAIN', 'PT01', 'PT02', 'PT03', 'PT04', 'PT05']}","{'title': ['Bargain Crusader Skull Head Vodka Shot Whiskey Wine Drinking Glass Bottle Decanter', 'skull glass  decanter', 'MDLUU Skull Decanter', 'Skull with Viking Helmet Liquor Decanters Set', 'Skull decanter set', 'skull bottle glass', 'Skull Decanter and Skeleton Wine Glasses', 'Skull Whiskey Set', 'Kobi & Knight Premium Skull Decanter. 750 ml', 'Skull Decanter- Perfect Liquor Bottle Gift for Men !'], 'url': ['https://www.amazon.com/vdp/0a6295187bc34850bf397db593704b2e?ref=dp_vse_rvc_0', 'https://www.amazon.com/vdp/061e8d670b484482a24bf4b8858ef101?ref=dp_vse_rvc_1', 'https://www.amazon.com/vdp/e706b93356cd48859963b0181aa38db1?ref=dp_vse_rvc_2', 'https://www.amazon.com/vdp/0b0c71c248db4eeb908c7436606ad207?ref=dp_vse_rvc_3', 'https://www.amazon.com/vdp/68ceb7386cb04ac199e9bbf6ccd4ef11?ref=dp_vse_rvc_4', 'https://www.amazon.com/vdp/029b44c5815a4b358988ac0c889483ba?ref=dp_vse_rvc_5', 'https://www.amazon.com/vdp/0809ac789f674d92a97999bedcde0f85?ref=dp_vse_rvc_6', 'https://www.amazon.com/vdp/000f3f0904714fcba22596425e6233d6?ref=dp_vse_rvc_7', 'https://www.amazon.com/vdp/02929f493d9f40f0a19a4ce5b8989180?ref=dp_vse_rvc_8', 'https://www.amazon.com/vdp/0c74af1c7239428c871c4b515caba0d4?ref=dp_vse_rvc_9'], 'user_id': ['', '', '', '', '', '', '', '', '', '']}",Bargain Crusader,"['Home & Kitchen', 'Kitchen & Dining', 'Dining & Entertaining', 'Dinnerware & Serveware', 'Serveware', 'Beverage Serveware', 'Wine Decanters']","{""Brand"": ""Bargain Crusader"", ""Material"": ""Glass"", ""Color"": ""Transparent"", ""Capacity"": ""1.7 Pounds"", ""Style"": ""Tableware"", ""Product Dimensions"": ""8.5 x 5.9 x 5.9 inches"", ""Item Weight"": ""10.6 ounces"", ""Model Name"": ""500ml Decanter-Skhead-01"", ""Manufacturer"": ""Summarytip"", ""Item model number"": ""500ml Decanter-Skhead-01"", ""Best Sellers Rank"": {""Kitchen & Dining"": 196990, ""Wine Decanters"": 175}, ""Is Discontinued By Manufacturer"": ""No"", ""Date First Available"": ""October 16, 2017""}",B089LTCK6R,,,
Amazon Home,Stadium Entrance Embossed Metal Sign,5,1,[],"['Featuring ""Stadium Entrance"" in embossed text with a rustic finish, this sign is perfect for garages, man caves, and even living rooms. Hang it up and show it off. This sign is 8 1/8"" tall x 20"" wide.']",None,"{'hi_res': [None, 'https://m.media-amazon.com/images/I/81M83H4njVL._AC_SL1500_.jpg'], 'large': ['https://m.media-amazon.com/images/I/41g0BKYIkiL._AC_.jpg', 'https://m.media-amazon.com/images/I/41l98Z0cGrL._AC_.jpg'], 'thumb': ['https://m.media-amazon.com/images/I/41g0BKYIkiL._AC_US75_.jpg', 'https://m.media-amazon.com/images/I/41l98Z0cGrL._AC_US75_.jpg'], 'variant': ['MAIN', 'PT01']}","{'title': [], 'url': [], 'user_id': []}",Open Road Brands,"['Home & Kitchen', 'Home Décor Products', 'Home Décor Accents', 'Decorative Accessories', 'Decorative Signs & Plaques']","{""Manufacturer"": ""Open Roads"", ""Is Discontinued By Manufacturer"": ""No"", ""Date First Available"": ""February 21, 2017"", ""Color"": ""red white black"", ""Brand"": ""Open Road Brands"", ""Material"": ""Metal""}",B08632FQ6F,,,
Amazon Home,banquetbay 4FT Stretch Tablecloth Rectangle Table Cover,4.6,87,"['High Quality Spandex Wrinkle Free and Stretchable Fabric', '1. 【Good Spandex Table Cover】: This rectangular table covers are stretchable, durable, wrinkle-free and stain resistant due to it was made from 82% Polyester material and 18% Spandex fabric with a 200 GSM. Most of the tablecovers on the market weights only 1.23 pounds, but ours are heavier. It means our table covers are thicker and durable', '【Thoughtful Design】: The 4 foot tablecloth fits tables that are 48""L X 30""W X 30""H. Four-way stretch spandex material and pockets for legs are designed for keeping the tablecloth securely in place to fit your table better and make a flat & professional look so that your table cover won\'t slip around or billow with wind. It works better and more beautiful than traditional tablecloths. Great for BBQ table in your backyard party', 'In order to meet your needs for different scene decoration, we offer 30+ colors for you to choose. The table cloths must be your best choice as family dinner, birthday party, anniversary, festival, wedding, vendors, buffet table cloths, banquet table covers, trade show table cloths, they can also be used in hotel receptions, craft fair displays, jewelry shows display ,buffet, the dessert, DJ, etc.', ""Machine washable with water (cold or room temperature) in gentle cycle. Use normal detergent. Bleach is not recommended. Don't wash with other materials. Wash like colors together. Tumble dry with low temperature. Avoid overloading the machine and make sure that both the washer and the dryer are in good working order. Gradually dry in dryer to avoid temperature shock.""]",[],15.25,"{'hi_res': [None, None, 'https://m.media-amazon.com/images/I/612MtTOsS6L._AC_SL1000_.jpg', 'https://m.media-amazon.com/images/I/41mg9a4vvaL._AC_SL1000_.jpg'], 'large': ['https://m.media-amazon.com/images/I/41FWvGBxWdL._AC_.jpg', 'https://m.media-amazon.com/images/I/31cCa4DBshL._AC_.jpg', 'https://m.media-amazon.com/images/I/51Wi90K40YL._AC_.jpg', 'https://m.media-amazon.com/images/I/31-FdIaEAlL._AC_.jpg'], 'thumb': ['https://m.media-amazon.com/images/I/41FWvGBxWdL._AC_US75_.jpg', 'https://m.media-amazon.com/images/I/31cCa4DBshL._AC_US75_.jpg', 'https://m.media-amazon.com/images/I/51Wi90K40YL._AC_US75_.jpg', 'https://m.media-amazon.com/images/I/31-FdIaEAlL._AC_US75_.jpg'], 'variant': ['MAIN', 'PT01', 'PT02', 'PT03']}","{'title': [], 'url': [], 'user_id': []}",banquetbay,"['Home & Kitchen', 'Event & Party Supplies', 'Decorations', 'Tablecovers']","{""Item Weight"": ""6.7 ounces"", ""Manufacturer"": ""banquetbay"", ""Date First Available"": ""October 28, 2022"", ""Brand"": ""Banquetbay"", ""Color"": ""Yellow"", ""Product Dimensions"": ""48\""L x 30\""W"", ""Pattern"": ""Solid"", ""Size"": ""4ft""}",B07T32P7BQ,,,
Amazon Home,PAVILIA Buffalo Red Plaid Chenille Throw Blanket | Soft Knitted Tassel Fringe Blanket for Sofa Couch Bed | Soft Silky Cozy Lightweight Check Throw | Checker Plaid Red White 50 x 60 Inches,4.5,1877,"['LUXURIOUSLY SOFT: Get cozy with this woven lightweight throw blanket that is beautiful and smooth to touch. Silky and velvet plush texture made of 100% chenille polyester', 'ELEGANT AND VERSATILE: Perfect for snuggling and keeping you warm or adding color and accent to your living space. It is single layered, breathable and lightweight for, all season use.', 'MIX AND MATCH: The cozy blanket with tassel design blanket provides the perfect accent for your couch, sofa, bed, and living space; Mix it up with your decor, drape it over your couch, sofa, sectional or bed to add style to your room; Available in 9 Colors and 2 sizes (50 x 60 inches and 60 x 80 inches - Twin Size)', 'HIGH QUALITY AND DURABLE CONSTRUCTION: Made with high grade 950 GSM of 100% premium microfiber polyester, this blanket is plush, lightweight, yet durable. Given its beautiful vibrant color and quality craftsmanship, this blanket makes a great gift for adults and kids on any occasions!', 'EASY TO CARE: Hand wash in cold water; Lay flat to dry. DO NOT MACHINE WASH. Anti-fade, Anti-pilling, wrinkle-free, does not shed.']",[],22.99,"{'hi_res': ['https://m.media-amazon.com/images/I/71IGCj-udkS._AC_SL1000_.jpg', 'https://m.media-amazon.com/images/I/A1rTWoabqOS._AC_SL1500_.jpg', 'https://m.media-amazon.com/images/I/81ZlK2l4C0S._AC_SL1000_.jpg', 'https://m.media-amazon.com/images/I/71lpfdF-KvS._AC_SL1000_.jpg', 'https://m.media-amazon.com/images/I/710MHRlh5BS._AC_SL1000_.jpg', 'https://m.media-amazon.com/images/I/71FzMJP6S3S._AC_SL1000_.jpg', 'https://m.media-amazon.com/images/I/713i3j9sOmL._AC_SL1000_.jpg'], 'large': ['https://m.media-amazon.com/images/I/51sttTav1ES._AC_.jpg', 'https://m.media-amazon.com/images/I/51f49PZs3jS._AC_.jpg', 'https://m.media-amazon.com/images/I/617ytXsoZjS._AC_.jpg', 'https://m.media-amazon.com/images/I/51XG0-tIziS._AC_.jpg', 'https://m.media-amazon.com/images/I/61dXW6+-x2S._AC_.jpg', 'https://m.media-amazon.com/images/I/51iiotyLArS._AC_.jpg', 'https://m.media-amazon.com/images/I/61JElTwJxcL._AC_.jpg'], 'thumb': ['https://m.media-amazon.com/images/I/51sttTav1ES._AC_US75_.jpg', 'https://m.media-amazon.com/images/I/51f49PZs3jS._AC_US75_.jpg', 'https://m.media-amazon.com/images/I/617ytXsoZjS._AC_US75_.jpg', 'https://m.media-amazon.com/images/I/51XG0-tIziS._AC_US75_.jpg', 'https://m.media-amazon.com/images/I/61dXW6+-x2S._AC_US75_.jpg', 'https://m.media-amazon.com/images/I/51iiotyLArS._AC_US75_.jpg', 'https://m.media-amazon.com/images/I/61JElTwJxcL._AC_US75_.jpg'], 'variant': ['MAIN', 'PT01', 'PT02', 'PT03', 'PT04', 'PT05', 'PT06']}","{'title': ['Throw Blankets by DII', 'Classic, Versatile Buffalo Plaid Throw Blanke', 'RECYCO chenille throw blanket for couch bed gift ', 'Eddie Bauer Sherpa Throw Blanket Review!', 'PAVILIA Flannel Fleece Ombre Gradient Throw Blanket', 'Muse Dream Buffalo Throw Chenille Blankets in 6 Colors', 'Styling a pull out couch! Full twin underneath', 'Chenille Throw Blanket', 'Cozy Chenille Throw Blanket with Decorative Fringe ', 'Decorate with Buffalo Check by DII'], 'url': ['https://www.amazon.com/vdp/c9fbeb611c714a68ab41623e9d748814?ref=dp_vse_rvc_0', 'https://www.amazon.com/vdp/06c11bf788c64d08b3ecc918f15f392d?ref=dp_vse_rvc_1', 'https://www.amazon.com/vdp/053295f12bdd424aa7f6cf811aba8013?ref=dp_vse_rvc_2', 'https://www.amazon.com/vdp/0493795ab57e47529ab6f75ce0a366ab?ref=dp_vse_rvc_3', 'https://www.amazon.com/vdp/b12a3fdafd4a427faa8972c203b8ea19?ref=dp_vse_rvc_4', 'https://www.amazon.com/vdp/0cfdd52e58574e028c7f57a1ed1b7d41?ref=dp_vse_rvc_5', 'https://www.amazon.com/vdp/02a8037b98ef4f48a160b59a44e8d980?ref=dp_vse_rvc_6', 'https://www.amazon.com/vdp/0729dd01dcb341bbb6fadcdce7b9c8dc?ref=dp_vse_rvc_7', 'https://www.amazon.com/vdp/40b63941c0cd4d31bb632f1ad88b737b?ref=dp_vse_rvc_8', 'https://www.amazon.com/vdp/d6bf854dcad2475f8474e7da23e37773?ref=dp_vse_rvc_9'], 'user_id': ['', '', '', '/shop/candidtechtv', '', '', '/shop/influencer-3e77e84e', '', '', '']}",PAVILIA,"['Home & Kitchen', 'Bedding', 'Blankets & Throws', 'Throws']","{""Material"": ""Polyester"", ""Color"": ""Plaid Red/Black"", ""Brand"": ""PAVILIA"", ""Special Feature"": ""Lightweight, Breathable"", ""Style"": ""Contemporary"", ""Blanket Form"": ""Throw Blanket"", ""Age Range (Description)"": ""Adult"", ""Product Dimensions"": ""60 x 50 x 0.01 inches"", ""Theme"": ""Space"", ""Pattern"": ""Solid"", ""Product Care Instructions"": ""Hand Wash Only"", ""Size"": ""50 x 60 Inches - Throw"", ""Fabric Type"": ""100% Polyester"", ""Fabric Warmth Description"": ""Lightweight"", ""Item Weight"": ""2.2 pounds"", ""Department"": ""Kids"", ""Manufacturer"": ""PAVILIA"", ""Best Sellers Rank"": {""Home & Kitchen"": 56716, ""Bed Throws"": 299}, ""Date First Available"": ""July 20, 2020""}",B098DXB21S,,,
Amazon Home,Origins by Alpine White Pearl Wood 2 Drawer Nightstand in White,4.5,13,"['White Finish', 'Crafted with Mahogany Wood Solids & Veneer', 'Textured Drawer Faces', 'Gold Accent Legs', 'Gold Hardware']","['Sophisticated Contemporary Styling, the White Pearl Nightstand looks great in any bedroom. This piece can be used with the matching bed or coordinated with an upholstered bed. The 2 storage drawers feature textured drawer fronts and gold handles. The gold metal base gives the piece an open, off-the-floor look and simplifies cleaning. Coordinates with other pieces from the Origins by Alpine White Pearl bedroom collection sold separately.Features :- White Finish- Crafted with Mahogany Wood Solids & Veneer- Textured Drawer Faces- Gold Accent Legs- Gold Hardware- Metal Ball Bearing Drawer Glides- Felt Lined Top Drawer- 2 drawers for storage- Coordinates with other pieces from the Origins by Alpine White Pearl bedroom collection.Specifications :- Nightstand Dimensions : 26"" H x 24"" W x 16"" D- Product Weight : 46 lbs.']",263.8,"{'hi_res': [None, None, None, None, None, None], 'large': ['https://m.media-amazon.com/images/I/41TTby61P1L._AC_.jpg', 'https://m.media-amazon.com/images/I/5187EcHQuML._AC_.jpg', 'https://m.media-amazon.com/images/I/41qe7xI9JTL._AC_.jpg', 'https://m.media-amazon.com/images/I/41iIdtCm8hL._AC_.jpg', 'https://m.media-amazon.com/images/I/41tKHqoOi3L._AC_.jpg', 'https://m.media-amazon.com/images/I/41Vo-FVFpfL._AC_.jpg'], 'thumb': ['https://m.media-amazon.com/images/I/41TTby61P1L._AC_US75_.jpg', 'https://m.media-amazon.com/images/I/5187EcHQuML._AC_US75_.jpg', 'https://m.media-amazon.com/images/I/41qe7xI9JTL._AC_US75_.jpg', 'https://m.media-amazon.com/images/I/41iIdtCm8hL._AC_US75_.jpg', 'https://m.media-amazon.com/images/I/41tKHqoOi3L._AC_US75_.jpg', 'https://m.media-amazon.com/images/I/41Vo-FVFpfL._AC_US75_.jpg'], 'variant': ['MAIN', 'PT01', 'PT02', 'PT03', 'PT04', 'PT05']}","{'title': ['The Cutest Nightstand! Honest Review of Alpine White Stand', 'The Linon Sheerah Two Drawer Geo Texture Nightstand White', '2-Drawer White Nightstand, Wood Night Stands Bedside Table', 'Tribesigns 2-drawer White Nightstand', 'Tribesigns 2-Drawer Nightstand for Living Room, Bedroom', 'AILEEKISS Nightstands Wireless Charging Function', 'Color Coded Drawer Glide Installation', 'Night Stands that give a Luxury Look ', 'Wood and Rattan Nightstand Setup', 'Anbuy Modern Nightstands Set of 2'], 'url': ['https://www.amazon.com/vdp/0d24e7a5854441b98ad218daa14796b6?ref=dp_vse_rvc_0', 'https://www.amazon.com/vdp/2ee4fd22b4b24be28247a4e74bdc892a?ref=dp_vse_rvc_1', 'https://www.amazon.com/vdp/0a2e828f235f4f62a600311b4d56349a?ref=dp_vse_rvc_2', 'https://www.amazon.com/vdp/0da88e31bd3044528496e6cf91e3ee17?ref=dp_vse_rvc_3', 'https://www.amazon.com/vdp/0bc55d23b0fa448392308925cd9a76e3?ref=dp_vse_rvc_4', 'https://www.amazon.com/vdp/025ec38ba34a4c39aba2f87e7cacf1b9?ref=dp_vse_rvc_5', 'https://www.amazon.com/vdp/a02f943769274cac94712bb2ac6927f7?ref=dp_vse_rvc_6', 'https://www.amazon.com/vdp/0f51e6096cd94a549a013057d40fe525?ref=dp_vse_rvc_7', 'https://www.amazon.com/vdp/0ed1ef9cb34140409a8fb65c00d927b8?ref=dp_vse_rvc_8', 'https://www.amazon.com/vdp/054d1d920d8f46f4ac5e4950e0b94b51?ref=dp_vse_rvc_9'], 'user_id': ['/shop/influencer-0bd7075c', '', '', '', '', '', '', '/shop/riss__', '/shop/silverlambdesigns', '']}",Origins by Alpine,"['Home & Kitchen', 'Furniture', 'Bedroom Furniture', 'Nightstands']","{""Product Dimensions"": ""16\""D x 24\""W x 26\""H"", ""Shape"": ""Rectangular"", ""Brand"": ""Origins by Alpine"", ""Table design"": ""Nightstand"", ""Special Feature"": ""Storage"", ""Room Type"": ""Bedroom"", ""Top Material Type"": ""Mahogany,Veneer"", ""Finish Type"": ""Veneer"", ""Base Type"": ""Legs"", ""Unit Count"": ""1.0 Count"", ""Frame Material"": ""Wood"", ""Number of Drawers"": ""2"", ""Item Weight"": ""46 pounds"", ""Furniture Finish"": ""Mahogany"", ""Manufacturer"": ""Origins By Alpine"", ""Best Sellers Rank"": {""Home & Kitchen"": 796818, ""Nightstands"": 854}, ""Date First Available"": ""March 13, 2020""}",B0BDVNLWF4,,,
Tools & Home Improvement,16X20X1 (15.75 x 19.75)Accumulair Platinum 1-Inch Filter (MERV 11) (4 Pack),3.8,28,"['16x20x1 (15.75x19.75) MERV 11 - Tested and rated according to ASHRAE Standard 52.2', 'Tribo-Electric synthetic media provides high filtration efficiency, low air resistance, and is hydrophobic (does not absorb moisture)', 'Enhance air quality for up to 3 months', 'Captures up to 94% or more of airborne contaminants such as dust, lint, dust mite debris, cement dust, lead dust, standing dust, small fibers, pet dander, and other airborne contaminants', 'Typically ideal for homes with pets, restaurants, superior commercial buildings, superior residential buildings, and workplaces.']","['The Accumulair Platinum 16x20x1 air filter contains a unique synthetic media that provides high-efficiency filtration without comprising your airflow. The Tribo-Electric media is made up of co-polymer micro-fibers that are hydrophobic, which means the filter does not absorb moisture and will not support the growth and spread of harmful contaminants. To increase durability, the pleated media is laminated to a metal backing that is recyclable, galvanized, and corrosion-resistant. This filter is equipped with media tested to perform at the Minimum Efficiency Reporting Value of 11 (MERV 11) by an independent lab according to ASHRAE Standard 52.2. The high-performance filter captures up to 94% or more of airborne contaminants such as dust, lint, dust mite debris, cement dust, lead dust, standing dust, small fibers, pet dander, and other airborne contaminants. All MERV data and statements are indicative of typical properties and characteristics obtainable. MERV claims are to be used as a guide for general comparison and not as a specification.']",25.78,"{'hi_res': ['https://m.media-amazon.com/images/I/61cOc+bTbwL._AC_SL1296_.jpg', 'https://m.media-amazon.com/images/I/613D0q8nMZL._AC_SL1296_.jpg', 'https://m.media-amazon.com/images/I/614QrpM+h5L._AC_SL1311_.jpg', 'https://m.media-amazon.com/images/I/61k8wfMt+zL._AC_SL1296_.jpg', 'https://m.media-amazon.com/images/I/61jUTsqiYNL._AC_SL1000_.jpg'], 'large': ['https://m.media-amazon.com/images/I/41eS3qkDvTL._AC_.jpg', 'https://m.media-amazon.com/images/I/41eaFzl0HnL._AC_.jpg', 'https://m.media-amazon.com/images/I/41mmxutx59L._AC_.jpg', 'https://m.media-amazon.com/images/I/410iMPlEX+L._AC_.jpg', 'https://m.media-amazon.com/images/I/51hfFnUdgeL._AC_.jpg'], 'thumb': ['https://m.media-amazon.com/images/I/41eS3qkDvTL._AC_US75_.jpg', 'https://m.media-amazon.com/images/I/41eaFzl0HnL._AC_US75_.jpg', 'https://m.media-amazon.com/images/I/41mmxutx59L._AC_US75_.jpg', 'https://m.media-amazon.com/images/I/410iMPlEX+L._AC_US75_.jpg', 'https://m.media-amazon.com/images/I/51hfFnUdgeL._AC_US75_.jpg'], 'variant': ['MAIN', 'BACK', 'PT01', 'PT02', 'PT03']}","{'title': [], 'url': [], 'user_id': []}",Accumulair,"['Home & Kitchen', 'Heating, Cooling & Air Quality', 'Parts & Accessories', 'Air Purifier Parts & Accessories']","{""Manufacturer"": ""Filters-NOW"", ""Part Number"": ""844359052347"", ""Item Weight"": ""0.75 Pounds"", ""Product Dimensions"": ""16 x 20 x 1 inches"", ""Country of Origin"": ""USA"", ""Item model number"": ""844359052347"", ""Size"": ""16X20X1 (15.75 x 19.75)"", ""Material"": ""Metal"", ""Item Package Quantity"": ""1"", ""Minimum Efficiency Reporting Values (MERV)"": ""11"", ""Best Sellers Rank"": {""Home & Kitchen"": 1577427, ""Home Air Purifier Parts & Accessories"": 5230}, ""Date First Available"": ""August 13, 2010"", ""Brand"": ""Accumulair"", ""MERV Rating"": ""11""}",B07BLQBKS6,,,
Amazon Home,Patriotic Star Danglers,1,1,"['This item is a great value!', '2 per package', 'Patriotic party item', 'Hanging Decs - Danglers for festive occasions', 'High Quality']",['Beistle 50783-RSB Patriotic Star Danglers (2 Count). This package of two danglers are made of foil spirals with boardstock stars attached. They are 30 Inch long.'],6.7,"{'hi_res': ['https://m.media-amazon.com/images/I/61WA+Bj59VL._AC_SL1500_.jpg', None], 'large': ['https://m.media-amazon.com/images/I/41rRysVU3NL._AC_.jpg', 'https://m.media-amazon.com/images/I/31vpxXwUpBL._AC_.jpg'], 'thumb': ['https://m.media-amazon.com/images/I/41rRysVU3NL._AC_US75_.jpg', 'https://m.media-amazon.com/images/I/31vpxXwUpBL._AC_US75_.jpg'], 'variant': ['MAIN', 'PT12']}","{'title': [], 'url': [], 'user_id': []}",Beistle,"['Home & Kitchen', 'Event & Party Supplies', 'Decorations', 'Streamers']","{""Product Dimensions"": ""9.5 x 7 x 1 inches"", ""Item Weight"": ""2 ounces"", ""Manufacturer"": ""The Beistle Company"", ""Item model number"": ""50783-RSB"", ""Best Sellers Rank"": {""Toys & Games"": 1402812, ""Party Streamers"": 4850}, ""Is Discontinued By Manufacturer"": ""No"", ""Date First Available"": ""May 23, 2007""}",B0BYZMQKTC,,,
Tools & Home Improvement,"Mini Portable Air Conditioner, SKYICE 3-IN-1 Evaporative Air Cooler & Humidifier w/ 4H Timer, 7-Color Night Light, 3 Speeds & 90°Oscillation, 10""Desktop Personal AC Cooling Fan for Room Office Camping",4,63,"['❄️[Adjustable Speeds & Modern Design] SKYICE mini portable air conditioners with 3 adjustable speeds (Low/Medium/High), making you easily customize the airflow to your liking. The built-in LED control panel of mini room ac allows for easy operation while adding a modern touch to your home or office decor.', '❄️[Stay Cool & Comfortable All Summer] With a large 28oz detachable water tank, this air conditioner portable for room could provide up to 7 hours of continuous cooling. Within minutes, you feel the cool breeze. Maintain you stay cool and comfortable, without having to constantly refill the tank.', '❄️[Beat the Heat with 2 Mist Modes Function] Our Portable desktop air conditioner has 2 different mist modes and 2 cotton sticks. Small evaporative cooler not only cools the air but also increase the humidity of the air. The mist modes help enhance the cooling effect, allowing you to feel cool and comfortable even on the hottest days.', '❄️[Hassle-free Cleaning] Small air conditioner with an easily detachable water tank from the bottom. Cleaning and operation have never been easier. Coming home on a hot summer day and being able to effortlessly clean and refill your personal air conditioner with cool water.', ""❄️[Convenient Timer Feature & Cooling with Noise-free] The mini evaporative air cooler is equipped with a 4H timer function, which guarantees that you don't waste energy or forget to turn it off before leaving the house. And with a noise level below 40 decibels, you can enjoy the cool breeze without any annoying distractions."", '❄️[Personalized Comfort] With personal evaporative cooler unique feature of 90-degree oscillation provides cooling to a larger area, making it ideal for small spaces. This unique feature of small room ac allows it to effectively cool a larger area, making it an ideal choice for small home offices or bedrooms.', '❄️[7-Color Dreamland with Night Light] SKYICE portable ac air conditioner has 7 soft color lights choices in all. Place in dining or coffee table to create a romantic atmosphere! The 7-color LED lights create a comfortable and relaxing sleep environment, providing soothing and cool sleep on hot summer nights.', '❄️[Portable AC On-the-Go with Ease] Easily charge portable ac air conditioner using Type-C cable without the need for any additional adapters or cords. With small evaporative air cooler Type-C interface, letting you easily charge it using your phone charger or power bank, ensuring that you always have a cool breeze wherever you go.', '❄️[Budget-Friendly Cooling] The mini air conditioner with 9W low energy consumption, you could able to enjoy a cool and refreshing breeze without worrying about high electricity bills. The portable air conditioners for 1 room is enough for personal use without wasting resources and without expensive expenses.', '❄️[Perfect Companion for Your Outdoor Camping] The portable and lightweight design of this small portable air conditioner for camping allows you to effortlessly move it from one location to another, providing you with a cooling breeze wherever you travel.']",[],59.99,"{'hi_res': ['https://m.media-amazon.com/images/I/61jPqD4OsiL._AC_SL1300_.jpg', 'https://m.media-amazon.com/images/I/61aYeezXd3L._AC_SL1300_.jpg', 'https://m.media-amazon.com/images/I/71AipoNIVGL._AC_SL1300_.jpg', 'https://m.media-amazon.com/images/I/71m5eBSqPDL._AC_SL1300_.jpg', 'https://m.media-amazon.com/images/I/61Nv+5DXPPL._AC_SL1300_.jpg', 'https://m.media-amazon.com/images/I/61bSmMHyg8L._AC_SL1300_.jpg', 'https://m.media-amazon.com/images/I/61YoOG6xknL._AC_SL1300_.jpg', 'https://m.media-amazon.com/images/I/610xhvg0ZpL._AC_SL1300_.jpg', 'https://m.media-amazon.com/images/I/61whlHXerhL._AC_SL1300_.jpg'], 'large': ['https://m.media-amazon.com/images/I/41S3HtyUtUL._AC_.jpg', 'https://m.media-amazon.com/images/I/41J9MAPTmoL._AC_.jpg', 'https://m.media-amazon.com/images/I/51LGr1ETZiL._AC_.jpg', 'https://m.media-amazon.com/images/I/51luvg20fiL._AC_.jpg', 'https://m.media-amazon.com/images/I/41ZhlZgo--L._AC_.jpg', 'https://m.media-amazon.com/images/I/41mImeTzGXL._AC_.jpg', 'https://m.media-amazon.com/images/I/411B0L7eGDL._AC_.jpg', 'https://m.media-amazon.com/images/I/51VeliqNGCL._AC_.jpg', 'https://m.media-amazon.com/images/I/41IYBj28O4L._AC_.jpg'], 'thumb': ['https://m.media-amazon.com/images/I/41S3HtyUtUL._AC_US75_.jpg', 'https://m.media-amazon.com/images/I/41J9MAPTmoL._AC_US75_.jpg', 'https://m.media-amazon.com/images/I/51LGr1ETZiL._AC_US75_.jpg', 'https://m.media-amazon.com/images/I/51luvg20fiL._AC_US75_.jpg', 'https://m.media-amazon.com/images/I/41ZhlZgo--L._AC_US75_.jpg', 'https://m.media-amazon.com/images/I/41mImeTzGXL._AC_US75_.jpg', 'https://m.media-amazon.com/images/I/411B0L7eGDL._AC_US75_.jpg', 'https://m.media-amazon.com/images/I/51VeliqNGCL._AC_US75_.jpg', 'https://m.media-amazon.com/images/I/41IYBj28O4L._AC_US75_.jpg'], 'variant': ['MAIN', 'PT01', 'PT02', 'PT03', 'PT04', 'PT05', 'PT06', 'PT07', 'PT08']}","{'title': ['Installation Guide for Mini Evaporative Air Cooler--M9', 'SKYICE Personal Air Conditioner to Sweep Your Summer Heat!', 'Stay Cool All Summer with SKYICE Mini Personal Air Cooler!', 'Mini Portable Air Cooler for Everywhere!', '90 degree Oscillation of the Desktop Air Cooler for Personal Use', '3-IN-1 Personal Mini Air Conditioner in 3 Speed', ""REVIEW | You'll be impressed with how well this works! Cold!"", 'Portable Air Conditioner Fan Daonsuty Evaporative Air Cooler', 'Portable Air Conditioner Cooling Fan', 'Is the air really that cold?'], 'url': ['https://www.amazon.com/vdp/05551d12023e4662b4d488d44ca4a9cd?ref=dp_vse_rvc_0', 'https://www.amazon.com/vdp/06ae0aa2c1dc40cb8f3eae5495459ea5?ref=dp_vse_rvc_1', 'https://www.amazon.com/vdp/0b4de4ac8ee145fa9f2e9a49ee8016e1?ref=dp_vse_rvc_2', 'https://www.amazon.com/vdp/07ccf9cf5613405b8c776142ed08423b?ref=dp_vse_rvc_3', 'https://www.amazon.com/vdp/0b69263d0cb24755987c22725cfc3a1e?ref=dp_vse_rvc_4', 'https://www.amazon.com/vdp/03f2b404baaf42b9acdf29b368bbb431?ref=dp_vse_rvc_5', 'https://www.amazon.com/vdp/0c42dd95fe06483fa818ed23b476441a?ref=dp_vse_rvc_6', 'https://www.amazon.com/vdp/064a66f8dc5748268ab95682bab48aa2?ref=dp_vse_rvc_7', 'https://www.amazon.com/vdp/06779e92a72e40b38303a10bc4145ccc?ref=dp_vse_rvc_8', 'https://www.amazon.com/vdp/0050073f7926494da6d9dc6da87d4f7c?ref=dp_vse_rvc_9'], 'user_id': ['', '', '', '', '', '', '/shop/stephaniecrisco', '/shop/thelifeofscottwenger', '', '/shop/tenminutesoftruth']}",SKYICE,"['Home & Kitchen', 'Heating, Cooling & Air Quality', 'Air Conditioners', 'Portable']","{""Brand"": ""SKYICE"", ""Material"": ""Plastic"", ""Mounting Type"": ""Freestanding"", ""Special Feature"": ""Removable Washable Filter, Portable, Silent Operation, Oscillating Fan, Fast Cooling"", ""Color"": ""Snow White"", ""Air Flow Capacity"": ""250 Cubic Feet Per Minute"", ""Controls Type"": ""Button"", ""Reservoir Capacity"": ""0.2 Gallons"", ""Item Weight"": ""2.38 Pounds"", ""Model Name"": ""M9"", ""Recommended Uses For Product"": ""Residential"", ""Form Factor"": ""Compact"", ""Included Components"": ""Portable air conditioner humidifier, Replaceable cotton swabs (there are built-in cotton swabs in the air cooler *2), 5.9ft 2A data cable, 8-Cube Ice Tray"", ""Wattage"": ""8.97 watts"", ""Standby power consumption"": ""9 Watts"", ""Sound Level"": ""40 dB"", ""Number of Speeds"": ""3"", ""Product Dimensions"": ""6.5 x 5.59 x 9.65 inches"", ""Voltage"": ""5 Volts"", ""Manufacturer"": ""SKYICE"", ""Part Number"": ""M9"", ""Country of Origin"": ""China"", ""Item model number"": ""M9"", ""Shape"": ""Rectangular"", ""Installation Method"": ""Split System"", ""Water Consumption"": ""0.2 Gallons per Hour"", ""Coverage"": ""2.5 m\u00b2"", ""Display Style"": ""LED"", ""Special Features"": ""Removable Washable Filter, Portable, Silent Operation, Oscillating Fan, Fast Cooling"", ""Usage"": ""10\"" Desktop Personal AC Cooling Fan for Room Office Camping"", ""Batteries Required?"": ""No"", ""Warranty Description"": ""One year warranty after registration"", ""Best Sellers Rank"": {""Home & Kitchen"": 104901, ""Portable Air Conditioners"": 159}, ""Date First Available"": ""February 6, 2023""}",B082P23BMP,,,
Amazon Home,"40th Fabulous Sash & Rhinestone Tiara Set with 40 & Fabulous Cake Topper,40th Birthday Gifts for Women,Rose Gold Birthday Sash/Tiara for Women's Birthday Party Decoration (40th Gold)",4.6,68,"['【Package include】""40 & Fabulous"" sash + rhinestone tiara gifts set+1pcs Cake Toppers', '【Birthday Sash】Made from soft glitter fabric using hot pressed stamping foil will compliment any outfit and durable enough to last day into night.', '【Birthday Crown】The 40th birthday tiara crown is made of alloy metal, crystals and rhinestones, which is quality material and fine workmanship;Perfect for 40th party use;', '【Great Design】The 40th birthday sash is approx. 156 x 10 cm/ 61.4 x 3.9 inch (LW), long and can be easily adjusted by clip on to fit for various types of body figure; The glitter rhinestone tiara which is adjustable as well ,headband design that can hold and be stable on top of the hair;', '【Great Value】Get the sash and tiara at the same time and be prepare for the birthday celebration! Gold glitter sash and black foil lettering looks great on Instagram. We had so much fun designing this birthday gifts set, we hope they add just as much fun to your parties too!']",[],9.99,"{'hi_res': ['https://m.media-amazon.com/images/I/71W5Fyv0rHL._AC_SL1500_.jpg', None, 'https://m.media-amazon.com/images/I/81XIbx4TAkL._AC_SL1500_.jpg', 'https://m.media-amazon.com/images/I/71dDDT6NRyL._AC_SL1500_.jpg', 'https://m.media-amazon.com/images/I/817UzQkc0qL._AC_SL1500_.jpg', 'https://m.media-amazon.com/images/I/81DS+uKIWQL._AC_SL1500_.jpg', 'https://m.media-amazon.com/images/I/81mXmf0OSGL._AC_SL1500_.jpg'], 'large': ['https://m.media-amazon.com/images/I/41YEZzwBTQL._AC_.jpg', 'https://m.media-amazon.com/images/I/61b9oY4wc0L._AC_.jpg', 'https://m.media-amazon.com/images/I/51K72JYu4CL._AC_.jpg', 'https://m.media-amazon.com/images/I/41zgX8rZkkL._AC_.jpg', 'https://m.media-amazon.com/images/I/51GzZxY6X7L._AC_.jpg', 'https://m.media-amazon.com/images/I/61tw84uJx0L._AC_.jpg', 'https://m.media-amazon.com/images/I/51iQi1AuMuL._AC_.jpg'], 'thumb': ['https://m.media-amazon.com/images/I/41YEZzwBTQL._AC_US75_.jpg', 'https://m.media-amazon.com/images/I/61b9oY4wc0L._AC_US75_.jpg', 'https://m.media-amazon.com/images/I/51K72JYu4CL._AC_US75_.jpg', 'https://m.media-amazon.com/images/I/41zgX8rZkkL._AC_US75_.jpg', 'https://m.media-amazon.com/images/I/51GzZxY6X7L._AC_US75_.jpg', 'https://m.media-amazon.com/images/I/61tw84uJx0L._AC_US75_.jpg', 'https://m.media-amazon.com/images/I/51iQi1AuMuL._AC_US75_.jpg'], 'variant': ['MAIN', 'PT01', 'PT02', 'PT03', 'PT04', 'PT05', 'PT06']}","{'title': ['40th Birthday, 40th Birthday Gifts Women, 40th Birthday', '40th Birthday Decorations Women', 'Gold Birthday Decorations Gifts', '40th Birthday Tiara and Sash Silver', 'Rose Gold Birthday Decorations Gifts'], 'url': ['https://www.amazon.com/vdp/0cb69257289f4faeb170ca018fd68d55?ref=dp_vse_rvc_0', 'https://www.amazon.com/vdp/0b403894a8c0428ca1c738c6056579e5?ref=dp_vse_rvc_1', 'https://www.amazon.com/vdp/047bab4e3f1c43a1926b67f90a3de822?ref=dp_vse_rvc_2', 'https://www.amazon.com/vdp/7a396f0fcdee402a9f64d01363ddeda1?ref=dp_vse_rvc_3', 'https://www.amazon.com/vdp/09fceff574d34ac8b9fb1c29c1d47a9c?ref=dp_vse_rvc_4'], 'user_id': ['', '', '', '', '']}",MUYEE,"['Home & Kitchen', 'Event & Party Supplies', 'Party Packs']","{""Material"": ""no"", ""Color"": ""40th Gold"", ""Occasion"": ""Birthday"", ""Theme"": ""Birthday"", ""Brand"": ""MUYEE"", ""Pattern"": ""40th Gold"", ""Number of Pieces"": ""1"", ""Package Dimensions"": ""7.6 x 4.02 x 0.87 inches"", ""Item Weight"": ""2.89 ounces"", ""Manufacturer"": ""huma"", ""Country of Origin"": ""China"", ""Item model number"": ""no"", ""Date First Available"": ""May 26, 2022""}",B07374J1K4,,,
Amazon Home,VanlonPro Home Kitchen Magnetic Knife Block Holder Magnetic Block Stands with Strong Enhanced Magnets Multi-functional Storage Knife Holder Acacia Hardwood and Acrylic Shield (Acrylic Shield),3.6,107,"['DOUBLE SIDED STRONG MAGNETIC SUCTION: Double-sided use, super capacity, high-grade magnetic support hidden in a strong and durable neodymium magnet, strong adsorption, no need to worry about falling off, strong and durable environmental protection, to create a green and environmental protection kitchen.', 'ANTI SKID BASE, STABLE AND FIRM: The unique anti-skid design at the bottom increases the thickness of the base, making the tool placement more arbitrary and stable, and no need to worry about slipping or shaking.', 'NATURAL & SIMPLE STYLE: Knife storage with a simple yet style-conscious design,place the embedded neodymium rare earth magnets inside acacia wood sandwiched.Sturdy and durable and environmental protection,create a Green and Healthy Kitchen.', 'NO NEED TO INSTALL, EASY TO MOVE: For you to save the tedious installation steps, as you like to place, as you like to move. The product is very safe for the knife blade you intend to place, because the blade only contacts the wood, so the blade is kept sharp to prevent damage.', 'PREVENT DULLING OF THE KNIFE BLADES: They are safe for the blades you intend to store on it as the blade only comes into contact with the wood.\xa0As such the blade remains sharp and the cutting edge will never be damaged.Wipe the water off before putting the items on it.']","['Description: Our VanlonPro knife holder is built-in permanent magnet, the external solid wood is made of solid absorption, durable, can match any size of knife, small material, save kitchen space, and easy to clean without water stains, wipe with a rag, safe to use, a good experience for modern people who pursue a simple and healthy life! How to better care for and store your knives? When it comes to storing knives, there are many ways you might consider. Finding the right home for the cutter is the key. Proper care and storage can help keep your knife sharper and make your kitchen look more gorgeous and simple. So this magnetic tool holder is the best solution. matters needing attention: 1. Since the tool holder is made of solid wood, it can be cleaned as new by gently wiping during use. 2. Avoid soaking or exposure to the sun. It is forbidden to wash with steel wire. 3. The tool holder is made of log. Different patterns and colors of the tool holder may be slightly different, which is not a quality problem']",None,"{'hi_res': ['https://m.media-amazon.com/images/I/71mCOUeqMVL._AC_SL1500_.jpg', 'https://m.media-amazon.com/images/I/714JrG79OdL._AC_SL1500_.jpg', 'https://m.media-amazon.com/images/I/71wETSR+7vL._AC_SL1500_.jpg', 'https://m.media-amazon.com/images/I/715FJ+n4NLL._AC_SL1500_.jpg', 'https://m.media-amazon.com/images/I/71kqmaW-aUL._AC_SL1500_.jpg', 'https://m.media-amazon.com/images/I/71h6uoIVwOL._AC_SL1500_.jpg', 'https://m.media-amazon.com/images/I/71acA+uThjL._AC_SL1500_.jpg'], 'large': ['https://m.media-amazon.com/images/I/416w373Cs3L._AC_.jpg', 'https://m.media-amazon.com/images/I/41O16cwepcL._AC_.jpg', 'https://m.media-amazon.com/images/I/41oaCou0qjL._AC_.jpg', 'https://m.media-amazon.com/images/I/51wfmVPdRdL._AC_.jpg', 'https://m.media-amazon.com/images/I/51VgB6vFeBL._AC_.jpg', 'https://m.media-amazon.com/images/I/415v1MAyZxL._AC_.jpg', 'https://m.media-amazon.com/images/I/41DopLWNLoL._AC_.jpg'], 'thumb': ['https://m.media-amazon.com/images/I/416w373Cs3L._AC_US75_.jpg', 'https://m.media-amazon.com/images/I/41O16cwepcL._AC_US75_.jpg', 'https://m.media-amazon.com/images/I/41oaCou0qjL._AC_US75_.jpg', 'https://m.media-amazon.com/images/I/51wfmVPdRdL._AC_US75_.jpg', 'https://m.media-amazon.com/images/I/51VgB6vFeBL._AC_US75_.jpg', 'https://m.media-amazon.com/images/I/415v1MAyZxL._AC_US75_.jpg', 'https://m.media-amazon.com/images/I/41DopLWNLoL._AC_US75_.jpg'], 'variant': ['MAIN', 'PT01', 'PT02', 'PT03', 'PT04', 'PT05', 'PT06']}","{'title': ['Came screwed crooked, screw was busted out of one side, plexiglass bowed, covered in sawdust', 'Home Kitchen magnetic knife block 2yr update, chef approved', 'ENOKING Magnetic Knife Block Acrylic Shield Review and Test', 'Secura Double Sided Strongly Magnetic Knife Block', 'Mount Wooden Magnetic Knife Holder on Fridge', 'Max K Magnetic Knife Block', 'Magnetic Knife Block Holder', 'ENOKING Magnetic Knife Block with Acrylic Shield - Upgraded'], 'url': ['https://www.amazon.com/vdp/0ba92d2e4bcc4518bdc0ad8b92d39b35?ref=dp_vse_rvc_0', 'https://www.amazon.com/vdp/0c4c51d8d93347ecae3a2ca5a99959e9?ref=dp_vse_rvc_1', 'https://www.amazon.com/vdp/0af55692f9934b7db4c348d2d8716b3c?ref=dp_vse_rvc_2', 'https://www.amazon.com/vdp/0ea5b1637f22467c889a0571c2756717?ref=dp_vse_rvc_3', 'https://www.amazon.com/vdp/0ffb4f6f37cb475887d99bcb9ff3b72c?ref=dp_vse_rvc_4', 'https://www.amazon.com/vdp/3a09b45cf1024b839091ce8a89d0320b?ref=dp_vse_rvc_5', 'https://www.amazon.com/vdp/9a809d802fbf4c54a3bea1215a3dc2fd?ref=dp_vse_rvc_6', 'https://www.amazon.com/vdp/09c2c8d8c6fc49c7bfc2975f3d4e9076?ref=dp_vse_rvc_7'], 'user_id': ['AEPUTOU6VYNIXQWH425WXXICD3CA', '/shop/wolfzoidgaming', '', '', '', '', '/shop/wolfzoidgaming', '']}",VanlonPro,"['Home & Kitchen', 'Kitchen & Dining', 'Kitchen Utensils & Gadgets', 'Kitchen Knives & Accessories', 'Magnetic Knife Strips']","{""Color"": ""Acrylic Shield"", ""Material"": ""Acrylic"", ""Brand"": ""VanlonPro"", ""Item Dimensions LxWxH"": ""8.66 x 1.57 x 9.45 inches"", ""Is Dishwasher Safe"": ""No"", ""Style"": ""Modern"", ""Product Dimensions"": ""8.66 x 1.57 x 9.45 inches"", ""Item Weight"": ""3.58 pounds"", ""Item model number"": ""Vanlon1199"", ""Best Sellers Rank"": {""Kitchen & Dining"": 395687, ""Magnetic Knife Strips"": 253}, ""Date First Available"": ""October 17, 2020""}",B0BTLNZ6SH,,,
Amazon Home,"Kurt Adler Hollywood Jester Nutcracker, 20-Inch",5,3,"[""Part of Kurt Adler's Hollywood Nutcrackers collection"", 'Measures approximately 20""', 'Designed by Holly Adler']","['Bring home some laughter with this Kurt Adler 20"" Hollywood Jester Nutcracker! Designed by renowned artist Holly Adler, Hollywood Nutcrackers is a whimsical collection of nutcrackers created exclusively for Kurt S. Adler, Inc. and features a variety of designs including Christmas, fantasy and everyday nutcrackers. This unique Hollywood Jester is adorned and designed with purple, green, gold and white colors and is ready to entertain the crowd.']",None,"{'hi_res': ['https://m.media-amazon.com/images/I/61zy0JF6MuL._AC_SL1008_.jpg'], 'large': ['https://m.media-amazon.com/images/I/415uK3Lw6DL._AC_.jpg'], 'thumb': ['https://m.media-amazon.com/images/I/415uK3Lw6DL._AC_US40_.jpg'], 'variant': ['MAIN']}","{'title': [], 'url': [], 'user_id': []}",Kurt S. Adler,"['Home & Kitchen', 'Seasonal Décor', 'Nutcrackers']","{""Product Dimensions"": ""5.12 x 5.12 x 19.7 inches"", ""Item Weight"": ""1.55 pounds"", ""Manufacturer"": ""Kurt S. Adler"", ""Item model number"": ""HA0181"", ""Is Discontinued By Manufacturer"": ""No"", ""Assembly required"": ""No"", ""Batteries required"": ""No""}",B082WN2KVM,,,
Amazon Home,Whiskey Barrel Rack Vintage Wooden Liquor Bottle Display Shelf Kitchen Barware Mini Bar Wall-Mounted Shelves Rack Holders New,1,9,"[""Wall-mounted wine rack：When looking for a unique way to display my whisky collection, I couldn't find anything that suits my taste, so I built one. Using bourbon barrels recovered from a local brewery, each shelf has its own character and feel."", 'Vintage Design：Our wall mount wine bottle holder is a wall-mounted circular vintage wine rack that takes up a small space and can hold up to 7 bottles. It can be used as decorations to decorate your kitchen, restaurant, bar, wine cellar, or storage room.', 'Widely Used:The wall-mounted wine rack is perfect for storing exquisite champagne, wine, Bordeaux, and Burgundy wines. It is very suitable and ideal for wine lovers. It can also be used as a shelf to store household items, decorative items, etc.', 'Tip-The stamp on the barrel head will vary with each order according to the current inventory situation. Some barrel heads are blank and have no lettering.', 'Unique Gift:This stylish wine rack will become a favorite gift for family and friends. Perfect for birthdays, housewarmings, anniversaries, or bar openings.']","[""Pack: Wine rack*1Specification:Material: woodSize: 30cm in diameterWeight: 580gPacking: bubble bag + cartonDescribe:Wall-mounted wine rack-When looking for a unique way to display my whisky collection, I couldn't find anything that suits my taste, so I built one. Using bourbon barrels recovered from a local brewery, each shelf has its own character and feel.High-quality materials-wall panels and metal straps for fixing bourbon barrels. The shelves are made of polyurethane, highlighting the beauty of oak barrels. The shelf can hold approximately 7 bottles, depending on how they are placed.Applications-Wall-mounted wine racks, wine bottle racks, retro round wine racks on the wall, whiskey display wine storage racks, home kitchen wine bar rack decoration.The perfect gift-this shelf is a great gift for lovers of bourbon or craft beer.Tip-The stamp on the barrel head will vary with each order according to the current inventory situation. Some barrel heads are blank and have no lettering.""]",None,"{'hi_res': ['https://m.media-amazon.com/images/I/71Sqr4T4wxL._AC_SL1355_.jpg', 'https://m.media-amazon.com/images/I/713NmPGMmvL._AC_SL1500_.jpg', 'https://m.media-amazon.com/images/I/81MYWPN658L._AC_SL1500_.jpg', 'https://m.media-amazon.com/images/I/71oCDY5zVvL._AC_SL1500_.jpg', 'https://m.media-amazon.com/images/I/71h6plJhCBL._AC_SL1500_.jpg', 'https://m.media-amazon.com/images/I/61tGLkqz8rL._AC_SL1348_.jpg'], 'large': ['https://m.media-amazon.com/images/I/51jUZBv7AxL._AC_.jpg', 'https://m.media-amazon.com/images/I/5106O20FDtL._AC_.jpg', 'https://m.media-amazon.com/images/I/61+zIfcQfOL._AC_.jpg', 'https://m.media-amazon.com/images/I/51iIXL1e9VL._AC_.jpg', 'https://m.media-amazon.com/images/I/51Q9yist3jL._AC_.jpg', 'https://m.media-amazon.com/images/I/51CqWXFO-RL._AC_.jpg'], 'thumb': ['https://m.media-amazon.com/images/I/51jUZBv7AxL._AC_US75_.jpg', 'https://m.media-amazon.com/images/I/5106O20FDtL._AC_US75_.jpg', 'https://m.media-amazon.com/images/I/61+zIfcQfOL._AC_US75_.jpg', 'https://m.media-amazon.com/images/I/51iIXL1e9VL._AC_US75_.jpg', 'https://m.media-amazon.com/images/I/51Q9yist3jL._AC_US75_.jpg', 'https://m.media-amazon.com/images/I/51CqWXFO-RL._AC_US75_.jpg'], 'variant': ['MAIN', 'PT01', 'PT02', 'PT03', 'PT04', 'PT05']}","{'title': ['The thickness is about 0.5cm  580g the diameter is thirty', '30*30cm  600g', 'Homde Wine Rack Wall Mounted Wood with 4 Liquor Dispenser', 'Mkono Wall Mounted Wine Rack - Review', 'Fhons Led Wine Rack Wall Mounted', 'Industrial piping shelving perfect for any room in your house ', 'Adds nice aesthetic to home', 'Fhons LED Wine Rack Wall Mounted Video Installation', 'industrial pipe bracket floating shelves bookcase'], 'url': ['https://www.amazon.com/vdp/0d315f3b308d4635b365e6a712cec6f3?ref=dp_vse_rvc_0', 'https://www.amazon.com/vdp/016623c35ffb4e5babdc2c5a31e39053?ref=dp_vse_rvc_1', 'https://www.amazon.com/vdp/0e465ee76ee745a0a5df163263767919?ref=dp_vse_rvc_2', 'https://www.amazon.com/vdp/0f018dc4084c4dd5ab8b2744cac928af?ref=dp_vse_rvc_3', 'https://www.amazon.com/vdp/06e6398be3e94af39d18b65e31e79ab8?ref=dp_vse_rvc_4', 'https://www.amazon.com/vdp/0d29a46955f748eab3c01394d48a2af7?ref=dp_vse_rvc_5', 'https://www.amazon.com/vdp/0e43a5f53c2f4c67b1b7013378c19d52?ref=dp_vse_rvc_6', 'https://www.amazon.com/vdp/0452c6a08e74409e8f323d8ce29c100e?ref=dp_vse_rvc_7', 'https://www.amazon.com/vdp/09ae8e8e4480470b93e6db26a17ba1b0?ref=dp_vse_rvc_8'], 'user_id': ['', '', '', '/shop/jeanetteredd-makemoneyonline', '', '/shop/katiestangeland_', '/shop/shouldigetit', '', '']}",Generic,"['Home & Kitchen', 'Kitchen & Dining', 'Storage & Organization', 'Racks & Holders', 'Wine Racks & Cabinets', 'Wall-Mounted Wine Racks']","{""Brand"": ""Generic"", ""Color"": ""Onecolor"", ""Size"": ""30 centimetres"", ""Material"": ""Polyurethane, Oak"", ""Mounting Type"": ""Wall Mount"", ""Style"": ""Modern"", ""Item Weight"": ""100 Grams"", ""Product Care Instructions"": ""Wipe with Dry Cloth"", ""Bottle Count"": ""7"", ""Assembly Required"": ""No"", ""Department"": ""Unisex-adult"", ""Manufacturer"": ""yinhanghang-us"", ""Best Sellers Rank"": {""Kitchen & Dining"": 440685, ""Wall-Mounted Wine Racks"": 437}, ""Date First Available"": ""June 13, 2022""}",B0CGY43Y3P,,,
Amazon Home,"YugTex I Promise to Love You Forever Embroidered Decorative Square Accent Pillow Cover - 18x18, Natural",4.8,190,"['Package Content - 1 pc 18x18 inch or 45x45 cm cushion cover only. No insert or stuffing included', 'Fabric Details - Pure cotton natural tan color fabric used for this square pillow sham', 'Embroidery Details - Letters or Quotes are gray thread embroidered', 'Other Details - Dark grey color corded or welted edges along with self hidden zipper', 'Washing Details - Machine wash using cold water, gentle cycle. Warm iron as required.']","[""Our I Promise To Love You Forever pillowcase will bring a subtle touch of love and romance to your space. Its neutral hues will blend in with any season. This beautiful home decor add warmth and personality to your place. This pillowcase compliment any home decor style and are the perfect gift for all of life's special occasions.""]",9.99,"{'hi_res': ['https://m.media-amazon.com/images/I/91AlpBhdoQL._AC_SL1500_.jpg', 'https://m.media-amazon.com/images/I/91UkWZs9a6L._AC_SL1500_.jpg', 'https://m.media-amazon.com/images/I/81QymyyKLmL._AC_SL1500_.jpg', 'https://m.media-amazon.com/images/I/A1i8WU9bQ9L._AC_SL1500_.jpg'], 'large': ['https://m.media-amazon.com/images/I/41i5RpHujXL._AC_.jpg', 'https://m.media-amazon.com/images/I/41Wm3BDIwBL._AC_.jpg', 'https://m.media-amazon.com/images/I/31FhmyT5kYL._AC_.jpg', 'https://m.media-amazon.com/images/I/415+b1PBU4L._AC_.jpg'], 'thumb': ['https://m.media-amazon.com/images/I/41i5RpHujXL._AC_US75_.jpg', 'https://m.media-amazon.com/images/I/41Wm3BDIwBL._AC_US75_.jpg', 'https://m.media-amazon.com/images/I/31FhmyT5kYL._AC_US75_.jpg', 'https://m.media-amazon.com/images/I/415+b1PBU4L._AC_US75_.jpg'], 'variant': ['MAIN', 'PT01', 'PT02', 'PT03']}","{'title': [], 'url': [], 'user_id': []}",YugTex,"['Home & Kitchen', 'Bedding', 'Decorative Pillows, Inserts & Covers', 'Throw Pillow Covers']","{""Pattern"": ""Print"", ""Color"": ""Natural(i Promise)"", ""Product Dimensions"": ""18\""L x 18\""W"", ""Style"": ""Modern"", ""Brand"": ""YugTex"", ""Theme"": ""Grey,Letters"", ""Shape"": ""Square"", ""Number of Items"": ""1"", ""Number of pieces"": ""1"", ""Care instructions"": ""Machine Wash"", ""Occasion"": ""Home Decor"", ""Closure Type"": ""Zipper"", ""Recommended Uses For Product"": ""Home"", ""Package Dimensions"": ""10 x 9.4 x 1 inches"", ""Item Weight"": ""4.8 ounces"", ""Manufacturer"": ""Eurasia Decor"", ""Best Sellers Rank"": {""Home & Kitchen"": 1500263, ""Throw Pillow Covers"": 19801}, ""Is Discontinued By Manufacturer"": ""No"", ""Batteries required"": ""No""}",B013R3Q7B2,,,
Amazon Home,Us Tea Party Vintaged Metal Sign,5,1,[],"['This Us Tea Party vintaged metal sign measures approximately 12 inches by 12 inches and weighs approximetely 1 lb(s). Unlike most tin signs, we design and make our signs in the United States using 24 gauge American steel and a process known as sublimation, where the image is baked into a powder coating for a durable and long lasting finish. We then perform a vintaging process by hand to give it an aged look and feel. The edges of this sign are rolled for extra rigidity and it comes predrilled and riveted for easy hanging right out of the box.']",33.82,"{'hi_res': [None], 'large': ['https://m.media-amazon.com/images/I/51h3NJu1awL._AC_.jpg'], 'thumb': ['https://m.media-amazon.com/images/I/51h3NJu1awL._AC_US75_.jpg'], 'variant': ['MAIN']}","{'title': [], 'url': [], 'user_id': []}",Past Time,"['Home & Kitchen', 'Home Décor Products', 'Home Décor Accents', 'Decorative Accessories', 'Decorative Signs & Plaques']","{""Item Weight"": ""13.6 ounces"", ""Product Dimensions"": ""12 x 0.16 x 12 inches"", ""Assembled Height"": ""12 inches"", ""Assembled Width"": ""12 inches"", ""Weight"": ""1 Pounds"", ""Date First Available"": ""August 19, 2010"", ""Brand"": ""Past Time"", ""Material"": ""Metal"", ""Theme"": ""Words & Quotes"", ""Mounting Type"": ""Wall Mount"", ""Item Dimensions LxWxH"": ""12 x 0.16 x 12 inches""}",B01HILHUQ0,,,
Amazon Home,Winterworm Latex Faux Flower Real Touch Artificial Calla Lily Flower Bouquet Wedding Party Home Garden Restaurant Decoration - Bunch of 10 (White),4.3,191,"['PU material, very soft.', 'Feel Real & Lifelike', 'Fully wired stem to manipulate the shape', 'Look great in a Vase with greenery too', 'Just add your silk ribbon for a Wedding Bouquet']",[],14.99,"{'hi_res': ['https://m.media-amazon.com/images/I/61JIJOvaWBL._AC_SL1001_.jpg', None, 'https://m.media-amazon.com/images/I/61LFcNwojeL._AC_SL1400_.jpg', 'https://m.media-amazon.com/images/I/61mFm1jIFfL._AC_SL1300_.jpg', 'https://m.media-amazon.com/images/I/61V2kvncCfL._AC_SL1230_.jpg', 'https://m.media-amazon.com/images/I/51+WYNkSTzL._AC_SL1400_.jpg', 'https://m.media-amazon.com/images/I/51IqjO97SCL._AC_SL1111_.jpg'], 'large': ['https://m.media-amazon.com/images/I/41LHJVwUoAL._AC_.jpg', 'https://m.media-amazon.com/images/I/41bqpIpe1HL._AC_.jpg', 'https://m.media-amazon.com/images/I/41kxPv6rZUL._AC_.jpg', 'https://m.media-amazon.com/images/I/41ywM+xy18L._AC_.jpg', 'https://m.media-amazon.com/images/I/41M8CUDcLDL._AC_.jpg', 'https://m.media-amazon.com/images/I/31htYif5tFL._AC_.jpg', 'https://m.media-amazon.com/images/I/312qU1YR3JL._AC_.jpg'], 'thumb': ['https://m.media-amazon.com/images/I/41LHJVwUoAL._AC_US75_.jpg', 'https://m.media-amazon.com/images/I/41bqpIpe1HL._AC_US75_.jpg', 'https://m.media-amazon.com/images/I/41kxPv6rZUL._AC_US75_.jpg', 'https://m.media-amazon.com/images/I/41ywM+xy18L._AC_US75_.jpg', 'https://m.media-amazon.com/images/I/41M8CUDcLDL._AC_US75_.jpg', 'https://m.media-amazon.com/images/I/31htYif5tFL._AC_US75_.jpg', 'https://m.media-amazon.com/images/I/312qU1YR3JL._AC_US75_.jpg'], 'variant': ['MAIN', 'PT01', 'PT02', 'PT03', 'PT04', 'PT05', 'PT06']}","{'title': ['Real Looking Lilly Flowers Up Close View', 'Calla Lily Artificial Flowers', 'Luyue Calla Lilies', 'Beautiful Faux Calla Lily! Best Artificial Calla Lily! ', ""25.6'' Fake Latex Calla Lilly 5 Pcs Real Touch Latex Bouquet"", 'JUSTOYOU Artificial Calla Lily Real Touch Latex Flower Blossom for Bridal Wedding Bouquet Home De...', 'Calla Lily 12pcs 20 Inch Long', 'FiveSeasonStuff Calla Lily Real Touch Artificial Flowers (Silk White & Abyss Blue) ', 'FiveSeasonStuff Exquisite Real Touch Long Stem Calla Lilies', ""Honest Review - Mandy's 20pcs White Flowers Artificial ""], 'url': ['https://www.amazon.com/vdp/03727dc7de254787899697d988f157c8?ref=dp_vse_rvc_0', 'https://www.amazon.com/vdp/2aeaa73cace54e97b33875716e287157?ref=dp_vse_rvc_1', 'https://www.amazon.com/vdp/02527da907ee421d849b17d22ea71af3?ref=dp_vse_rvc_2', 'https://www.amazon.com/vdp/01e10f684486467cb11362618ad5fc19?ref=dp_vse_rvc_3', 'https://www.amazon.com/vdp/0a8317942bf1417298130c45ee4237d1?ref=dp_vse_rvc_4', 'https://www.amazon.com/vdp/03e0d4d82dbe40f6963f31b893e20ec1?ref=dp_vse_rvc_5', 'https://www.amazon.com/vdp/03055e87a5a84cf5ad85a725d888e9a7?ref=dp_vse_rvc_6', 'https://www.amazon.com/vdp/0b2a18030bd64599a81aa9f18d2bf853?ref=dp_vse_rvc_7', 'https://www.amazon.com/vdp/068c072f8e464ccd9fd36295afea8ae1?ref=dp_vse_rvc_8', 'https://www.amazon.com/vdp/0ac353a42ab8400999f1f579dbb78f1d?ref=dp_vse_rvc_9'], 'user_id': ['/shop/influencer-2e38598c', '', '', '/shop/cherylshireman', '', '', '', '', '', '/shop/jstbeingsuki']}",Winterworm,"['Home & Kitchen', 'Home Décor Products', 'Artificial Plants & Flowers', 'Artificial Flowers']","{""Brand"": ""Winterworm"", ""Plant or Animal Product Type"": ""calla,lily"", ""Color"": ""White"", ""Specific instructions for use"": ""Garden,Party,Restaurant,Wedding"", ""Package Information"": ""Vase"", ""Occasion"": ""Wedding"", ""Number of Items"": ""10"", ""Item Weight"": ""6.4 ounces"", ""Seasons"": ""Winter"", ""Unit Count"": ""10.0 Count"", ""Product Dimensions"": ""11.3 x 2.72 x 2.6 inches"", ""Manufacturer"": ""Winterworm"", ""Item model number"": ""TC51W"", ""Best Sellers Rank"": {""Home & Kitchen"": 783484, ""Artificial Flowers"": 6554}, ""Is Discontinued By Manufacturer"": ""No"", ""Batteries required"": ""No""}",B099XMH2XW,,,
Amazon Home,"Your Dream Party Shop 40th Birthday Wine Glass - Forty AF Glassware for Parties, Celebration Dinners - Party Favors, Decorations for Special Occasions - Gift Ideas for Celebrants Turning 40-22oz",3.9,18,"['�� THREE CHEERS FOR 40 YEARS - Turning 40 is worthy of a meaningful celebration. Pop open a bottle of your favorite wine for this momentous occasion and celebrate with this 40th bday wine glass.', ""�� A UNIQUE PRESENT - Looking for exquisite 40th birthday gifts for women or men? Paint a smile on the face of the celebrant with this 40th wine glass. It's perfect for friends and loved ones!"", '�� CLASSY & ELEGANT - Your 40th is not the time to bring out just any regular birthday cup! Let our beautiful glasses make each sip delightful, especially with its quirky golden ""Forty AF"" design!', '�� SAFE PACKAGING - Order our wine glass birthday gifts for women and men without worries. This 22 oz. 40th bday wine glass arrives in a sturdy box that keeps the product intact while in transit.', ""�� SATISFACTION GUARANTEE - Your satisfaction is our priority. If, for an reason, you find yourself unhappy with the quality of our stemless 40th birthday cups, reach out and we'll make it right.""]",[],9.99,"{'hi_res': ['https://m.media-amazon.com/images/I/61SV6lwaCLS._AC_SL1500_.jpg', 'https://m.media-amazon.com/images/I/61kvPATwffS._AC_SL1500_.jpg', 'https://m.media-amazon.com/images/I/61S0IhdRrNS._AC_SL1500_.jpg'], 'large': ['https://m.media-amazon.com/images/I/41Dc6VjEJFS._AC_.jpg', 'https://m.media-amazon.com/images/I/41Ws+4bFJJS._AC_.jpg', 'https://m.media-amazon.com/images/I/41JUmP+tajS._AC_.jpg'], 'thumb': ['https://m.media-amazon.com/images/I/41Dc6VjEJFS._AC_US75_.jpg', 'https://m.media-amazon.com/images/I/41Ws+4bFJJS._AC_US75_.jpg', 'https://m.media-amazon.com/images/I/41JUmP+tajS._AC_US75_.jpg'], 'variant': ['MAIN', 'PT01', 'PT02']}","{'title': ['40 Party Crew Tumblers', '40th Birthday Rose Gold Stemless Wine Glass', 'Internet Celebrity Recommendation--Highly Rated Gift', 'Wine Glass - 1983VW', 'Vinjoy Unbreakable Tritan Wine Glasses', 'T12-EG 1963 Vintage W', '40th birthday gifts women,memorable gift idea'], 'url': ['https://www.amazon.com/vdp/f9d4282d8cb64570a0a27249f46d74ba?ref=dp_vse_rvc_0', 'https://www.amazon.com/vdp/038bb02c9f07495a8ee29b6c422174af?ref=dp_vse_rvc_1', 'https://www.amazon.com/vdp/0f2f4800975b42b7a809a4faa51a5b48?ref=dp_vse_rvc_2', 'https://www.amazon.com/vdp/0c3ded0667f54d1fb5d48e6d65953e62?ref=dp_vse_rvc_3', 'https://www.amazon.com/vdp/063eca212ab4454eafa7fb56d6abb2d5?ref=dp_vse_rvc_4', 'https://www.amazon.com/vdp/0aa0b35adbce45a3af68ffba65dd270c?ref=dp_vse_rvc_5', 'https://www.amazon.com/vdp/0847fb8496364f418ce15648e9775168?ref=dp_vse_rvc_6'], 'user_id': ['', '', '', '', '', '', '']}",Your Dream Party Shop,"['Home & Kitchen', 'Kitchen & Dining', 'Dining & Entertaining', 'Glassware & Drinkware', 'Wine & Champagne Glasses', 'Wine Glasses']","{""Brand"": ""Your Dream Party Shop"", ""Material"": ""Glass"", ""Color"": ""Forty AF"", ""Capacity"": ""1.4 Pounds"", ""Style"": ""Modern"", ""Theme"": ""Occasions"", ""Occasion"": ""Birthday,Party"", ""Shape"": ""Stemles"", ""Pattern"": ""Letter Print"", ""Product Care Instructions"": ""Hand Wash Only"", ""Unit Count"": ""1 Count"", ""Number of Items"": ""1"", ""Package Dimensions"": ""6.22 x 5.28 x 5.24 inches"", ""Item Weight"": ""9.7 ounces"", ""Best Sellers Rank"": {""Kitchen & Dining"": 171363, ""Wine Glasses"": 3347}, ""Date First Available"": ""November 12, 2020""}",B0BGSKB1Y3,,,
,Shan-S Christmas Pillows Cace Xmas Tree Santa Claus Reindeer Square Throw Pillows Covers Light Up Pillowcase with Battery Operated LED Christmas Lights for Christmas Decorations for Home Bedroom,1,1,"['Best Good Customer Service; We Will Give You a Pleasant and Satisfying Shopping Experience!', 'summer garden flag floral burlap seasonal home yard decorations, watercolor decorative outdoor flag ornaments black diy felt christmas snowman games set pcs detachable ornaments wall hanging xmas gifts for christmas decorations flip flop wall ornament slippers hanging decoration with beach design ocean decor for living room bedroom and dining room annual edition 2019 large christmas ornament clear christmas ball ornaments shatterproof christmas decorations tree balls small for holiday christmas tree ornaments dancing metal angels decor holiday ornament', ""12 beautiful roses w/cute teddy bear & card for anniversary weddings birthdays day mother's day anniversary/birthday/wedding/valentine’s day mother’s day bath soap rose flower floral scented soap rose petals floral scented bath soap rose flower petals plant essential oil rose soap set guest soap shaped petals best gifts ideas for her women teens girls mom birthdays 18 pcs blue one dozen roses scented soap artificial floral flower bouquet"", ""cute zoo with animals pillow cases cotton linen outdoor indoor square cushion covers for home sofa couch 18x18 inch colorful inspirational quotes saying outdoor throw pillow covers colorful decorative words letters cushion cases home decor for couch sofa office square decorative throw pillows case cushion covers shell cotton linen blend throw pillow covers st. patrick's day green clover get lucky spring new life 4 pack-linen cotton cushion"", ""sofa,bedroom,chair,car seat,farmhouse throw pillow covers st. patrick's day green clover get lucky spring new life 4 pack-linen cotton cushion for sofa,bedroom,chair,car seat,farmhouse st. patrick pillow case irish green shamrock cushion cover, cotton linen sofa bed throw cushion cover decoration christmas throw pillow cover, 18 x 18 inch winter holiday rustic farmhouse linen cushion case for sofa couch set of 4 spring decorations decorative pillow covers"", 'hello spring wreath bicycle butterfly cotton linen pillow cases for spring home farmhouse decor farmhouse christmas red black buffalo plaids throw pillow case have yourself a merry little christmas quotes deer snowflake xmas trees holiday decorative cushion cover cotton linen 18x18 inch christmas decorations pillow covers christmas tree snowflake snowman reindeer home decor polyester peach throw pillow case cushion cover 18"" x 18"" set of 4 xmas gifts 4 pieces pillow case', 'throw cushion cover cotton linen pillow decorations for christmas winter halloween thanksgiving autumn, 18 by 18 inch christmas pillow covers red black buffalo check plaids farmhouse decorative cotton linen throw pillow case cushion cover for sofa 18"" x 18"" christmas decorations set of 4 thanksgiving pillow covers fall harvest theme farmhouse decorative throw pillow covers for home couch sofa decorations christmas throw pillow cover 18 x 18 inch']","['Christmas Cushion Throw Cover Pillow Case Cotton Home Sofa Xmas DecorFeatures:Distinct design, different patterns available,upgrade your home decor with these trending patterns;USAGE: home decor, wedding decor, party decor. Suitable for both daily life; Durable,Unique,makes a great gift idea to your friends/family;Hidden zipper is very convenient to open and close;Care instruction:hand wash separately in cold water, dry naturally.Technics:WovenStyle:ChristmasPattern:Printed Use:Chair,Decorative,Seat,CarShape:SquareSize: Approx.18""x18"" (45CM x 45CM);Package: 1pc Cushion Cover OnlyMaterial: Peach skin Package Contents:1 X Pillowcase']",2.99,"{'hi_res': ['https://m.media-amazon.com/images/I/81mciEda5kL._AC_SL1500_.jpg', 'https://m.media-amazon.com/images/I/81S3KxAvDxL._AC_SL1500_.jpg', 'https://m.media-amazon.com/images/I/716PGQihAeL._AC_SL1500_.jpg'], 'large': ['https://m.media-amazon.com/images/I/51VjfsvlzhL._AC_.jpg', 'https://m.media-amazon.com/images/I/51fp2ZxZquL._AC_.jpg', 'https://m.media-amazon.com/images/I/51uZf9fW3lL._AC_.jpg'], 'thumb': ['https://m.media-amazon.com/images/I/51VjfsvlzhL._AC_US40_.jpg', 'https://m.media-amazon.com/images/I/51fp2ZxZquL._AC_US40_.jpg', 'https://m.media-amazon.com/images/I/51uZf9fW3lL._AC_US40_.jpg'], 'variant': ['MAIN', 'PT01', 'PT02']}","{'title': ['Foamily Throw Pillows Insert Set of 4 '], 'url': ['https://www.amazon.com/vdp/01d4dca8278642b28361381d5284ca38?ref=dp_vse_rvc_0'], 'user_id': ['/shop/courtneylynne15']}",Shan-S,"['Home & Kitchen', 'Bedding', 'Decorative Pillows, Inserts & Covers', 'Throw Pillow Covers']","{""Pattern"": ""Print"", ""Material"": ""Peach skin"", ""Color"": ""E"", ""Product Dimensions"": ""18\""L x 18\""W"", ""Style"": ""Modern"", ""Brand"": ""Shan-S"", ""Theme"": ""Animals,Car,Flower,Tree"", ""Shape"": ""Square"", ""Number of Items"": ""1"", ""Number of Pieces"": ""1"", ""Product Care Instructions"": ""Hand Wash Only"", ""Occasion"": ""Anniversary,Weddings,Home Decor,Birthdays"", ""Closure Type"": ""Zipper"", ""Recommended Uses For Product"": ""Office, Wedding, Car Seat, Home"", ""Brand Name"": ""Shan-S"", ""Manufacturer"": ""Shan-S"", ""Outer Material"": ""Peach skin"", ""Best Sellers Rank"": {""Home & Kitchen"": 2606877, ""Throw Pillow Covers"": 36968}, ""Date First Available"": ""December 1, 2020""}",B08T177J2X,,,
Amazon Home,Smooffly Mandala Floral Elephant Waist Lumbar Cotton Linen Throw Pillow case Cushion Cover for Sofa Home Decorative Oblong 12x20 Inches,4.3,245,"['Size: 12"" x 20"" / 30cm x 50cm (1-2cm deviation is allowed),Material:Cotton Linen', 'Both Sides Have Same Design,Invisible/hidden zipper Closure In One Side', 'Suitable for travel home bedroom indoor and outdoor use, which can be used on sofa,chair,car,bed,couch,bench,office,car etc.', 'Machine Wash Cold Separately, Gently Cycle Only,No Bleach,Tumble Dry Low', 'Pillow insert is not included']","['Item Name: Throw Pillow Covers/Cushion Cover Material: Cotton Linen Size: 12X20 inch (30cmx50cm) Use: car/sofa chair/bed/seat/home decor Season: Spring, Summer, Autumn, Winter    Reminder:  1) Not including Filling , containing only the cushions cover. 2) All cushions are handmade, there may be 1-2cm deviation exist. 3) Actural color will be slight difference between the picture because of the light brightness.']",9.99,"{'hi_res': ['https://m.media-amazon.com/images/I/61yzTkpkbmL._AC_SL1500_.jpg', 'https://m.media-amazon.com/images/I/714m1mzE+rL._AC_SL1115_.jpg', 'https://m.media-amazon.com/images/I/713vO+6eHML._AC_SL1500_.jpg', 'https://m.media-amazon.com/images/I/71Jk7aw2PMS._AC_SL1500_.jpg', None], 'large': ['https://m.media-amazon.com/images/I/41H3YvtT0aL._AC_.jpg', 'https://m.media-amazon.com/images/I/51NfZMk4KmL._AC_.jpg', 'https://m.media-amazon.com/images/I/51PyuBSEw-L._AC_.jpg', 'https://m.media-amazon.com/images/I/41xdVjYHG2S._AC_.jpg', 'https://m.media-amazon.com/images/I/51N0GrYKR8S._AC_.jpg'], 'thumb': ['https://m.media-amazon.com/images/I/41H3YvtT0aL._AC_US75_.jpg', 'https://m.media-amazon.com/images/I/51NfZMk4KmL._AC_US75_.jpg', 'https://m.media-amazon.com/images/I/51PyuBSEw-L._AC_US75_.jpg', 'https://m.media-amazon.com/images/I/41xdVjYHG2S._AC_US75_.jpg', 'https://m.media-amazon.com/images/I/51N0GrYKR8S._AC_US75_.jpg'], 'variant': ['MAIN', 'PT01', 'PT02', 'PT03', 'PT04']}","{'title': [], 'url': [], 'user_id': []}",Smooffly,"['Home & Kitchen', 'Bedding', 'Decorative Pillows, Inserts & Covers', 'Throw Pillow Covers']","{""Pattern"": ""Print"", ""Material"": ""Cotton Linen"", ""Color"": ""Swn15"", ""Product Dimensions"": ""20\""L x 12\""W"", ""Brand"": ""Smooffly"", ""Theme"": ""Floral"", ""Shape"": ""Rectangular"", ""Number of Items"": ""1"", ""Number of pieces"": ""1"", ""Care instructions"": ""Machine Wash"", ""Occasion"": ""All Occasions"", ""Closure Type"": ""Zipper"", ""Recommended Uses For Product"": ""Office, Outdoors, Home"", ""Item Weight"": ""2.08 ounces"", ""Manufacturer"": ""Smooffly"", ""Item model number"": ""Tuole-Pillow-N0016"", ""Best Sellers Rank"": {""Home & Kitchen"": 120505, ""Throw Pillow Covers"": 1002}, ""Batteries required"": ""No""}",B08CZ7TLYF,,,
Amazon Home,Set of 6 Mini Wooden Rustic country style Cupcake dessert stand dish,3.7,154,"['6 individual wood cupcake stands', 'Top of plate measures around 3 inches wide, and 1 1/4"" height', 'Shape of the top plate varies since its made with natural wood pieces']","['set of 6 cupcake wood stands - mini rustic cake stands for dessert station/buffet or individual place settings Great for Woodland party, country style weddings, home decor and more.']",None,"{'hi_res': ['https://m.media-amazon.com/images/I/71cdd6geN2L._AC_SL1500_.jpg', 'https://m.media-amazon.com/images/I/71zH-vxpniL._AC_SL1500_.jpg', 'https://m.media-amazon.com/images/I/81eh1akqdVL._AC_SL1500_.jpg', 'https://m.media-amazon.com/images/I/811k8-9cs9L._AC_SL1500_.jpg'], 'large': ['https://m.media-amazon.com/images/I/41+f+vvbvjL._AC_.jpg', 'https://m.media-amazon.com/images/I/41sRHomMqJL._AC_.jpg', 'https://m.media-amazon.com/images/I/516GchY0hWL._AC_.jpg', 'https://m.media-amazon.com/images/I/41ZR6Q-+2NL._AC_.jpg'], 'thumb': ['https://m.media-amazon.com/images/I/41+f+vvbvjL._AC_US75_.jpg', 'https://m.media-amazon.com/images/I/41sRHomMqJL._AC_US75_.jpg', 'https://m.media-amazon.com/images/I/516GchY0hWL._AC_US75_.jpg', 'https://m.media-amazon.com/images/I/41ZR6Q-+2NL._AC_US75_.jpg'], 'variant': ['MAIN', 'PT01', 'PT02', 'PT03']}","{'title': [], 'url': [], 'user_id': []}",Present Avenue,"['Home & Kitchen', 'Kitchen & Dining', 'Dining & Entertaining', 'Dinnerware & Serveware', 'Serveware', 'Cupcake Stands']","{""Package Dimensions"": ""7.48 x 5.04 x 2.68 inches"", ""Item Weight"": ""7.4 ounces"", ""Manufacturer"": ""Present Avenue"", ""Best Sellers Rank"": {""Kitchen & Dining"": 391979, ""Cupcake Stands"": 1265}, ""Date First Available"": ""March 6, 2019""}",B01ICJ1G0S,,,
Amazon Home,RR ROUND RICH DESIGN 4x6 inch Picture Frames Made of Solid Wood and HD Glass Display Photos 3.5x5 with Mat or 4x6 Without Mat 4PK Black,4.5,2689,"['✅PICTURE FRAME ADVANTAGE: Simple classic design with amazing durability, solid wood, high definition glass, safe packing, We are manufacturer who regard quality as life.', '✅Size: [Pack of 4] Fits 3.5 by 5 with Mat or 4 by 6 inch Without Mat Photos! Actual Frame dimensions (finished size) 5""x7""x3/4"" and the frame is 3/4 inches wide.', '✅Environmental protection paint, P2 MDF backplane. Good quality solid wood, professional experience in the manufacture of photo frame.', '✅Easy to use, Comes with easy opening tabs at the back for easy access for loading photos. The frame can be hung vertically or horizontally.', '✅Exquisite and safe packaging that helps safe delivery of fragile and glass items. For personal use or as a gift to friends . We provide 24-hour customer service online. If you are not satisfied, you can get a refund within 30 days. Good customer service and product stable quality are always our highest requirements for ourselves.']",[],12.99,"{'hi_res': ['https://m.media-amazon.com/images/I/61UM4h1-QXL._AC_SL1300_.jpg', 'https://m.media-amazon.com/images/I/61xNZEpUdsL._AC_SL1300_.jpg', 'https://m.media-amazon.com/images/I/61V-9ENM3XL._AC_SL1300_.jpg', 'https://m.media-amazon.com/images/I/71SXS49W86L._AC_SL1300_.jpg', 'https://m.media-amazon.com/images/I/61Udw6QRw0L._AC_SL1300_.jpg', 'https://m.media-amazon.com/images/I/6133soVbJpL._AC_SL1300_.jpg', 'https://m.media-amazon.com/images/I/61f+vFXp0ZL._AC_SL1280_.jpg'], 'large': ['https://m.media-amazon.com/images/I/41l3eYeJFTL._AC_.jpg', 'https://m.media-amazon.com/images/I/41jrl+hwa0L._AC_.jpg', 'https://m.media-amazon.com/images/I/41hnOca+1GL._AC_.jpg', 'https://m.media-amazon.com/images/I/518VyKgnD2L._AC_.jpg', 'https://m.media-amazon.com/images/I/41QNdKZqT2L._AC_.jpg', 'https://m.media-amazon.com/images/I/41G+eDdhnnL._AC_.jpg', 'https://m.media-amazon.com/images/I/41bmI4d2BRL._AC_.jpg'], 'thumb': ['https://m.media-amazon.com/images/I/41l3eYeJFTL._AC_US75_.jpg', 'https://m.media-amazon.com/images/I/41jrl+hwa0L._AC_US75_.jpg', 'https://m.media-amazon.com/images/I/41hnOca+1GL._AC_US75_.jpg', 'https://m.media-amazon.com/images/I/518VyKgnD2L._AC_US75_.jpg', 'https://m.media-amazon.com/images/I/41QNdKZqT2L._AC_US75_.jpg', 'https://m.media-amazon.com/images/I/41G+eDdhnnL._AC_US75_.jpg', 'https://m.media-amazon.com/images/I/41bmI4d2BRL._AC_US75_.jpg'], 'variant': ['MAIN', 'PT01', 'PT02', 'PT03', 'PT04', 'PT05', 'PT06']}","{'title': ['How to use white hooks', ' Photo Frames for Wall Mounting or Table Top Display', 'Giftgarden Black Picture Frames', 'Giftgarden Black Picture Frames for Wall or Table', 'Picrit 4x6 Picture Frame Set of 4, Black', 'KINLINK Picture Frames Black & White', 'Icona Bay Bliss', 'Small non-trace nail'], 'url': ['https://www.amazon.com/vdp/0f40f9c78d0043469b13da36d2f5d23f?ref=dp_vse_rvc_0', 'https://www.amazon.com/vdp/0ab18b10eaf94df09047f4bbd05ed55a?ref=dp_vse_rvc_1', 'https://www.amazon.com/vdp/0bf152905c1f41edb87dea47a53f7a8e?ref=dp_vse_rvc_2', 'https://www.amazon.com/vdp/004ab89804544159bb9060c5fcd18b9b?ref=dp_vse_rvc_3', 'https://www.amazon.com/vdp/0f704238fb3b4f5d9ccfc24ecb4aa068?ref=dp_vse_rvc_4', 'https://www.amazon.com/vdp/eec92d339b06464baee1d16c77e6d0dc?ref=dp_vse_rvc_5', 'https://www.amazon.com/vdp/07b216b33c6340faae7cddd1066e1fa5?ref=dp_vse_rvc_6', 'https://www.amazon.com/vdp/046fea185fdb41d28026cdba1325ff46?ref=dp_vse_rvc_7'], 'user_id': ['', '', '', '', '', '', '', '']}",RR ROUND RICH DESIGN,"['Home & Kitchen', 'Home Décor Products', 'Photo Albums, Frames & Accessories', 'Picture Frames', 'Wall & Tabletop Frames']","{""Brand"": ""RR ROUND RICH DESIGN"", ""Color"": ""Black"", ""Product Dimensions"": ""6\""L x 4\""W"", ""Shape"": ""Oblong"", ""Mounting Type"": ""Tabletop and Wall"", ""Frame Type"": ""beveled"", ""Frame Material"": ""Wood"", ""Finish Type"": ""Lacquered"", ""Style"": ""Classic"", ""Theme"": ""Wood"", ""Special Feature"": ""Matted"", ""Target Audience"": ""Unisex Adult"", ""Cover Material"": ""Glass"", ""Item Weight"": ""1.58 pounds"", ""Unit Count"": ""4 Count"", ""Manufacturer"": ""RR ROUND RICH DESIGN"", ""Best Sellers Rank"": {""Home & Kitchen"": 3303, ""Wall & Tabletop Picture Frames"": 28}, ""Finish types"": ""Lacquered"", ""Batteries required"": ""No""}",B08X9PNTPV,,,
Handmade,"Customizable Mothers Day Gift for Mom and Grandma, Mothers Day Gift Ideas, Recipe for Love, Gift for Mom, Grandma, Wife, Sister, Parent from Daughter, Son, Husband, Kids, Birthday Gift",5,4,"['PERFECT GIFT for MOM', 'PERSONALIZED WOOD CUTTING BOARD', 'MOTHERS DAY GIFT from DAUGHTER and SON', 'HIGH QUALITY MATERIAL', 'UNIQUE DESIGN']","['This product, which can be used as a cutting board or kitchen decor, will be a perfect gift for mom.', 'HIGH QUALITY -', 'These gift cutting boards or home decors are made of quality wood or bamboo. Because of our thick and long-lasting, restaurant-quality wood, your gift or treat to yourself will be memorable for a long period of time.', 'KNIFE FRIENDLY -', ""These wood and bamboo cutting boards won't damage your knives, cutting boards can be turned into a plate to express your food presentation skills by arranging plates for the dishes you prepare, cheese, fruits, or your favorite snacks."", 'PREMIUM GIFT -', ""Personalized engraved cutting board is a perfect idea new home gifts for home, anniversary gift, new homes, Christmas, wedding gift, mother's days, father's days and more. Engraved with an attractive & permanent personalized design. The board is a nice quality."", 'RISK-FREE PURCHASE -', 'We guarantee your happiness and satisfaction. If the products you received are broken defects please contact us ASAP. We offer free replacement for any defective or damaged.', 'HOW TO CUSTOMIZE :', 'Click on the ""Customize & Add to Cart"" button on the up and follow directions on how to customize your unique cutting board.']",22.9,"{'hi_res': ['https://m.media-amazon.com/images/I/91ISKiqw15L._SL1500_.jpg', 'https://m.media-amazon.com/images/I/91enHlW2VDL._SL1500_.jpg', 'https://m.media-amazon.com/images/I/81rMz3tLk0L._SL1500_.jpg', 'https://m.media-amazon.com/images/I/81RqJVqVhIL._SL1500_.jpg', 'https://m.media-amazon.com/images/I/91V139QWc2L._SL1500_.jpg', 'https://m.media-amazon.com/images/I/81HpWlWmLXL._SL1500_.jpg', 'https://m.media-amazon.com/images/I/91MdAs6ZWSL._SL1500_.jpg', 'https://m.media-amazon.com/images/I/81VoImrI2cL._SL1500_.jpg', 'https://m.media-amazon.com/images/I/61pQ+sJKIiS._SL1500_.jpg'], 'large': ['https://m.media-amazon.com/images/I/518VsuJdrGL.jpg', 'https://m.media-amazon.com/images/I/51iuuVrDXCL.jpg', 'https://m.media-amazon.com/images/I/41x39S1uNVL.jpg', 'https://m.media-amazon.com/images/I/41zi44-WkFL.jpg', 'https://m.media-amazon.com/images/I/41YJI4bNB5L.jpg', 'https://m.media-amazon.com/images/I/51+KA2zBxZL.jpg', 'https://m.media-amazon.com/images/I/41V4dcdOYoL.jpg', 'https://m.media-amazon.com/images/I/41l5LsYjlXL.jpg', 'https://m.media-amazon.com/images/I/41Iw2cb2SCS.jpg'], 'thumb': ['https://m.media-amazon.com/images/I/518VsuJdrGL._SS40_.jpg', 'https://m.media-amazon.com/images/I/51iuuVrDXCL._SS40_.jpg', 'https://m.media-amazon.com/images/I/41x39S1uNVL._SS40_.jpg', 'https://m.media-amazon.com/images/I/41zi44-WkFL._SS40_.jpg', 'https://m.media-amazon.com/images/I/41YJI4bNB5L._SS40_.jpg', 'https://m.media-amazon.com/images/I/51+KA2zBxZL._SS40_.jpg', 'https://m.media-amazon.com/images/I/41V4dcdOYoL._SS40_.jpg', 'https://m.media-amazon.com/images/I/41l5LsYjlXL._SS40_.jpg', 'https://m.media-amazon.com/images/I/41Iw2cb2SCS._SS40_.jpg'], 'variant': ['MAIN', 'PT01', 'PT02', 'PT03', 'PT04', 'PT05', 'PT06', 'PT07', 'PT08']}","{'title': [], 'url': [], 'user_id': []}",Generic,"['Home & Kitchen', 'Kitchen & Dining', 'Kitchen Utensils & Gadgets', 'Cutting Boards', 'Cutting Boards']","{""Date First Available"": ""November 7, 2020""}",B082V5211B,,,
Amazon Home,Trylis Silicone Oven Mitts Heat Resistant Pot Holders Mini Cooking Gloves Insulation Finger Protector Pinch Pink 2pcs,4,33,"['High quality silicone - This gloves and pot holders are made of high quality silicone, which is BPA free, non-toxic, odorless, safe and reliable. Soft silicone material makes you feel soft and comfortable.', 'Good insulation effect - Pot holder made of thick silicone, protect your hands from high temperature.', 'Easy to clean and store - It is water resistant and can be used in dishwashers, easy to clean. Each piece is with a hanging hole, convenient to store.', 'Non-slip design - Each mitt is suitable for both left and right hand, easy to take on or off. Anti-skid design inside, versatile for use, can handle slippery items firmly.', 'Good flexibility - The glove will convert back to its original shape even if you pull or twist it.The silicone oven mittens are great kitchen accessory.']","['This is a perfect solution to protect your hands when you cook or serve. With help of these mini oven mitts, you can quickly and easily pick up and remove the hot dishes. Specially anti slip designed and easy to hang, it is a great choice for your kitchen.  It can be used as pot holder, pan holder or lid holder. We can take out foods from oven with insulated gloves. Mini silicone oven mitts are also great for instant pot and microwave.']",None,"{'hi_res': ['https://m.media-amazon.com/images/I/51oisRCOecL._AC_SL1024_.jpg', 'https://m.media-amazon.com/images/I/51i1KSEeD3L._AC_SL1024_.jpg', 'https://m.media-amazon.com/images/I/61zInM6UVLL._AC_SL1024_.jpg', 'https://m.media-amazon.com/images/I/61LT5949TGL._AC_SL1024_.jpg', 'https://m.media-amazon.com/images/I/611Fh9WoXYL._AC_SL1024_.jpg', 'https://m.media-amazon.com/images/I/71I+GudDTOL._AC_SL1024_.jpg', 'https://m.media-amazon.com/images/I/51gNC0oBo1L._AC_SL1024_.jpg'], 'large': ['https://m.media-amazon.com/images/I/31ZHio42OwL._AC_.jpg', 'https://m.media-amazon.com/images/I/41A31BBA5UL._AC_.jpg', 'https://m.media-amazon.com/images/I/5196jyWbZ6L._AC_.jpg', 'https://m.media-amazon.com/images/I/51j1OitdbKL._AC_.jpg', 'https://m.media-amazon.com/images/I/41tMiD6WNWL._AC_.jpg', 'https://m.media-amazon.com/images/I/51y5EaP2xXL._AC_.jpg', 'https://m.media-amazon.com/images/I/412OMfSZY5L._AC_.jpg'], 'thumb': ['https://m.media-amazon.com/images/I/31ZHio42OwL._AC_US75_.jpg', 'https://m.media-amazon.com/images/I/41A31BBA5UL._AC_US75_.jpg', 'https://m.media-amazon.com/images/I/5196jyWbZ6L._AC_US75_.jpg', 'https://m.media-amazon.com/images/I/51j1OitdbKL._AC_US75_.jpg', 'https://m.media-amazon.com/images/I/41tMiD6WNWL._AC_US75_.jpg', 'https://m.media-amazon.com/images/I/51y5EaP2xXL._AC_US75_.jpg', 'https://m.media-amazon.com/images/I/412OMfSZY5L._AC_US75_.jpg'], 'variant': ['MAIN', 'PT01', 'PT02', 'PT03', 'PT04', 'PT05', 'PT06']}","{'title': [], 'url': [], 'user_id': []}",Trylis,"['Home & Kitchen', 'Kitchen & Dining', 'Kitchen & Table Linens', 'Potholders & Oven Mitts', 'Oven Mitts']","{""Product Dimensions"": ""6.3 x 5.12 x 1.57 inches"", ""Item Weight"": ""2.82 ounces"", ""Manufacturer"": ""Trylis"", ""Best Sellers Rank"": {""Kitchen & Dining"": 656337, ""Oven Mitts"": 2973}, ""Date First Available"": ""June 23, 2020"", ""Color"": ""Pink"", ""Outer Material"": ""Silicone"", ""Item Dimensions LxWxH"": ""6.3 x 5.12 x 1.57 inches"", ""Product Care Instructions"": ""Machine Wash"", ""Shape"": ""Hand"", ""Number of Pieces"": ""2""}",B08C7JYKZH,,,
Amazon Home,"Spring Sleep Solid Wood Split Bunkie Board Mattress/Bed Support, Fits Standard, Full Size, 74x53x1.5, Grey",4.3,153,"['Wood', 'Made in the USA', 'BUNKIE BOARD COMES SPLIT IN TWO HALVES : Making it easy and convenient to carry, travel and store. Just put the two bed boards together and its ready to use', 'IMPROVES YOUR NIGHTS REST : By adding firm support to any kind of bed for better back support, deeper sleep, fatigue reduction, spine position and blood flow', 'SUPER STRONG : Stitch bond fabric material that can support heavy weight, can use two side-by-side to fit the Standard Mattress, color-grey color may vary', 'DOESNT MOVE AROUNG : Under your mattress, as your bunky board gives you consistent support which equals a great nights rest and less back stiffness', 'BOARDS EXTEND THE LIFE OF ANY MATTRESS : Simply sliding it underneath, making your mattress feel firm, supportive, fresh and new', 'WORKS GREAT WITH : Bunk bed, platform beds, daybeds with supporting slat system', 'ITEM INCLUDES : 1) Bunkie Board(Comes With Two Half For One Mattress),(Bed Frame Not Included).']","[""The 1.5-inch Bunkie Board , Split Bunkie Board provides a surface foundation for any platform beds, bunks and daybeds. It adds support to the mattress and will keep mattress stay in good shape thus extending the life of your mattress. It will give a firm bottom support for the mattress and raises the mattress up for about 1.5 inches. When a mattress is placed directly on slats or metal spring, the mattress will have the tendency to rip or sink. These can be avoided with the use of a Bunkie board. Using a Bunkie board doubles the mattress' life expectancy. This Bunkie board is a good alternative in lieu of a box spring that may be too high for day beds. It will give the bed a lift without adding much height. This Bunkie board is strong enough to be used directly on bed frame in lieu of a box spring. It will give the mattress a lift which is a quite low but will definitely hold up the mattress. It is wrapped in a stitch bonded nonwoven fabric. It meets federal standards 1632 and 1633 fire code. This Bunkie Board will give you enduring comfort and durability for an excellent sleep. The split design will give you the convenience and easy mobility since the 2 piece varieties are very light weight utilizing 2 smaller pieces making them easier to carry and maneuver through the cramped quarters of an apartment our house. continuously aims to be the most reliable direct mattress manufacturer in the industry. With our prominent name and superior service, we satisfy customers all over. All of our products are made in the Country to ensure that you get only the best. We take great pride in the quality of our products and the quick service we provide. Our customers are our best advertisement. Customers and business partners alike have experienced Company's commitment to the unbeatable service we provide for their high quality products.""]",193.72,"{'hi_res': ['https://m.media-amazon.com/images/I/61uwH2zQr9L._AC_SL1500_.jpg', 'https://m.media-amazon.com/images/I/717fsqJzP9L._AC_SL1500_.jpg', 'https://m.media-amazon.com/images/I/81vY6XKKAnL._AC_SL1500_.jpg', 'https://m.media-amazon.com/images/I/615bQd2gFUL._AC_SL1500_.jpg', 'https://m.media-amazon.com/images/I/71U7BkpdZ3L._AC_SL1500_.jpg', 'https://m.media-amazon.com/images/I/71sjlbEobCL._AC_SL1500_.jpg', 'https://m.media-amazon.com/images/I/71wVraqu31L._AC_SL1500_.jpg', 'https://m.media-amazon.com/images/I/71stolkE+JL._AC_SL1500_.jpg'], 'large': ['https://m.media-amazon.com/images/I/21nqEG68KeL._AC_.jpg', 'https://m.media-amazon.com/images/I/41eetMPPxmL._AC_.jpg', 'https://m.media-amazon.com/images/I/41EEItd6tzL._AC_.jpg', 'https://m.media-amazon.com/images/I/31ufYmvJsGL._AC_.jpg', 'https://m.media-amazon.com/images/I/41wDAtzTz+L._AC_.jpg', 'https://m.media-amazon.com/images/I/51U6Qzfm1hL._AC_.jpg', 'https://m.media-amazon.com/images/I/41c6d45tb1L._AC_.jpg', 'https://m.media-amazon.com/images/I/51tsh8+ozCL._AC_.jpg'], 'thumb': ['https://m.media-amazon.com/images/I/21nqEG68KeL._AC_US75_.jpg', 'https://m.media-amazon.com/images/I/41eetMPPxmL._AC_US75_.jpg', 'https://m.media-amazon.com/images/I/41EEItd6tzL._AC_US75_.jpg', 'https://m.media-amazon.com/images/I/31ufYmvJsGL._AC_US75_.jpg', 'https://m.media-amazon.com/images/I/41wDAtzTz+L._AC_US75_.jpg', 'https://m.media-amazon.com/images/I/51U6Qzfm1hL._AC_US75_.jpg', 'https://m.media-amazon.com/images/I/41c6d45tb1L._AC_US75_.jpg', 'https://m.media-amazon.com/images/I/51tsh8+ozCL._AC_US75_.jpg'], 'variant': ['MAIN', 'PT01', 'PT02', 'PT03', 'PT04', 'PT05', 'PT06', 'PT07']}","{'title': ['Bunkie Board video', 'Split Bunkie Board Video', 'Bunkie Regular Board Video', 'Honest Review of Bunkee Boards', 'DMI Bunkie Board/Bed Board', 'Review - Zinus Deepak Easy Assembly Wood Slat 1.6 Inch', 'Zinus Annemarie Solid Wood Bed Support Slats / Fabric-Covered / Bunkie Board, Full', 'DMI Bunkie Bed Board'], 'url': ['https://www.amazon.com/vdp/02ec260e6b4243359165e969073b350e?ref=dp_vse_rvc_0', 'https://www.amazon.com/vdp/898869a8c1c5493ba43bb084a0c59f82?ref=dp_vse_rvc_1', 'https://www.amazon.com/vdp/43bd7afc3b72426898f0dde17116e7bf?ref=dp_vse_rvc_2', 'https://www.amazon.com/vdp/03138d87dacb4aa7a593867d0bafe354?ref=dp_vse_rvc_3', 'https://www.amazon.com/vdp/00fdf7ae360d4e768be05fb62f2ff66d?ref=dp_vse_rvc_4', 'https://www.amazon.com/vdp/08c03f4c9b044278a0e9e99a1ea759d3?ref=dp_vse_rvc_5', 'https://www.amazon.com/vdp/0d96e04567774b938c837bce332fcfb7?ref=dp_vse_rvc_6', 'https://www.amazon.com/vdp/a60552918a174da3b8e0a99232641d95?ref=dp_vse_rvc_7'], 'user_id': ['', '', '', '/shop/ofedward', '', '/shop/influencer-f86a9573', '', '']}",Spring Sleep,"['Home & Kitchen', 'Furniture', 'Bedroom Furniture', 'Beds, Frames & Bases', 'Bases & Foundations', 'Bunkie Boards']","{""Product Dimensions"": ""74 x 53 x 1.5 inches"", ""Item Weight"": ""17 pounds"", ""Manufacturer"": ""Spring Sleep"", ""Country of Origin"": ""USA"", ""Item model number"": ""2-Inch"", ""Best Sellers Rank"": {""Home & Kitchen"": 598213, ""Bunkie Boards"": 14}, ""Is Discontinued By Manufacturer"": ""No"", ""Fabric Type"": ""Wood"", ""Care instructions"": ""Wipe with Damp Cloth"", ""Assembly required"": ""No"", ""Number of pieces"": ""1"", ""Batteries required"": ""No"", ""Included Components"": ""Bunkie Board"", ""Import"": ""Made in the USA"", ""Size"": ""Full"", ""Color"": ""Grey"", ""Material"": ""Fabric"", ""Style"": ""Split"", ""Brand"": ""Spring Sleep""}",B00G2C2WX8,,,
Amazon Home,VIROTEE Bread Scroing Lame - Dough Scoring Slashing Tools Baking Sourdough Knife Razor Cutter Includes Holster for Bread Bakers Turquoise,4.5,80,"['Ultimate Fine Control Over Scoring - The bread lame is easy to get a good clean slit that is deep enough, makes very neat precise scoring, you can grip it at any angle.', ""Mini Protective Leather Pouch - The lame comes with a leather pouch to protect you against any accidental injury and also to protect against direct contact with children! It's also so ~ suitable for your apron pocket!"", 'Replaceable Blades - Blades are easily replaceable with standard razor blades (5 included). Fresh and sharp blades are critical for clean cuts in your dough.', 'Material - This UFO bread lame is handmade of solid American black walnut. Each bread lame has a unique and beautiful wood texture.', 'Gifts for Bread Bakers - The UFO lame help you make smooth cuts on the top of the loaf, works great scoring sourdough, makes your bread look like it came from the bakery, makes homemade bread look professionally made.']","['Welcome to VIROTEE', 'The', 'VIROTEE', 'Brand is focusing on HIGH-QUALITY kitchenware products all the time. we do our best to bring you top quality items at competitive price！', 'This is an Essential Tool for any Bread Baker!', ""A slash on the loaf's surface allows the dough to properly expand in the oven without tearing the skin or crust and also allows moisture to escape from the loaf. It also releases some of the gas, mainly carbon dioxide, that is trapped inside the dough"", ""Proper scoring also allows the baker to control exactly where the loaf will open or bloom. This significantly improves the appearance of baked bread. Scoring, finally, creates varieties in forms and appearance. It brings out the bread baker's artistic talent, allowing a unique signature."", 'PACKAGE INCLUDE:', '1 X UFO Bread Lame', '1 X Protective Leather Case', '5 X Razor Sharp Blades']",None,"{'hi_res': ['https://m.media-amazon.com/images/I/71SbIoAy0xL._AC_SL1500_.jpg', 'https://m.media-amazon.com/images/I/718OyrloLxL._AC_SL1500_.jpg', 'https://m.media-amazon.com/images/I/714RvdhSoaL._AC_SL1500_.jpg', 'https://m.media-amazon.com/images/I/91UODmupOLL._AC_SL1500_.jpg', 'https://m.media-amazon.com/images/I/91aJRC-kY6L._AC_SL1500_.jpg', 'https://m.media-amazon.com/images/I/81z1ZE7lgBL._AC_SL1500_.jpg', 'https://m.media-amazon.com/images/I/912PQ2hRNaL._AC_SL1500_.jpg'], 'large': ['https://m.media-amazon.com/images/I/51cKaq7WPjL._AC_.jpg', 'https://m.media-amazon.com/images/I/41ELB1FDnyL._AC_.jpg', 'https://m.media-amazon.com/images/I/51LyS+eR7uL._AC_.jpg', 'https://m.media-amazon.com/images/I/51J3dI1P2tL._AC_.jpg', 'https://m.media-amazon.com/images/I/61gqIqFQwrL._AC_.jpg', 'https://m.media-amazon.com/images/I/61tPKFI5T8L._AC_.jpg', 'https://m.media-amazon.com/images/I/51j5S1fZKGL._AC_.jpg'], 'thumb': ['https://m.media-amazon.com/images/I/51cKaq7WPjL._AC_US75_.jpg', 'https://m.media-amazon.com/images/I/41ELB1FDnyL._AC_US75_.jpg', 'https://m.media-amazon.com/images/I/51LyS+eR7uL._AC_US75_.jpg', 'https://m.media-amazon.com/images/I/51J3dI1P2tL._AC_US75_.jpg', 'https://m.media-amazon.com/images/I/61gqIqFQwrL._AC_US75_.jpg', 'https://m.media-amazon.com/images/I/61tPKFI5T8L._AC_US75_.jpg', 'https://m.media-amazon.com/images/I/51j5S1fZKGL._AC_US75_.jpg'], 'variant': ['MAIN', 'PT01', 'PT02', 'PT03', 'PT04', 'PT05', 'PT06']}","{'title': [], 'url': [], 'user_id': []}",VIROTEE,"['Home & Kitchen', 'Kitchen & Dining', 'Kitchen Utensils & Gadgets', 'Kitchen Knives & Accessories', 'Bread Knives']","{""Blade Material"": ""carbon"", ""Brand"": ""VIROTEE"", ""Color"": ""06_Turquoise"", ""Handle Material"": ""Wood"", ""Blade Edge"": ""Straight Edged"", ""Number of Pieces"": ""5"", ""Package Dimensions"": ""3.62 x 2.52 x 1.26 inches"", ""Item Weight"": ""1.76 ounces"", ""Manufacturer"": ""VIROTEE"", ""Best Sellers Rank"": {""Kitchen & Dining"": 434991, ""Bread Knives"": 488}, ""Date First Available"": ""January 4, 2021""}",B0BYYYQ354,,,
AMAZON FASHION,Landisun Apron Kitchen Chef Cooking Gag Gift Creative Funny Grilling Baking,4.6,154,"['Polyester', '美国制造或进口', 'Drawstring closure', 'Machine Wash', 'Package Included: One Apron and One Chef Hat', 'One Size Fits Most', 'Application Occasion:Restaurant, Kitchen, Barbecue, Canteens, Food factories, Hotel , Shops, Cafes']",[],14.99,"{'hi_res': ['https://m.media-amazon.com/images/I/71guAVEBwVL._AC_UL1500_.jpg', 'https://m.media-amazon.com/images/I/711P56yrIPL._AC_UL1500_.jpg'], 'large': ['https://m.media-amazon.com/images/I/41m78HAKR0L._AC_.jpg', 'https://m.media-amazon.com/images/I/51IM6sOko0L._AC_.jpg'], 'thumb': ['https://m.media-amazon.com/images/I/41m78HAKR0L._AC_SR38,50_.jpg', 'https://m.media-amazon.com/images/I/51IM6sOko0L._AC_SR38,50_.jpg'], 'variant': ['MAIN', 'PT01']}","{'title': ['Funny Cooking Kitchen Aprons'], 'url': ['https://www.amazon.com/vdp/085dd52f359c47dc843126c393d4dda3?ref=dp_vse_rvc_0'], 'user_id': ['']}",Landisun,"['Home & Kitchen', 'Kitchen & Dining', 'Kitchen & Table Linens', 'Aprons']","{""Department"": ""Unisex Adult"", ""Date First Available"": ""August 4, 2021""}",B01N1411P6,,,
Tools & Home Improvement,"Shower Caddy Organizer Shelf with Soap Dish,No Drilling Traceless Adhesive Shower Rack Thicken Rustproof Shower Storage Accessories for Bathroom,Lavatory,Washroom,Restroom,Shower,Toilet,Kitchen(Black, 3 Pack)",3.8,14,"[""💡【No Damage To Wall】The shampoo holder for shower is easily stick to the wall without screws or nails. The adhesive is a waterproof and reusable, won't fall on smooth surfaces like glass or tiles. (Tips: squeeze out the air for 24 hours will be more solid)."", '💡【No Water Accumulation】 The separable and detachablea design is easy to clean. The double-layer drain design at the bottom of the bathroom organization shelf is ventilated to keep dry and prevent scaling.', '💡【No Worries About Falling】The heigher and wider side guardrail can prevent bath supplies falling. The adhesive of the shower caddy is more stable than suction cup. The 30lbs load-bearing capacity guarantees that the shower shelf will not fall.', '💡【Wide Applicability】Our bathroom shower organizer is ideal for bath supplies like shampoo, soap, sponge or body wash. Perfect for decorating your dorm, bathroom, toilet, kitchen to make your space neat.', '💡【What Will You Get】You will get not only 2 Shower Caddy, 1 shower soap dish and 3 adhesive, but also a professional service support and satisfactory after-sales guarantee.']",[],None,"{'hi_res': ['https://m.media-amazon.com/images/I/61wOGnF+gFL._AC_SL1500_.jpg', 'https://m.media-amazon.com/images/I/71Gqz+O0NrL._AC_SL1500_.jpg', 'https://m.media-amazon.com/images/I/81n03O4GPiL._AC_SL1500_.jpg', 'https://m.media-amazon.com/images/I/713v-ieB67L._AC_SL1500_.jpg', 'https://m.media-amazon.com/images/I/71p-vYGBn7L._AC_SL1500_.jpg', 'https://m.media-amazon.com/images/I/81Z8b6NpcEL._AC_SL1500_.jpg', 'https://m.media-amazon.com/images/I/71glw74RM0L._AC_SL1500_.jpg', 'https://m.media-amazon.com/images/I/71P01kUvXqL._AC_SL1500_.jpg'], 'large': ['https://m.media-amazon.com/images/I/41684GiAV4L._AC_.jpg', 'https://m.media-amazon.com/images/I/51R6FqmKFKL._AC_.jpg', 'https://m.media-amazon.com/images/I/51awDJLt5NL._AC_.jpg', 'https://m.media-amazon.com/images/I/5199+0Pt1OL._AC_.jpg', 'https://m.media-amazon.com/images/I/513ozlJnWmL._AC_.jpg', 'https://m.media-amazon.com/images/I/51Z1lB-gGfL._AC_.jpg', 'https://m.media-amazon.com/images/I/51QihNK6ozL._AC_.jpg', 'https://m.media-amazon.com/images/I/51Y3GFEqp+L._AC_.jpg'], 'thumb': ['https://m.media-amazon.com/images/I/41684GiAV4L._AC_US75_.jpg', 'https://m.media-amazon.com/images/I/51R6FqmKFKL._AC_US75_.jpg', 'https://m.media-amazon.com/images/I/51awDJLt5NL._AC_US75_.jpg', 'https://m.media-amazon.com/images/I/5199+0Pt1OL._AC_US75_.jpg', 'https://m.media-amazon.com/images/I/513ozlJnWmL._AC_US75_.jpg', 'https://m.media-amazon.com/images/I/51Z1lB-gGfL._AC_US75_.jpg', 'https://m.media-amazon.com/images/I/51QihNK6ozL._AC_US75_.jpg', 'https://m.media-amazon.com/images/I/51Y3GFEqp+L._AC_US75_.jpg'], 'variant': ['MAIN', 'PT01', 'PT02', 'PT03', 'PT04', 'PT05', 'PT06', 'PT07']}","{'title': ['Shower Caddy Organizer Shelf with Soap Dish'], 'url': ['https://www.amazon.com/vdp/040e7ffba3ff427d887770b564ed61cd?ref=dp_vse_rvc_0'], 'user_id': ['']}",DK.PPFN.,"['Home & Kitchen', 'Bath', 'Bathroom Accessories', 'Shower Accessories', 'Shower Caddies']","{""Usage"": ""Showers"", ""Material"": ""Glass"", ""Special Feature"": ""Rustproof,Waterproof"", ""Color"": ""Black"", ""Brand"": ""DK.PPFN."", ""Finish Type"": ""Painted"", ""Mounting Type"": ""Wall Mount"", ""Number of Items"": ""3"", ""Manufacturer"": ""DK.PPFN."", ""Item Weight"": ""1.76 pounds"", ""Package Dimensions"": ""15.91 x 6.1 x 2.72 inches"", ""Size"": ""3 Pack"", ""Finish"": ""Painted"", ""Special Features"": ""Rustproof,Waterproof"", ""Batteries Included?"": ""No"", ""Batteries Required?"": ""No"", ""Best Sellers Rank"": {""Home & Kitchen"": 2653887, ""Shower Caddies"": 4602}, ""Date First Available"": ""September 29, 2021""}",B077NNYT1Z,,,
Amazon Home,CHILLOUT LIFE 20 oz Stainless Steel Tumbler with Lid - Double Wall Vacuum Insulated Coffee Mug with Splash Proof Lid and Straw for Hot & Cold Drinks,4.7,18386,"['5-year Warranty & 100% Satisfaction - Yes! CHILLOUT LIFE products come with a a 5-year warranty plus special bonus - Free Delicious Coffee Recipes eBook - which will be emailed to you within 48 hours of your purchase. If you are not positively thrilled with our 20 oz insulated tumbler, just let us know and we will make things right for you! - Hassle Free!', 'Double Wall Vacuum Insulated Technology - High tech insulation methods prevent heat transfer to the outer walls of the tumbler, keeping your cold drinks ice-cold for up to 24 hours & your hot drinks scalding-hot for up to 6 hours. Our stainless steel tumbler use a SWEAT FREE DESIGN that prevents any temperature changes or condensation from forming on the outside, making sure that this cup never leaves a spot & you never burn yourself again!', 'Easy To Clean - The large, wide mouth opening allows easy access to the stainless steel surface, eliminating hard to reach spots and helping you keep every inch washed - Hand Wash Only.', ""BPA Free & Eco-friendly - This makes a safe, green, flavor free and healthier alternative to plastic bottles and cups. Save money on disposable cups that won't keep your liquids hot or cold by buying this cup that lasts a lifetime. Fill your tumbler with coffee, sweet tea, beer, ice water, milkshakes, lemonade, soda and more!"", ""Fits Most Cup Holders - The bottom of the mug is conveniently sized to fit car cup holders for easy portability. Save money on disposable cups that won't keep your liquids hot or cold by buying this travel coffee mug that lasts a lifetime. Fill your thermal coffee mug with coffee, sweet tea, ice water, milkshakes, lemonade and more!""]",[],13.49,"{'hi_res': ['https://m.media-amazon.com/images/I/71hTlPC2lkL._AC_SL1500_.jpg', None, 'https://m.media-amazon.com/images/I/71ENzYPERjL._AC_SL1500_.jpg', 'https://m.media-amazon.com/images/I/710gVEnpBBS._AC_SL1500_.jpg', 'https://m.media-amazon.com/images/I/71LABnGQ6RL._AC_SL1500_.jpg', 'https://m.media-amazon.com/images/I/61XOUVFJ3dL._AC_SL1000_.jpg', 'https://m.media-amazon.com/images/I/81biCziVW8L._AC_SL1500_.jpg', 'https://m.media-amazon.com/images/I/71p4gvGjBFL._AC_SL1500_.jpg', 'https://m.media-amazon.com/images/I/713feN78xxL._AC_SL1500_.jpg'], 'large': ['https://m.media-amazon.com/images/I/41sar1q+MgL._AC_.jpg', 'https://m.media-amazon.com/images/I/415-SgWYi9L._AC_.jpg', 'https://m.media-amazon.com/images/I/41Jo-H5CXYL._AC_.jpg', 'https://m.media-amazon.com/images/I/51tYYWYl+GS._AC_.jpg', 'https://m.media-amazon.com/images/I/41Bs18rDf3L._AC_.jpg', 'https://m.media-amazon.com/images/I/51f2whu+L3L._AC_.jpg', 'https://m.media-amazon.com/images/I/51lxJOouKsL._AC_.jpg', 'https://m.media-amazon.com/images/I/41iqKJ4pJPL._AC_.jpg', 'https://m.media-amazon.com/images/I/51CtNICZh4L._AC_.jpg'], 'thumb': ['https://m.media-amazon.com/images/I/41sar1q+MgL._AC_US75_.jpg', 'https://m.media-amazon.com/images/I/415-SgWYi9L._AC_US75_.jpg', 'https://m.media-amazon.com/images/I/41Jo-H5CXYL._AC_US75_.jpg', 'https://m.media-amazon.com/images/I/51tYYWYl+GS._AC_US75_.jpg', 'https://m.media-amazon.com/images/I/41Bs18rDf3L._AC_US75_.jpg', 'https://m.media-amazon.com/images/I/51f2whu+L3L._AC_US75_.jpg', 'https://m.media-amazon.com/images/I/51lxJOouKsL._AC_US75_.jpg', 'https://m.media-amazon.com/images/I/41iqKJ4pJPL._AC_US75_.jpg', 'https://m.media-amazon.com/images/I/51CtNICZh4L._AC_US75_.jpg'], 'variant': ['MAIN', 'PT01', 'PT02', 'PT03', 'PT04', 'PT05', 'PT06', 'PT07', 'PT08']}","{'title': ['20 oz Stainless Steel Tumbler with Splash Proof Sliding Lid - Black  Powder Coated Tum', 'Double wall insulated wine cup', 'Stainless Steel Tumbler with Splash Proof Lid & Gift Box', '20 oz Stainless Steel Tumbler with Straw and Slider Lid', 'LOVE IT! Pretty! Keeps my drink cold forever. Full review ', '30 oz Stainless Steel Tumbler with Lid and Straw', 'VEGOND 20 oz Stainless Steel Tumblers with Lid Straw', 'MUCHENGHY 20oz Stainless Steel Tumbler with Lid and Straw', 'Leak Proof Insulated Tumbler Review!', 'SUNWILL Travel Tumbler'], 'url': ['https://www.amazon.com/vdp/26832619bb10494484377a72b3ed6e83?ref=dp_vse_rvc_0', 'https://www.amazon.com/vdp/07345d619d7f41628eda0fbdf93a27a3?ref=dp_vse_rvc_1', 'https://www.amazon.com/vdp/afdfb5ddc34145ea95ddf6c15f8862c5?ref=dp_vse_rvc_2', 'https://www.amazon.com/vdp/01fb5d6301204050a07b90f9602ed705?ref=dp_vse_rvc_3', 'https://www.amazon.com/vdp/0679c23df46b4c328daf4c58da243b45?ref=dp_vse_rvc_4', 'https://www.amazon.com/vdp/09465f2592d6478b826fd11b9d19ae10?ref=dp_vse_rvc_5', 'https://www.amazon.com/vdp/0cb9e6e750d24388bdf0f91405113a33?ref=dp_vse_rvc_6', 'https://www.amazon.com/vdp/062617c257e24894b2a220a99fcc5eb2?ref=dp_vse_rvc_7', 'https://www.amazon.com/vdp/014b739c1da940029e0432755e577371?ref=dp_vse_rvc_8', 'https://www.amazon.com/vdp/05dec2d7b15c473f950daccc3bfc2892?ref=dp_vse_rvc_9'], 'user_id': ['', '/shop/influencer-72c51422', '', '', '/shop/influencer-cf2dc7e8', '', '', '', '/shop/candidtechtv', '']}",CHILLOUT LIFE,"['Home & Kitchen', 'Kitchen & Dining', 'Dining & Entertaining', 'Glassware & Drinkware', 'Tumblers & Water Glasses']","{""Brand"": ""CHILLOUT LIFE"", ""Material"": ""Stainless Steel"", ""Color"": ""Stainless Steel"", ""Capacity"": ""1.3 Pounds"", ""Special Feature"": ""Cold for 24 hours & Hot drinks for 6 hours, Include SS straw and cleaning brush, Splash proof slider super durable tritan lid, SS straw and cleaning brush, Double Wall, Vacuum Insulated, 18/8 Food grade stainless steel, Rust free, Sweat-free, BPA-free, Easy to clean, Light weight, Giftable, 5-year WarrantyCold for 24 hours & Hot drinks for 6 hours, Include SS straw and cleaning brush, Splash proof slider super durable tritan lid, SS straw and cleaning brush, Double Wall, Vacuum Insulated, 18/8 Food grade stain\u2026  See more"", ""Style"": ""20oz (pack of 1)"", ""Theme"": ""Sports, Outdoor, Spring, Summer, Winter, Autumn, Birthday, Mother's Day, Father's Day, Christmas, Anniversary, Cinco De Mayo, Vacation, Valentine's Day, Housewarming Party, BBQ Pool Party, Beach Holiday, Fiesta, Trip, Travel"", ""Recommended Uses For Product"": ""Indoor, Outdoor, School, Beach, Sport, Gym, Pool, Car, Home, Travel"", ""Occasion"": ""Christmas, Father's Day"", ""Included Components"": ""Lid"", ""Specific Uses For Product"": ""Cold Drinks"", ""Shape"": ""Tumblers"", ""Pattern"": ""Solid"", ""Product Care Instructions"": ""Hand Wash Only"", ""Material Feature"": ""Insulated"", ""Unit Count"": ""1.0 Count"", ""Item Weight"": ""12.3 ounces"", ""Product Dimensions"": ""3.5 x 3.5 x 6.9 inches"", ""Number of Items"": ""1"", ""Package Type"": ""Standard Packaging"", ""Manufacturer"": ""CHILLOUT LIFE"", ""Item model number"": ""CHILLOUT56"", ""Best Sellers Rank"": {""Kitchen & Dining"": 7319, ""Tumblers & Water Glasses"": 239}, ""Is Discontinued By Manufacturer"": ""No"", ""Date First Available"": ""July 5, 2016""}",B07M9SWWJY,,,
Amazon Home,"MCEAST 24 Pieces Christmas Glitter Poinsettia Flowers with 24 Clips Artificial Christmas Tree Flower Decorations for Wedding, Party, Wreath, Christmas Tree Ornaments, Rose Gold",4.2,256,"['Exquisite design: the Christmas poinsettia flowers adopt hollow-out and glitter design, making the flowers shining and exquisite, ideal for Christmas decoration, you will love them', 'Size and quantity: you will receive 24 pieces of the glitter Christmas flowers in 3 different sizes with diameters of 8 cm, 10 cm and 15 cm, 8 pieces for each size; with various sizes and sufficient quantities, they can meet your decoration needs; we also provide you with 24 clips and 1 zipper bag for fixing and storing your Christmas flowers', 'Ideal color: we provide you with rose gold Christmas artificial poinsettia flowers, this color is a popular Christmas color, which can create a warm and romantic holiday atmosphere for you', 'High-quality material: the Christmas tree flower decorations are made of high-quality plastic and glitter, lightweight, waterproof and heat-insulation, not easy to damage, you can use them for a long time, bringing convenience to you', 'Wide applications: the delicate Christmas glitter flowers are ideal for Christmas decorations, they can be placed on Christmas trees, wreaths, fireplaces, etc., they can also be used as decorations for birthdays, weddings, daily parties and other occasions']","['Specification: Material: plasticColor: rose goldSize: 8 cm, 10 cm and 15 cmQuantity: 24Package includes: 8 x 10 cm Christmas flowers8 x 15 cm Christmas flowers8 x 8 cm Christmas flowersWarm note:Please allow slight difference on size due to manual measurement.']",11.99,"{'hi_res': ['https://m.media-amazon.com/images/I/91n+jjC4y8L._AC_SL1500_.jpg', 'https://m.media-amazon.com/images/I/81ux6uTsPNL._AC_SL1500_.jpg', 'https://m.media-amazon.com/images/I/91BAYa-8fHL._AC_SL1500_.jpg', 'https://m.media-amazon.com/images/I/81QXpeLcpiL._AC_SL1500_.jpg', 'https://m.media-amazon.com/images/I/91IfTku+pYL._AC_SL1500_.jpg', 'https://m.media-amazon.com/images/I/91Q3UMLRYIL._AC_SL1500_.jpg', 'https://m.media-amazon.com/images/I/81VlSXZKE6L._AC_SL1500_.jpg'], 'large': ['https://m.media-amazon.com/images/I/61a-UGf0euL._AC_.jpg', 'https://m.media-amazon.com/images/I/51b2+qjExeL._AC_.jpg', 'https://m.media-amazon.com/images/I/51CfdeXwchL._AC_.jpg', 'https://m.media-amazon.com/images/I/51e9aTm4ArL._AC_.jpg', 'https://m.media-amazon.com/images/I/61btHWiMsLL._AC_.jpg', 'https://m.media-amazon.com/images/I/61fa0-u8GmL._AC_.jpg', 'https://m.media-amazon.com/images/I/51+ji0F+YuL._AC_.jpg'], 'thumb': ['https://m.media-amazon.com/images/I/61a-UGf0euL._AC_US75_.jpg', 'https://m.media-amazon.com/images/I/51b2+qjExeL._AC_US75_.jpg', 'https://m.media-amazon.com/images/I/51CfdeXwchL._AC_US75_.jpg', 'https://m.media-amazon.com/images/I/51e9aTm4ArL._AC_US75_.jpg', 'https://m.media-amazon.com/images/I/61btHWiMsLL._AC_US75_.jpg', 'https://m.media-amazon.com/images/I/61fa0-u8GmL._AC_US75_.jpg', 'https://m.media-amazon.com/images/I/51+ji0F+YuL._AC_US75_.jpg'], 'variant': ['MAIN', 'PT01', 'PT02', 'PT03', 'PT04', 'PT05', 'PT06']}","{'title': ['24 Pcs Christmas Glitter Artificial Poinsettia Flowers Xmas ', ' 36Pcs Christmas Flowers Poinsettia Decorations'], 'url': ['https://www.amazon.com/vdp/06679227cf2c449fb8384b12c85be059?ref=dp_vse_rvc_0', 'https://www.amazon.com/vdp/0d4a4049fec9487db15ef7cf63189b33?ref=dp_vse_rvc_1'], 'user_id': ['', '']}",MCEAST,"['Home & Kitchen', 'Home Décor Products', 'Artificial Plants & Flowers', 'Artificial Flowers']","{""Brand"": ""MCEAST"", ""Plant or Animal Product Type"": ""Poinsettia"", ""Color"": ""Rose Gold"", ""Material"": ""Plastic"", ""Product Dimensions"": ""5.9\""D x 5.9\""W x 118\""H"", ""Recommended Uses For Product"": ""\u5ba4\u5185\u5ba4\u5916\u5747\u53ef\u4f7f\u7528"", ""Specific Uses For Product"": ""Party,Wedding"", ""Indoor/Outdoor Usage"": ""Indoor"", ""Package Information"": ""Bag"", ""Occasion"": ""Wedding"", ""Number of Items"": ""24"", ""Unit Count"": ""24 Count"", ""Item Weight"": ""5.9 ounces"", ""Manufacturer"": ""MCEAST"", ""Item model number"": ""AN3681"", ""Best Sellers Rank"": {""Home & Kitchen"": 1099100, ""Artificial Flowers"": 8846}, ""Number of pieces"": ""24, 8"", ""Batteries required"": ""No""}",B07BL41FQX,,,
Amazon Home,Side Table with Power Station - Office End Table with Outlets - Walnut,3.8,94,"['Keep a convenient source of power right beside your favorite chair in the living room with this side table with power station.', 'The table top power station offers 2 USB ports and 2 electrical outlets. It enables you to charge your phone and power a lamp via the table next to your couch.', 'Use it as a night stand for your bedroom and you can charge your phone while you sleep and still have it function as an alarm clock.', ""It also offers storage space. There's a shelf at the bottom that can hold reading material, remotes, DVDs and more."", '23-3/4""W x 11""D x 22""H, with a 57""L cord. MDF.\xa0Assembly required; assembly hardware and power strip included.']",[],None,"{'hi_res': [None, 'https://m.media-amazon.com/images/I/914S4XZlvSL._AC_SL1500_.jpg', 'https://m.media-amazon.com/images/I/61H8CHAGQcL._AC_SL1255_.jpg', 'https://m.media-amazon.com/images/I/61HB9IRhgtL._AC_SL1255_.jpg', 'https://m.media-amazon.com/images/I/7147zrcYv9L._AC_SL1500_.jpg', 'https://m.media-amazon.com/images/I/91+PylWduqL._AC_SL1500_.jpg'], 'large': ['https://m.media-amazon.com/images/I/41ZUD2DfPyL._AC_.jpg', 'https://m.media-amazon.com/images/I/51M1qoY23GL._AC_.jpg', 'https://m.media-amazon.com/images/I/41LyE3rC2XL._AC_.jpg', 'https://m.media-amazon.com/images/I/41s1vj-5SOL._AC_.jpg', 'https://m.media-amazon.com/images/I/41atlzGp5NL._AC_.jpg', 'https://m.media-amazon.com/images/I/51pHDtRcufL._AC_.jpg'], 'thumb': ['https://m.media-amazon.com/images/I/41ZUD2DfPyL._AC_US75_.jpg', 'https://m.media-amazon.com/images/I/51M1qoY23GL._AC_US75_.jpg', 'https://m.media-amazon.com/images/I/41LyE3rC2XL._AC_US75_.jpg', 'https://m.media-amazon.com/images/I/41s1vj-5SOL._AC_US75_.jpg', 'https://m.media-amazon.com/images/I/41atlzGp5NL._AC_US75_.jpg', 'https://m.media-amazon.com/images/I/51pHDtRcufL._AC_US75_.jpg'], 'variant': ['MAIN', 'PT01', 'PT02', 'PT03', 'PT04', 'PT05']}","{'title': ['Accent Side Table with Power Station', 'Narrow End Table Show', 'ChooChoo end table with charging station', 'Our personal review of this side table! ', 'ChooChoo Side End Table', 'Review of ChooChoo End Table with Flip Top.MOV', 'ChooChoo X-shaped table', 'BEAUTIFUL END TABLE with CHARGING STATION made by Yoobure', 'American Heritage 1 Drawer Chairside End Table with Shelves', 'This feature surprised me so much'], 'url': ['https://www.amazon.com/vdp/0dd6c85a032b44e1a68a07c30b207f9f?ref=dp_vse_rvc_0', 'https://www.amazon.com/vdp/011d1a2eeb044cd08abd6944f9cb5ef9?ref=dp_vse_rvc_1', 'https://www.amazon.com/vdp/06722a9876f24bb1a1d389944ecadcc9?ref=dp_vse_rvc_2', 'https://www.amazon.com/vdp/04bfd46834984d8a953a4c94114c259f?ref=dp_vse_rvc_3', 'https://www.amazon.com/vdp/03fc16f0f8a54edd9c699fc70e68652d?ref=dp_vse_rvc_4', 'https://www.amazon.com/vdp/0dd64b2f38be4425b74f73f67afeb7bf?ref=dp_vse_rvc_5', 'https://www.amazon.com/vdp/0f0470f8164049e895500946e7f2f0be?ref=dp_vse_rvc_6', 'https://www.amazon.com/vdp/0a04a84f70054212979e418181ee4ea8?ref=dp_vse_rvc_7', 'https://www.amazon.com/vdp/061a43ef2550458285bd5de7ae92970d?ref=dp_vse_rvc_8', 'https://www.amazon.com/vdp/00a6d4745e13479cb4471011a34b4cad?ref=dp_vse_rvc_9'], 'user_id': ['', '', '', '/shop/influencer-40a46afa', '', '/shop/udezieniwodaniel', '', '/shop/5280adventures', '', '/shop/yellowponn']}",The Lakeside Collection,"['Home & Kitchen', 'Furniture', 'Living Room Furniture', 'Tables', 'End Tables']","{""Product Dimensions"": ""11\""D x 23.75\""W x 22\""H"", ""Color"": ""Walnut"", ""Shape"": ""Rectangular"", ""Brand"": ""The Lakeside Collection"", ""Table design"": ""End Table"", ""Special Feature"": ""Storage"", ""Style"": ""Modern"", ""Room Type"": ""Bedroom"", ""Top Material Type"": ""Mdf,Walnut"", ""Base Type"": ""Leg"", ""Unit Count"": ""1.0 Count"", ""Frame Material"": ""Wood"", ""Assembly Required"": ""Yes"", ""Item Weight"": ""10 pounds"", ""Furniture Finish"": ""Walnut"", ""Manufacturer"": ""LTD Commodities, LLC"", ""Best Sellers Rank"": {""Home & Kitchen"": 1300228, ""End Tables"": 3867}, ""Is Discontinued By Manufacturer"": ""No"", ""Date First Available"": ""December 22, 2020""}",B08GJ7XWSY,,,
Amazon Home,"Galaxy Mandala Christmas Tree Skirt 48"" Large Halloween Xmas Tree Decor for Holiday Party Decor Christmas Decoration",4,13,"['Material: Made Of High-Quality Brushed Cloth With Fringed Lace To Keep The Color Bright And Lasting.', 'Product Design: Soft And Fluffy Plush Material With Good Appearance, Softness, Lightness, And Good Touch. Decorate Your Christmas Tree, Add A Festive Warm Atmosphere And Embellish Life. On Halloween, Christmas And New Year, Use This Fun Accessory To Bring A Little Holiday Joy.', 'Applicable Scenarios: Christmas, Halloween, Christmas Cosplay, Sales, Promotions, Annual Ceremonies, Community Activities, Stage Performances, Holiday Parties, Etc.', 'ACCESSORIES: 3 red rope ties, easy to install.', 'Washing Instructions: Both Hand Wash And Machine Wash.']",['This Charming Christmas Tree Skirt Is Perfect For Keeping The Floor Of Your Home Or Office Free From Pine Needles Or Sap Throughout The Holiday.'],25.89,"{'hi_res': ['https://m.media-amazon.com/images/I/713IZJiHxcL._AC_SL1200_.jpg', 'https://m.media-amazon.com/images/I/81UUN4cnu4L._AC_SL1200_.jpg', 'https://m.media-amazon.com/images/I/81KeWgoAVFL._AC_SL1200_.jpg', 'https://m.media-amazon.com/images/I/71udLkpDaEL._AC_SL1200_.jpg'], 'large': ['https://m.media-amazon.com/images/I/51+zJjdzIVL._AC_.jpg', 'https://m.media-amazon.com/images/I/61JRtszOjLL._AC_.jpg', 'https://m.media-amazon.com/images/I/61zYvtvgCwL._AC_.jpg', 'https://m.media-amazon.com/images/I/51AMt-Wyn0L._AC_.jpg'], 'thumb': ['https://m.media-amazon.com/images/I/51+zJjdzIVL._AC_US75_.jpg', 'https://m.media-amazon.com/images/I/61JRtszOjLL._AC_US75_.jpg', 'https://m.media-amazon.com/images/I/61zYvtvgCwL._AC_US75_.jpg', 'https://m.media-amazon.com/images/I/51AMt-Wyn0L._AC_US75_.jpg'], 'variant': ['MAIN', 'PT01', 'PT02', 'PT03']}","{'title': [], 'url': [], 'user_id': []}",MSGUIDE,"['Home & Kitchen', 'Seasonal Décor', 'Tree Skirts']","{""Material"": ""Pine"", ""Brand"": ""MSGUIDE"", ""Pattern"": ""Geometric"", ""Closure Type"": ""Drawstring"", ""Fabric Type"": ""Cloth,lace,plush"", ""Shape"": ""Round"", ""Package Dimensions"": ""8.46 x 6.38 x 2.32 inches"", ""Item Weight"": ""8.8 ounces"", ""Best Sellers Rank"": {""Home & Kitchen"": 2317899, ""Christmas Tree Skirts"": 2934}, ""Date First Available"": ""August 15, 2020""}",B00XM0M1QQ,,,
,Theatre Vaudeville Circus Girl USA Vintage Advertising Retro Unframed Wall Art Print Poster Home Decor Premium,5,2,"['High-quality unframed art print on premium heavyweight paper.', 'Dimensions: 12 x 16 inches (30 x 40 cm).', 'All items are dispatched in strong and sturdy packaging to ensure safe delivery.', 'Another great gift idea from Wee Blue Coo. Made in Scotland.']",[],15.99,"{'hi_res': ['https://m.media-amazon.com/images/I/61vIjnnof7L._AC_SL1000_.jpg', 'https://m.media-amazon.com/images/I/81Cg+5fgRkL._AC_SL1500_.jpg', 'https://m.media-amazon.com/images/I/81C8tLD5GEL._AC_SL1500_.jpg', 'https://m.media-amazon.com/images/I/81gMavPnMHL._AC_SL1500_.jpg'], 'large': ['https://m.media-amazon.com/images/I/51K9onNoViL._AC_.jpg', 'https://m.media-amazon.com/images/I/519tk8xkRAL._AC_.jpg', 'https://m.media-amazon.com/images/I/51FzH63uOJL._AC_.jpg', 'https://m.media-amazon.com/images/I/51Cuw4O8kyL._AC_.jpg'], 'thumb': ['https://m.media-amazon.com/images/I/51K9onNoViL._AC_US75_.jpg', 'https://m.media-amazon.com/images/I/519tk8xkRAL._AC_US75_.jpg', 'https://m.media-amazon.com/images/I/51FzH63uOJL._AC_US75_.jpg', 'https://m.media-amazon.com/images/I/51Cuw4O8kyL._AC_US75_.jpg'], 'variant': ['MAIN', 'PT01', 'PT02', 'PT03']}","{'title': [], 'url': [], 'user_id': []}",Wee Blue Coo,"['Home & Kitchen', 'Wall Art', 'Posters & Prints']","{""Wall Art Form"": ""Art Print"", ""Material"": ""Paper"", ""Color"": ""Unframed Paper"", ""Style"": ""Retro"", ""Theme"": ""Circus,Retro,Vintage"", ""Product Dimensions"": ""7.28 x 12.01 x 0.39 inches"", ""Frame Type"": ""Unframed"", ""Number of Items"": ""1"", ""Brand"": ""Wee Blue Coo"", ""Shape"": ""Rectangular"", ""Item Weight"": ""1.23 ounces"", ""Orientation"": ""Portrait"", ""Frame Material"": ""Unframed"", ""Size"": ""12 x 16 Inch"", ""Mounting Type"": ""Wall Mount"", ""Manufacturer"": ""Wee Blue Coo"", ""Country of Origin"": ""United Kingdom"", ""Item model number"": ""UFUB2209PY_VC"", ""Is Discontinued By Manufacturer"": ""No"", ""Batteries required"": ""No""}",B07CHLML41,,,
Amazon Home,"Desperate Enterprises Hamm's Beer - Sky Blue Waters Tin Sign - Nostalgic Vintage Metal Wall Decor - Made in USA - 16"" W x 12.5"" H",4.9,136,"['Great Artwork From Our Collection', 'Artwork Comes With 4 Predrilled Holes Providing For Easy Wall Display', 'Dimensions: 16"" x 12.5""', 'Artwork is Paint On Metal']","['Great Artwork', 'The artwork features contains a great image from the collection.']",17.61,"{'hi_res': ['https://m.media-amazon.com/images/I/81kfHiiNaTL._AC_SL1350_.jpg', 'https://m.media-amazon.com/images/I/91pHf94BPIL._AC_SL1500_.jpg'], 'large': ['https://m.media-amazon.com/images/I/51Kgu4SEv5L._AC_.jpg', 'https://m.media-amazon.com/images/I/51Zu7LmUnfL._AC_.jpg'], 'thumb': ['https://m.media-amazon.com/images/I/51Kgu4SEv5L._AC_US75_.jpg', 'https://m.media-amazon.com/images/I/51Zu7LmUnfL._AC_US75_.jpg'], 'variant': ['MAIN', 'PT01']}","{'title': [], 'url': [], 'user_id': []}",Desperate Enterprises,"['Home & Kitchen', 'Home Décor Products', 'Home Décor Accents', 'Decorative Accessories', 'Decorative Signs & Plaques']","{""Product Dimensions"": ""12.5 x 16 x 0.01 inches"", ""Item Weight"": ""8 ounces"", ""Item model number"": ""2078"", ""Best Sellers Rank"": {""Home & Kitchen"": 1319346, ""Decorative Signs & Plaques"": 17812}, ""Is Discontinued By Manufacturer"": ""No"", ""Assembly required"": ""No"", ""Batteries required"": ""No"", ""Color"": ""Blue"", ""Brand"": ""Desperate Enterprises"", ""Material"": ""Metal"", ""Theme"": ""Beer,Sky,Vintage"", ""Mounting Type"": ""Wall Mount""}",B019J27MFU,,,
Amazon Home,MyGift 4.75 Inch Assorted Artificial Potted Succulent Plant Arrangement with Rustic Brown Square Wood Planter,4.6,27,[],[],None,"{'hi_res': ['https://m.media-amazon.com/images/I/71ZTYbvY8HL._AC_SL1500_.jpg', 'https://m.media-amazon.com/images/I/71cDPvme-DL._AC_SL1500_.jpg', 'https://m.media-amazon.com/images/I/71zD4njUn5L._AC_SL1500_.jpg', 'https://m.media-amazon.com/images/I/71xLfpDvlzL._AC_SL1500_.jpg', 'https://m.media-amazon.com/images/I/71ilfPDOF8L._AC_SL1500_.jpg', 'https://m.media-amazon.com/images/I/71Jxt8ic8NL._AC_SL1500_.jpg', 'https://m.media-amazon.com/images/I/71sLs0CoO+L._AC_SL1500_.jpg'], 'large': ['https://m.media-amazon.com/images/I/51WPHEOVrKL._AC_.jpg', 'https://m.media-amazon.com/images/I/41D0JyE9OyL._AC_.jpg', 'https://m.media-amazon.com/images/I/515F9WFS-3L._AC_.jpg', 'https://m.media-amazon.com/images/I/51R6IJzE3WL._AC_.jpg', 'https://m.media-amazon.com/images/I/51zpavKa0NL._AC_.jpg', 'https://m.media-amazon.com/images/I/41cpprSsf+L._AC_.jpg', 'https://m.media-amazon.com/images/I/516F6+E1eKL._AC_.jpg'], 'thumb': ['https://m.media-amazon.com/images/I/51WPHEOVrKL._AC_US75_.jpg', 'https://m.media-amazon.com/images/I/41D0JyE9OyL._AC_US75_.jpg', 'https://m.media-amazon.com/images/I/515F9WFS-3L._AC_US75_.jpg', 'https://m.media-amazon.com/images/I/51R6IJzE3WL._AC_US75_.jpg', 'https://m.media-amazon.com/images/I/51zpavKa0NL._AC_US75_.jpg', 'https://m.media-amazon.com/images/I/41cpprSsf+L._AC_US75_.jpg', 'https://m.media-amazon.com/images/I/516F6+E1eKL._AC_US75_.jpg'], 'variant': ['MAIN', 'PT01', 'PT02', 'PT03', 'PT04', 'PT05', 'PT06']}","{'title': [], 'url': [], 'user_id': []}",MyGift,"['Home & Kitchen', 'Home Décor Products', 'Artificial Plants & Flowers', 'Artificial Plants & Greenery']","{""Brand"": ""MyGift"", ""Plant or Animal Product Type"": ""Succulent"", ""Color"": ""Brown"", ""Product Dimensions"": ""4.75\""D x 4.75\""W x 4.25\""H"", ""Specific Uses For Product"": ""Office"", ""Package Information"": ""Planter, Box"", ""Occasion"": ""Weddings,Office"", ""Number of Items"": ""1"", ""Item Weight"": ""8.2 ounces"", ""Item Package Quantity"": ""1"", ""Unit Count"": ""1 Count"", ""Item model number"": ""DECO2426BRN"", ""Date First Available"": ""January 4, 2020""}",B00E4VEZ02,,,
Amazon Home,"Rolling Cart 3 Tier Adjustable, Storage Cart with Wheels Metal Storage Shelving Unit, Rolling Basket Cart with Wheels for Kitchen, Bar, Bathroom,",5,1,[],[],None,"{'hi_res': ['https://m.media-amazon.com/images/I/61EsXSxr1WL._AC_SL1100_.jpg', 'https://m.media-amazon.com/images/I/61sqUU8CPyL._AC_SL1100_.jpg', 'https://m.media-amazon.com/images/I/61HoQyOodhL._AC_SL1100_.jpg', 'https://m.media-amazon.com/images/I/61IccmIeHAL._AC_SL1100_.jpg', 'https://m.media-amazon.com/images/I/61ySuF5YdML._AC_SL1100_.jpg', 'https://m.media-amazon.com/images/I/61YRP19t2CL._AC_SL1100_.jpg', 'https://m.media-amazon.com/images/I/61a5fN8mq5L._AC_SL1100_.jpg', 'https://m.media-amazon.com/images/I/51+8hN8RjqL._AC_SL1100_.jpg', 'https://m.media-amazon.com/images/I/71LVDxdBlFL._AC_SL1100_.jpg'], 'large': ['https://m.media-amazon.com/images/I/51ltutqT9dL._AC_.jpg', 'https://m.media-amazon.com/images/I/41izV1XzknL._AC_.jpg', 'https://m.media-amazon.com/images/I/41D6F0QKXkL._AC_.jpg', 'https://m.media-amazon.com/images/I/41kzd83jtpL._AC_.jpg', 'https://m.media-amazon.com/images/I/412gT5jl+NL._AC_.jpg', 'https://m.media-amazon.com/images/I/51l386rvfxL._AC_.jpg', 'https://m.media-amazon.com/images/I/51O-3aSrX6L._AC_.jpg', 'https://m.media-amazon.com/images/I/41Y1fvTvLCL._AC_.jpg', 'https://m.media-amazon.com/images/I/51zpPa69+aL._AC_.jpg'], 'thumb': ['https://m.media-amazon.com/images/I/51ltutqT9dL._AC_US75_.jpg', 'https://m.media-amazon.com/images/I/41izV1XzknL._AC_US75_.jpg', 'https://m.media-amazon.com/images/I/41D6F0QKXkL._AC_US75_.jpg', 'https://m.media-amazon.com/images/I/41kzd83jtpL._AC_US75_.jpg', 'https://m.media-amazon.com/images/I/412gT5jl+NL._AC_US75_.jpg', 'https://m.media-amazon.com/images/I/51l386rvfxL._AC_US75_.jpg', 'https://m.media-amazon.com/images/I/51O-3aSrX6L._AC_US75_.jpg', 'https://m.media-amazon.com/images/I/41Y1fvTvLCL._AC_US75_.jpg', 'https://m.media-amazon.com/images/I/51zpPa69+aL._AC_US75_.jpg'], 'variant': ['MAIN', 'PT01', 'PT02', 'PT03', 'PT04', 'PT05', 'PT06', 'PT07', 'PT08']}","{'title': [], 'url': [], 'user_id': []}",Diolin,"['Home & Kitchen', 'Furniture', 'Game & Recreation Room Furniture', 'Home Bar Furniture', 'Bar & Serving Carts']","{""Brand"": ""Diolin"", ""Material"": ""Alloy Steel, Metal, Rubber"", ""Number of Shelves"": ""3"", ""Target Audience"": ""Unisex Adult"", ""Number of Wheels"": ""4"", ""Assembly Required"": ""Yes"", ""Caster Type"": ""Swivel"", ""Frame Material"": ""Metal"", ""Package Dimensions"": ""40 x 17.5 x 5 inches"", ""Item Weight"": ""14.67 pounds"", ""Best Sellers Rank"": {""Home & Kitchen"": 2548471, ""Home Bar & Serving Carts"": 577}, ""Date First Available"": ""September 21, 2021""}",B06WP7BZYS,,,